Date,Symbol,Series,Prev Close,Open,High,Low,Last,Close,VWAP,Volume,Turnover,Trades,Deliverable Volume,%Deliverble
03-01-2000,M&M,EQ,419.75,453.3,453.35,448.9,453.35,453.35,453.18,67195,3.04517E+12,,,
04-01-2000,M&M,EQ,453.35,489.6,489.65,489.6,489.65,489.65,489.65,37470,1.83471E+12,,,
05-01-2000,M&M,EQ,489.65,528.85,528.85,451.15,519,514.85,521.37,227621,1.18675E+13,,,
06-01-2000,M&M,EQ,514.85,528,550,518,521,524.55,538.27,198870,1.07046E+13,,,
07-01-2000,M&M,EQ,524.55,515,522,490,498.9,496.4,508.09,91052,4.62626E+12,,,
10-01-2000,M&M,EQ,496.4,509.9,535,491.7,495,497.2,509.86,83454,4.25501E+12,,,
11-01-2000,M&M,EQ,497.2,514,537,510.1,537,532.8,527.14,250382,1.31986E+13,,,
12-01-2000,M&M,EQ,532.8,540,550,490.2,490.2,490.25,515.33,136009,7.00898E+12,,,
13-01-2000,M&M,EQ,490.25,516,520,465.5,502.5,499,500.01,85954,4.29776E+12,,,
14-01-2000,M&M,EQ,499,500,525,490.1,519,519,510.06,79448,4.05236E+12,,,
17-01-2000,M&M,EQ,519,538,560.55,538,560.55,560.55,554.58,163004,9.03988E+12,,,
18-01-2000,M&M,EQ,560.55,570,595.95,550.25,590,573.95,567.55,293023,1.66305E+13,,,
19-01-2000,M&M,EQ,573.95,601,619.9,572,590,599.2,604.94,327481,1.98108E+13,,,
20-01-2000,M&M,EQ,599.2,597.95,597.95,566,575.75,572.35,579.85,107183,6.21503E+12,,,
21-01-2000,M&M,EQ,572.35,585,585,544,550,550,555.65,91545,5.08668E+12,,,
24-01-2000,M&M,EQ,550,539.1,549.9,511.25,516,514.7,529.17,45765,2.42175E+12,,,
25-01-2000,M&M,EQ,514.7,516,519.75,491.2,510,507.25,505.87,91169,4.61195E+12,,,
27-01-2000,M&M,EQ,507.25,540,540,475,502,499.3,505.17,92630,4.67938E+12,,,
28-01-2000,M&M,EQ,499.3,508,519.9,500,511,511.1,507.13,56869,2.88402E+12,,,
31-01-2000,M&M,EQ,511.1,507,517.5,500,506,507.75,509.54,39681,2.02191E+12,,,
01-02-2000,M&M,EQ,507.75,509,513.75,475,490,481.95,493.68,134808,6.65524E+12,,,
02-02-2000,M&M,EQ,481.95,500,520.55,498,520.55,520.55,515.8,89805,4.63214E+12,,,
03-02-2000,M&M,EQ,520.55,540,558.7,515.05,520,519.2,529.31,52038,2.75444E+12,,,
04-02-2000,M&M,EQ,519.2,516,522.9,501,507.25,509.2,512.06,31704,1.62343E+12,,,
07-02-2000,M&M,EQ,509.2,497,512.9,497,509,505.85,507.48,29028,1.47312E+12,,,
08-02-2000,M&M,EQ,505.85,514.9,546.35,514.9,546.35,546.35,532.57,121487,6.47001E+12,,,
09-02-2000,M&M,EQ,546.35,580,589,520,526.1,529.2,542.49,139867,7.58759E+12,,,
10-02-2000,M&M,EQ,529.2,535.25,571.55,535.25,571.55,571.25,567.65,383118,2.17479E+13,,,
11-02-2000,M&M,EQ,571.25,589,616.95,589,616.95,616.95,612.31,377618,2.31219E+13,,,
14-02-2000,M&M,EQ,616.95,659.5,664,620,645.25,653.8,650.22,424416,2.75962E+13,,,
15-02-2000,M&M,EQ,653.8,625,627.95,601.5,601.5,601.5,609.13,56309,3.42996E+12,,,
16-02-2000,M&M,EQ,601.5,609,610,553.4,553.4,553.4,559.29,18410,1.02964E+12,,,
17-02-2000,M&M,EQ,553.4,510.25,558.9,509.15,529.4,529.45,531.44,147757,7.85243E+12,,,
18-02-2000,M&M,EQ,529.45,525,538.5,490.2,500,496,510.45,217637,1.11093E+13,,,
21-02-2000,M&M,EQ,496,505,515,492,506,507.8,502.9,123665,6.2191E+12,,,
22-02-2000,M&M,EQ,507.8,491.25,520,491.25,514,515.4,507.46,252087,1.27925E+13,,,
23-02-2000,M&M,EQ,515.4,524,555,513,519,514.75,520.31,74152,3.85819E+12,,,
24-02-2000,M&M,EQ,514.75,525,554.8,504,517,513.8,527.05,158775,8.36822E+12,,,
25-02-2000,M&M,EQ,513.8,534,534,490,496,496.15,499.05,28254,1.41001E+12,,,
28-02-2000,M&M,EQ,496.15,490,513,476,507.05,510.25,497.5,62070,3.08797E+12,,,
29-02-2000,M&M,EQ,510.25,503,511.95,475,480,482.15,495.05,105911,5.24317E+12,,,
01-03-2000,M&M,EQ,482.15,490,490,444,461.95,460.45,465.49,86010,4.00366E+12,,,
02-03-2000,M&M,EQ,460.45,470,470.1,423.65,423.65,423.7,431.58,118070,5.0957E+12,,,
03-03-2000,M&M,EQ,423.7,390,399.9,389.95,395.5,391.35,392.85,144260,5.66728E+12,,,
06-03-2000,M&M,EQ,391.35,397.95,408.25,381.5,403.85,402.45,403.43,54213,2.1871E+12,,,
07-03-2000,M&M,EQ,402.45,393,395,370.25,370.25,370.3,374.13,37027,1.3853E+12,,,
08-03-2000,M&M,EQ,370.3,367.1,397,345,352,350.05,373.19,48887,1.82442E+12,,,
09-03-2000,M&M,EQ,350.05,353,353,322.05,322.05,322.05,324.85,57892,1.88062E+12,,,
10-03-2000,M&M,EQ,322.05,329,347.85,320,347.85,347.85,341.68,84915,2.90138E+12,,,
13-03-2000,M&M,EQ,347.85,353.7,375.7,345,375.7,375.7,369.04,67187,2.47946E+12,,,
14-03-2000,M&M,EQ,375.7,398.7,400.5,375,375,387.4,390.09,143127,5.58324E+12,,,
15-03-2000,M&M,EQ,387.4,384.9,384.9,356.45,356.45,356.45,358.76,16755,6.01109E+11,,,
16-03-2000,M&M,EQ,356.45,335,350,327.95,327.95,327.95,337.27,80436,2.71283E+12,,,
21-03-2000,M&M,EQ,327.95,328,354.2,323,354.2,350.45,351.76,74529,2.62164E+12,,,
22-03-2000,M&M,EQ,350.45,357,378.5,355,373.5,369.2,369.91,211467,7.82236E+12,,,
23-03-2000,M&M,EQ,369.2,380,382,339.7,339.7,339.7,355.21,27793,9.87242E+11,,,
24-03-2000,M&M,EQ,339.7,327.1,335,316,334.9,330.25,326.73,72299,2.36219E+12,,,
27-03-2000,M&M,EQ,330.25,335,352.95,335,340,339.65,343.29,83845,2.87829E+12,,,
28-03-2000,M&M,EQ,339.65,356.5,365,344.5,350,348.9,351.99,87565,3.08223E+12,,,
29-03-2000,M&M,EQ,348.9,358.5,370.5,348,350.5,351.45,357.77,151834,5.43213E+12,,,
30-03-2000,M&M,EQ,351.45,341.1,341.1,323.35,327.75,325.65,325.75,96674,3.14913E+12,,,
31-03-2000,M&M,EQ,325.65,324,324.95,308.5,321,317.85,315.11,164694,5.18963E+12,,,
03-04-2000,M&M,EQ,317.85,319,329,292.45,292.45,292.7,312.19,75503,2.35716E+12,,,
04-04-2000,M&M,EQ,292.7,271,305,269.3,296.3,296.7,285.39,201547,5.75192E+12,,,
05-04-2000,M&M,EQ,296.7,302,320.4,292.1,320.4,315.5,309.7,251775,7.7974E+12,,,
06-04-2000,M&M,EQ,315.5,320,324,297,316,314.4,305.41,207445,6.3355E+12,,,
07-04-2000,M&M,EQ,314.4,319,339.55,319,339.55,339.55,330.55,160458,5.30391E+12,,,
10-04-2000,M&M,EQ,339.55,340,364.95,340,355.6,355.15,355.39,207932,7.38979E+12,,,
11-04-2000,M&M,EQ,355.15,350,351,331.15,348,348.45,345.08,55588,1.91823E+12,,,
12-04-2000,M&M,EQ,348.45,345,345,321,325,322.85,329.24,83549,2.75073E+12,,,
13-04-2000,M&M,EQ,322.85,311,314.25,303,307.6,308.05,308.16,78098,2.40667E+12,,,
17-04-2000,M&M,EQ,308.05,295.25,295.25,283.45,283.65,283.8,283.94,142306,4.04069E+12,,,
18-04-2000,M&M,EQ,283.8,290,294.95,275.2,283,280,283.28,108874,3.08417E+12,,,
19-04-2000,M&M,EQ,280,289,296.6,280,285.1,283.75,285.72,55738,1.59255E+12,,,
20-04-2000,M&M,EQ,283.75,279,290,266,282,282.25,277.26,64949,1.80079E+12,,,
24-04-2000,M&M,EQ,282.25,271.5,284.5,271.5,279.8,280.2,279.05,24294,6.77915E+11,,,
25-04-2000,M&M,EQ,280.2,273,302.35,267.25,300,293.55,280.45,70822,1.98624E+12,,,
26-04-2000,M&M,EQ,293.55,311,311,294.5,308,308.45,303.76,52670,1.59992E+12,,,
27-04-2000,M&M,EQ,308.45,315,317,283.8,283.8,283.8,289.58,44511,1.28895E+12,,,
28-04-2000,M&M,EQ,283.8,283,283,261.1,272,269,269.26,72450,1.95081E+12,,,
02-05-2000,M&M,EQ,269,269,272,251,269.05,267.35,264.23,82184,2.17154E+12,,,
03-05-2000,M&M,EQ,267.35,260,275,256.1,267,266.8,265.51,32704,8.68335E+11,,,
04-05-2000,M&M,EQ,266.8,266,277,265,271,270,270.79,426418,1.15469E+13,,,
05-05-2000,M&M,EQ,270,275,302.4,272,299,298.75,292.44,436455,1.27635E+13,,,
08-05-2000,M&M,EQ,298.75,305,312,278,280,281.5,287.76,86697,2.49483E+12,,,
09-05-2000,M&M,EQ,281.5,273.5,275.9,264,275.25,272.8,270.97,98624,2.67241E+12,,,
10-05-2000,M&M,EQ,272.8,279.9,279.9,260,264,261.8,265.69,104533,2.77733E+12,,,
11-05-2000,M&M,EQ,261.8,252,257.95,230.4,230.4,230.4,239.8,150820,3.61673E+12,,,
12-05-2000,M&M,EQ,230.4,228,230,202.75,203.6,204.5,209.82,257413,5.40107E+12,,,
15-05-2000,M&M,EQ,204.5,200.1,217,193,216,215.15,208.68,160437,3.34802E+12,,,
16-05-2000,M&M,EQ,215.15,219.5,219.95,209.05,212.15,212.95,212.36,121289,2.5757E+12,,,
17-05-2000,M&M,EQ,212.95,218,227.4,210,212.25,212.9,218.8,76418,1.67204E+12,,,
18-05-2000,M&M,EQ,212.9,206,211.5,206,211.4,209.85,209.57,25262,5.2941E+11,,,
19-05-2000,M&M,EQ,209.85,208,209.4,203.3,206.25,205.45,205.58,45389,9.33106E+11,,,
22-05-2000,M&M,EQ,205.45,200.3,204.5,199,201.9,200.55,201.38,29627,5.96634E+11,,,
23-05-2000,M&M,EQ,200.55,197,200.9,186,188,187.3,191.84,81381,1.56123E+12,,,
24-05-2000,M&M,EQ,187.3,184.95,199,181.15,196,196.05,192.76,96235,1.85502E+12,,,
25-05-2000,M&M,EQ,196.05,200,219.6,200,219.6,219.6,212.22,166745,3.5387E+12,,,
26-05-2000,M&M,EQ,219.6,219,225,197.95,207.9,210.8,209.21,267537,5.59714E+12,,,
29-05-2000,M&M,EQ,210.8,209.9,218,209,214,214.15,213.52,91949,1.96332E+12,,,
30-05-2000,M&M,EQ,214.15,217,231.15,217,229,229.3,224.51,133460,2.99626E+12,,,
31-05-2000,M&M,EQ,229.3,239,256.75,235,250,248.9,247.68,161972,4.01169E+12,,,
01-06-2000,M&M,EQ,248.9,240.1,240.1,219.05,219.05,219.05,226.26,230846,5.22317E+12,,,
02-06-2000,M&M,EQ,219.05,220,226.8,205,216,212.7,214.92,330836,7.11025E+12,,,
05-06-2000,M&M,EQ,212.7,217.05,229.75,208,211,210.1,221,347324,7.67592E+12,,,
06-06-2000,M&M,EQ,210.1,214,214.4,207.1,213.45,212.55,212.04,220838,4.68272E+12,,,
07-06-2000,M&M,EQ,212.55,216.95,220.8,213,216,215.3,216.61,166302,3.60225E+12,,,
08-06-2000,M&M,EQ,215.3,216.9,221,214,214,215.75,217.65,297102,6.46641E+12,,,
09-06-2000,M&M,EQ,215.75,217,220.9,212.55,216.4,214.95,216.49,346445,7.50019E+12,,,
12-06-2000,M&M,EQ,214.95,218.8,225,216,218,217.1,220.96,397233,8.77735E+12,,,
13-06-2000,M&M,EQ,217.1,215.15,223,215.15,222.5,221.1,220.32,265742,5.85487E+12,,,
14-06-2000,M&M,EQ,221.1,226.5,235,220,228.95,228.3,229.1,636110,1.45732E+13,,,
15-06-2000,M&M,EQ,228.3,228.9,232.75,222.1,223,224.2,227.86,290784,6.62577E+12,,,
16-06-2000,M&M,EQ,224.2,224.95,230,221.5,229.9,228.95,226.69,405613,9.19502E+12,,,
19-06-2000,M&M,EQ,228.95,228,231.9,224,225,225.35,227.76,323746,7.37354E+12,,,
20-06-2000,M&M,EQ,225.35,229.95,229.95,219.5,221,221.15,222.17,315210,7.00306E+12,,,
21-06-2000,M&M,EQ,221.15,225,227.5,220,221,220.6,223.66,309012,6.91148E+12,,,
22-06-2000,M&M,EQ,220.6,224.75,224.75,216,220.5,220.95,219.45,179936,3.94873E+12,,,
23-06-2000,M&M,EQ,220.95,219.1,221,212,215,213.35,216.39,204066,4.41587E+12,,,
26-06-2000,M&M,EQ,213.35,210.2,215,210,213.9,213.35,213.16,118057,2.51652E+12,,,
27-06-2000,M&M,EQ,213.35,214,215.7,208.25,209.05,209.6,211.84,260212,5.51228E+12,,,
28-06-2000,M&M,EQ,209.6,213.9,215,211,214.95,214.5,213.57,125702,2.68457E+12,,,
29-06-2000,M&M,EQ,214.5,215,222,214.1,215.5,215.05,217.48,196453,4.27244E+12,,,
30-06-2000,M&M,EQ,215.05,214,217.5,211.05,213,212.05,214.04,171764,3.67647E+12,,,
03-07-2000,M&M,EQ,212.05,213.9,217,213.25,214.75,214.85,215.32,205798,4.4313E+12,,,
04-07-2000,M&M,EQ,214.85,215.85,232.05,214,227,228.15,222.96,596891,1.33083E+13,,,
05-07-2000,M&M,EQ,228.15,234.9,234.9,225,225,226.25,230.53,449429,1.03607E+13,,,
06-07-2000,M&M,EQ,226.25,222.5,228,222,224.7,224.95,224.93,134363,3.02216E+12,,,
07-07-2000,M&M,EQ,224.95,225.25,226.5,223.75,225.25,225.05,225,173688,3.90799E+12,,,
10-07-2000,M&M,EQ,225.05,224.5,231.8,224.5,226.75,226.65,228.62,175782,4.0188E+12,,,
11-07-2000,M&M,EQ,226.65,227,227.75,223.05,225.1,224.35,225.02,94565,2.12789E+12,,,
12-07-2000,M&M,EQ,224.35,227,229.9,225.8,226,226.6,227.46,240054,5.46035E+12,,,
13-07-2000,M&M,EQ,226.6,228.05,229.5,215.25,218.9,219.95,224.86,190838,4.29118E+12,,,
14-07-2000,M&M,EQ,219.95,220,223.75,217,218,217.8,219.26,135357,2.96785E+12,,,
17-07-2000,M&M,EQ,217.8,217.05,218.75,209,211,210.75,211.69,330828,7.00321E+12,,,
18-07-2000,M&M,EQ,210.75,210,217.8,210,212.5,212.4,212.92,351134,7.47618E+12,,,
19-07-2000,M&M,EQ,212.4,214.8,217.8,207.5,209,208.7,212.25,343835,7.29776E+12,,,
20-07-2000,M&M,EQ,208.7,205.5,210.8,205,207.5,207.1,207.28,147337,3.05396E+12,,,
21-07-2000,M&M,EQ,207.1,209.8,210,200.55,201.05,202.35,204.85,157941,3.23543E+12,,,
24-07-2000,M&M,EQ,202.35,196,196,170,171.35,171.1,178.74,414678,7.41202E+12,,,
25-07-2000,M&M,EQ,171.1,172,194,159,183.2,181.9,179.86,512465,9.21699E+12,,,
26-07-2000,M&M,EQ,181.9,186.5,189,182.6,184.1,183.85,185.78,175525,3.26086E+12,,,
27-07-2000,M&M,EQ,183.85,189,209,187,207.4,205.3,199.15,609189,1.21323E+13,,,
28-07-2000,M&M,EQ,205.3,197.1,213,197.1,207,206.65,206.65,288716,5.96644E+12,,,
31-07-2000,M&M,EQ,206.65,203.1,204.9,193.5,196.95,195.9,197.74,161686,3.19722E+12,,,
01-08-2000,M&M,EQ,195.9,191,198,173.1,179.5,178,185.06,435278,8.05542E+12,,,
02-08-2000,M&M,EQ,178,177,184,174.6,182.5,181.5,179.53,294886,5.29418E+12,,,
03-08-2000,M&M,EQ,181.5,181.9,182,174.6,176.45,175.35,177.04,305262,5.40441E+12,,,
04-08-2000,M&M,EQ,175.35,176.8,177.5,168.5,169.9,169.75,171.57,217312,3.72842E+12,,,
07-08-2000,M&M,EQ,169.75,169.8,174.5,169.8,173.8,173.75,172.55,202062,3.48649E+12,,,
08-08-2000,M&M,EQ,173.75,174,187.65,174,182.3,182.65,179.75,353363,6.35179E+12,,,
09-08-2000,M&M,EQ,182.65,183,185.9,180.35,183,181.25,182.15,136392,2.48441E+12,,,
10-08-2000,M&M,EQ,181.25,182,182.35,179.6,179.8,179.75,180.11,184729,3.32718E+12,,,
11-08-2000,M&M,EQ,179.75,177,178.8,170.15,173.55,173.25,174.3,215254,3.75177E+12,,,
14-08-2000,M&M,EQ,173.25,170.5,174.8,170.5,174.1,173.45,173.08,104094,1.80166E+12,,,
16-08-2000,M&M,EQ,173.45,177,184.75,175.6,181.1,181.8,180.45,128492,2.31862E+12,,,
17-08-2000,M&M,EQ,181.8,181,210.5,176.3,200.1,201.3,195.7,765416,1.49791E+13,,,
18-08-2000,M&M,EQ,201.3,204,206,190,198,197.7,194.23,273459,5.31136E+12,,,
21-08-2000,M&M,EQ,197.7,199.95,203.4,198.1,199.8,199.35,200.5,134801,2.7027E+12,,,
22-08-2000,M&M,EQ,199.35,200,202.85,197.2,202.45,202.2,201.63,152003,3.0649E+12,,,
23-08-2000,M&M,EQ,202.2,205,205,199.25,200.05,200.05,201.69,140428,2.83225E+12,,,
24-08-2000,M&M,EQ,200.05,203,203,195.2,198.25,198.25,196.94,52844,1.04072E+12,,,
25-08-2000,M&M,EQ,198.25,195.3,200,195.3,198.65,198.75,198.23,50469,1.00045E+12,,,
28-08-2000,M&M,EQ,198.75,197,204.55,196,200,200.15,201.14,120143,2.4165E+12,,,
29-08-2000,M&M,EQ,200.15,204.5,204.5,188.65,190,190.3,192.62,232072,4.47017E+12,,,
30-08-2000,M&M,EQ,190.3,192,193,182,186,185.65,188.05,227748,4.28288E+12,,,
31-08-2000,M&M,EQ,185.65,189.9,190,183,185.5,184.3,186.64,271725,5.07156E+12,,,
04-09-2000,M&M,EQ,184.3,187.5,193,186,186.75,187.8,188.87,380987,7.19583E+12,,,
05-09-2000,M&M,EQ,187.8,190,200,188,195.55,195.75,195.66,388090,7.59344E+12,,,
06-09-2000,M&M,EQ,195.75,200,207.9,199,202.75,202.7,203.86,532860,1.08629E+13,,,
07-09-2000,M&M,EQ,202.7,202,206.8,200,200.1,200.2,203.13,209174,4.2489E+12,,,
08-09-2000,M&M,EQ,200.2,202,205,199.8,200.6,201.15,202.76,282898,5.73593E+12,,,
11-09-2000,M&M,EQ,201.15,202.5,218.8,202.5,209.5,210.35,211.98,745998,1.58137E+13,,,
12-09-2000,M&M,EQ,210.35,209,212.95,207,210.85,211.1,210.01,330393,6.93846E+12,,,
13-09-2000,M&M,EQ,211.1,212.9,212.9,198,201.7,200.8,205.26,313427,6.4335E+12,,,
14-09-2000,M&M,EQ,200.8,202,204.5,199,202,202.25,201.97,119084,2.40516E+12,,,
15-09-2000,M&M,EQ,202.25,202,202.6,195,195.7,195.85,197.52,172258,3.40238E+12,,,
18-09-2000,M&M,EQ,195.85,195,195,189.1,192.95,191.55,192.43,112302,2.16108E+12,,,
19-09-2000,M&M,EQ,191.55,190.1,192.9,180,186.75,186.55,187.75,241000,4.52467E+12,,,
20-09-2000,M&M,EQ,186.55,193.9,193.9,187,191.9,191.9,189.84,94536,1.79466E+12,,,
21-09-2000,M&M,EQ,191.9,190,192.45,189,189.8,189.85,190.39,123990,2.36066E+12,,,
22-09-2000,M&M,EQ,189.85,186.1,189.9,181,182.9,182.6,183.28,147474,2.70294E+12,,,
25-09-2000,M&M,EQ,182.6,186,189,184.2,187.5,186.95,186.14,85801,1.59711E+12,,,
26-09-2000,M&M,EQ,186.95,187.5,187.5,183,185.65,185.7,185.09,107987,1.9987E+12,,,
27-09-2000,M&M,EQ,185.7,186,186.95,182.1,186.45,185.85,184.44,58930,1.08693E+12,,,
28-09-2000,M&M,EQ,185.85,185.85,188,184,185.7,185.8,185.57,23809,4.41818E+11,,,
29-09-2000,M&M,EQ,185.8,186.9,186.9,182.2,185,185.2,184.33,46640,8.59716E+11,,,
03-10-2000,M&M,EQ,185.2,180.25,189.5,180.25,186.1,185.65,186.12,91726,1.70722E+12,,,
04-10-2000,M&M,EQ,185.65,185.3,190,185.3,187.1,187.9,188.29,46754,8.80313E+11,,,
05-10-2000,M&M,EQ,187.9,187.5,188.75,177.3,179,179.55,182.63,140010,2.55704E+12,,,
06-10-2000,M&M,EQ,179.55,178.5,181,171,175.5,175.1,174.7,235244,4.10982E+12,,,
09-10-2000,M&M,EQ,175.1,176,176,164.8,166,166,169.57,212460,3.60278E+12,,,
10-10-2000,M&M,EQ,166,165.5,167.95,159.05,162,161.9,162,214744,3.47877E+12,,,
11-10-2000,M&M,EQ,161.9,160,164.5,159,161.25,160.1,161.14,185489,2.98896E+12,,,
12-10-2000,M&M,EQ,160.1,160,162.9,158,161.3,160.8,160.94,151678,2.44103E+12,,,
13-10-2000,M&M,EQ,160.8,158,159.4,153.3,161.3,154.5,155.94,173513,2.7058E+12,,,
16-10-2000,M&M,EQ,154.5,160.9,166.5,151,152,153.2,157.98,178580,2.82119E+12,,,
17-10-2000,M&M,EQ,153.2,151,152,146.5,148,147.75,148.3,261962,3.8848E+12,,,
18-10-2000,M&M,EQ,147.75,147.75,148.75,144.1,146,146.7,146.72,149523,2.1938E+12,,,
19-10-2000,M&M,EQ,146.7,143,146.9,142.05,146.4,145.9,145.52,218567,3.18053E+12,,,
20-10-2000,M&M,EQ,145.9,149.9,152.5,145.25,146.7,145.6,147.65,254551,3.75837E+12,,,
23-10-2000,M&M,EQ,145.6,146,146,134.5,134.8,135.55,140.23,155788,2.18465E+12,,,
24-10-2000,M&M,EQ,135.55,133,137.3,133,134.5,134.85,135.22,216059,2.92155E+12,,,
25-10-2000,M&M,EQ,134.85,136,145,135.5,141.2,140.85,141.01,312927,4.41251E+12,,,
26-10-2000,M&M,EQ,140.85,135.5,135.5,128,131,130.3,130.8,241280,3.15597E+12,,,
27-10-2000,M&M,EQ,130.3,131,134.05,129.9,134.05,132.55,131.75,164487,2.16704E+12,,,
30-10-2000,M&M,EQ,132.55,133,133.5,130.1,131.2,131.05,131.46,61726,8.11419E+11,,,
31-10-2000,M&M,EQ,131.05,131.1,131.85,126.15,128,128.95,129.13,255471,3.29881E+12,,,
01-11-2000,M&M,EQ,128.95,130,135,129,133.5,133.6,132.22,355163,4.69605E+12,,,
02-11-2000,M&M,EQ,133.6,134.5,139.9,132.15,136.65,137.05,136.81,386073,5.28171E+12,,,
03-11-2000,M&M,EQ,137.05,138.85,148.05,137.5,144,144.2,143.51,792055,1.13666E+13,,,
06-11-2000,M&M,EQ,144.2,145.2,150.95,143.1,146.45,145.95,147.46,597719,8.8137E+12,,,
07-11-2000,M&M,EQ,145.95,146.5,147.5,141.05,144.25,144.6,144.78,232204,3.36187E+12,,,
08-11-2000,M&M,EQ,144.6,146,151.4,144,145.7,145.05,147.48,414086,6.10677E+12,,,
09-11-2000,M&M,EQ,145.05,149,155,142,145.8,145.4,144.68,183435,2.65394E+12,,,
10-11-2000,M&M,EQ,145.4,144.75,144.75,140.05,141.15,140.65,142.18,173541,2.46746E+12,,,
13-11-2000,M&M,EQ,140.65,137.05,140.7,135.05,137.65,137.85,138.2,133636,1.84688E+12,,,
14-11-2000,M&M,EQ,137.85,138.25,142,137.15,140.5,140.05,139.84,249237,3.48532E+12,,,
15-11-2000,M&M,EQ,140.05,144,144.9,140.9,141,141.2,142.74,223890,3.1959E+12,,,
16-11-2000,M&M,EQ,141.2,141.9,145.5,141.45,141.95,142.1,143.39,143222,2.05364E+12,,,
17-11-2000,M&M,EQ,142.1,142.5,142.5,139.55,141.45,141.9,141.84,121899,1.72898E+12,,,
20-11-2000,M&M,EQ,141.9,142.5,144.85,141.45,143,143.15,143.53,221809,3.18357E+12,,,
21-11-2000,M&M,EQ,143.15,143,154.1,141,145.6,145.95,146.5,473867,6.94206E+12,,,
22-11-2000,M&M,EQ,145.95,147.9,148,143,143.05,143.4,145.23,213766,3.10453E+12,,,
23-11-2000,M&M,EQ,143.4,142,145.75,141.25,144.1,143.85,143.73,161353,2.31906E+12,,,
24-11-2000,M&M,EQ,143.85,143.1,146.65,143.1,144.95,144.35,145.14,296102,4.2976E+12,,,
27-11-2000,M&M,EQ,144.35,146,151,144,150,149.3,148.33,574679,8.52439E+12,,,
28-11-2000,M&M,EQ,149.3,150,156.85,149.6,154,154.45,153.8,599519,9.22035E+12,,,
29-11-2000,M&M,EQ,154.45,153,154.7,146,146.9,146.95,150.55,666176,1.00294E+13,,,
30-11-2000,M&M,EQ,146.95,149,150,145.65,146,146.2,147.3,350784,5.16703E+12,,,
01-12-2000,M&M,EQ,146.2,145.05,146.5,142.05,142.9,142.6,143.89,502220,7.22667E+12,,,
04-12-2000,M&M,EQ,142.6,143.6,148.9,143.45,147,146.7,146.85,480497,7.05586E+12,,,
05-12-2000,M&M,EQ,146.7,147.75,151.05,147,149.5,149.05,148.93,638412,9.5077E+12,,,
06-12-2000,M&M,EQ,149.05,154,155,150,152.3,151.85,152.79,735678,1.12403E+13,,,
07-12-2000,M&M,EQ,151.85,151.2,157.5,151,155,156.5,155.27,1185944,1.84144E+13,,,
08-12-2000,M&M,EQ,156.5,156.35,162.9,155.6,159.85,158.9,159.67,2133810,3.40713E+13,,,
11-12-2000,M&M,EQ,158.9,160.95,165.7,160,163.05,163.1,163.31,1346522,2.19894E+13,,,
12-12-2000,M&M,EQ,163.1,163,165.1,159.45,159.6,159.85,161.65,675024,1.09114E+13,,,
13-12-2000,M&M,EQ,159.85,163,163.9,160.3,162.6,162,162.33,543591,8.82392E+12,,,
14-12-2000,M&M,EQ,162,163.9,175,163.9,168.5,168.1,170.26,2065437,3.51668E+13,,,
15-12-2000,M&M,EQ,168.1,167,170.5,160.9,162.35,162,165.09,1764762,2.91344E+13,,,
18-12-2000,M&M,EQ,162,160.25,164.4,156,163.5,163.65,162.31,826385,1.34132E+13,,,
19-12-2000,M&M,EQ,163.65,164,167,160.25,161.25,161.1,163.1,1071082,1.74697E+13,,,
20-12-2000,M&M,EQ,161.1,161.95,161.95,158.05,159.85,160,160.24,446297,7.15151E+12,,,
21-12-2000,M&M,EQ,160,158,158.8,153.25,154.8,155,156.19,372016,5.8107E+12,,,
22-12-2000,M&M,EQ,155,155.5,157.5,142.6,143.5,143.8,148.52,1026265,1.52425E+13,,,
26-12-2000,M&M,EQ,143.8,145.4,146,138.1,140,139.7,141.49,776635,1.0989E+13,,,
27-12-2000,M&M,EQ,139.7,142.25,145.35,140.1,144.85,143.7,143.21,371589,5.3216E+12,,,
28-12-2000,M&M,EQ,143.7,146,147.65,144.55,146.6,146.15,146.19,318274,4.65269E+12,,,
29-12-2000,M&M,EQ,146.15,148,149.45,146.2,149,148.55,147.92,521724,7.71741E+12,,,
01-01-2001,M&M,EQ,148.55,149.9,153,148.7,151.5,150.8,151.64,637839,9.67221E+12,,,
02-01-2001,M&M,EQ,150.8,152,154.9,151.25,154,153.65,152.76,467840,7.14681E+12,,,
03-01-2001,M&M,EQ,153.65,154,160.5,154,158.25,158.25,158.28,1166245,1.84597E+13,,,
04-01-2001,M&M,EQ,158.25,159.85,164,153,154.15,154.05,157.39,786915,1.23855E+13,,,
05-01-2001,M&M,EQ,154.05,155,155.45,152.45,154.4,153.9,153.78,420781,6.47078E+12,,,
08-01-2001,M&M,EQ,153.9,153.25,156.4,152.1,153.05,152.9,154.77,526093,8.14258E+12,,,
09-01-2001,M&M,EQ,152.9,152.1,153.9,149.65,150.6,150.3,151.45,642706,9.73393E+12,,,
10-01-2001,M&M,EQ,150.3,152.5,152.95,148.35,149.45,149.15,150.79,283842,4.27999E+12,,,
11-01-2001,M&M,EQ,149.15,149.5,150.5,146.3,147.2,147.3,148.27,224665,3.33112E+12,,,
12-01-2001,M&M,EQ,147.3,148,149.2,145,145.6,145.8,147.15,513200,7.55154E+12,,,
15-01-2001,M&M,EQ,145.8,146.95,146.95,143.7,145.3,145.4,145.42,218208,3.17319E+12,,,
16-01-2001,M&M,EQ,145.4,145.6,148.45,145.05,146.3,145.9,146.62,512341,7.51181E+12,,,
17-01-2001,M&M,EQ,145.9,147.1,148.45,146.25,147,146.7,147.49,228792,3.37436E+12,,,
18-01-2001,M&M,EQ,146.7,146.35,147.35,145.7,146.75,146.45,146.36,144546,2.11553E+12,,,
19-01-2001,M&M,EQ,146.45,147.45,151.7,146.5,151.25,150.25,149.61,843589,1.26212E+13,,,
22-01-2001,M&M,EQ,150.25,152,157.9,152,155.25,155,155.34,1032428,1.6038E+13,,,
23-01-2001,M&M,EQ,155,155.9,156.4,153.05,154,153.5,154.48,545879,8.43282E+12,,,
24-01-2001,M&M,EQ,153.5,155,159.85,153.2,156.75,156.4,156.94,1424306,2.23528E+13,,,
25-01-2001,M&M,EQ,156.4,157.9,160.35,154.75,158.6,158.75,158.37,1567448,2.48239E+13,,,
29-01-2001,M&M,EQ,158.75,156.1,163.85,152.05,161.1,161.35,158.43,2041509,3.2344E+13,,,
30-01-2001,M&M,EQ,161.35,161.5,165.8,161.5,163.25,162.9,163.52,1294676,2.11709E+13,,,
31-01-2001,M&M,EQ,162.9,160,169.7,158.2,165,163.6,164.71,2164288,3.56489E+13,,,
01-02-2001,M&M,EQ,163.6,163,164.65,155,157.85,158.35,160.29,907336,1.45433E+13,,,
02-02-2001,M&M,EQ,158.35,159,162,157.15,158.45,158.15,159.42,707693,1.12823E+13,,,
05-02-2001,M&M,EQ,158.15,159,165.5,159,164,163.45,162.91,967030,1.57537E+13,,,
06-02-2001,M&M,EQ,163.45,165,173.9,165,172.5,171.65,171.13,1542884,2.64026E+13,,,
07-02-2001,M&M,EQ,171.65,174,176,168.25,170,169.9,173.46,1461717,2.53549E+13,,,
08-02-2001,M&M,EQ,169.9,170,175.4,170,174.35,174.5,173.25,902621,1.56375E+13,,,
09-02-2001,M&M,EQ,174.5,175.85,179.8,170.25,171.3,171.35,176.07,1879006,3.30836E+13,,,
12-02-2001,M&M,EQ,171.35,173.45,177.4,163.25,169.75,169.65,171.53,2461825,4.22266E+13,,,
13-02-2001,M&M,EQ,169.65,171,171.9,166.05,168,167.45,168.54,1072256,1.8072E+13,,,
14-02-2001,M&M,EQ,167.45,168.45,170.85,166.1,169.9,169.9,168.71,671682,1.13319E+13,,,
15-02-2001,M&M,EQ,169.9,170.85,173.85,169.5,170.7,171.05,172,883327,1.5193E+13,,,
16-02-2001,M&M,EQ,171.05,172.5,177.9,168.5,170.5,170.7,174.44,3032546,5.28985E+13,,,
19-02-2001,M&M,EQ,170.7,171.55,179,167.5,178.9,177.4,174.91,2314595,4.04842E+13,,,
20-02-2001,M&M,EQ,177.4,179.5,186.9,179.5,185.9,184.2,183.77,2347978,4.31479E+13,,,
21-02-2001,M&M,EQ,184.2,185,189.5,180.6,186.55,186.3,185.92,1923518,3.57612E+13,,,
22-02-2001,M&M,EQ,186.3,185.75,186.5,178,180.5,180.85,181.72,827697,1.50412E+13,,,
23-02-2001,M&M,EQ,180.85,181,183.5,166.4,166.5,168,174.89,1138132,1.99046E+13,,,
26-02-2001,M&M,EQ,168,172,173.35,149.1,157,157.5,157.34,1150014,1.80942E+13,,,
27-02-2001,M&M,EQ,157.5,158,158,149.6,158,154.15,153.92,827688,1.27399E+13,,,
28-02-2001,M&M,EQ,154.15,155,165.85,154.5,161,161.55,160.42,1652028,2.65017E+13,,,
01-03-2001,M&M,EQ,161.55,162.05,170.7,162.05,164.95,164.55,166.99,701785,1.17193E+13,,,
02-03-2001,M&M,EQ,164.55,166.7,173,155.55,161.4,160.4,164.96,968446,1.59758E+13,,,
05-03-2001,M&M,EQ,160.4,160,163,152.35,155.3,155.25,157.43,892653,1.4053E+13,,,
07-03-2001,M&M,EQ,155.25,158,158,145.55,153,152.5,150.77,445212,6.71242E+12,,,
08-03-2001,M&M,EQ,152.5,150.1,156.4,148,154,153.95,153.58,364072,5.59134E+12,,,
09-03-2001,M&M,EQ,153.95,152,152,135.55,142,142.2,142.38,778412,1.1083E+13,,,
12-03-2001,M&M,EQ,142.2,136.6,145,129,131,131.2,133.98,560450,7.50901E+12,,,
13-03-2001,M&M,EQ,131.2,122.1,124.4,112.5,113.9,114.3,119.96,978005,1.17325E+13,,,
14-03-2001,M&M,EQ,114.3,116,124.9,114.05,122.75,123.35,121.8,386895,4.71256E+12,,,
15-03-2001,M&M,EQ,123.35,118,127,117.5,125.85,126.1,124.66,421273,5.2516E+12,,,
16-03-2001,M&M,EQ,126.1,122,127.9,121.3,126,125.4,124.87,412006,5.14474E+12,,,
19-03-2001,M&M,EQ,125.4,127.75,133.25,122.5,131.7,130.1,127.82,172867,2.20966E+12,,,
20-03-2001,M&M,EQ,130.1,132.7,132.7,127.55,129.8,129.6,129.76,148357,1.92514E+12,,,
21-03-2001,M&M,EQ,129.6,127.05,128.95,125.35,128.55,128.5,127.24,79505,1.01165E+12,,,
22-03-2001,M&M,EQ,128.5,129.95,131,125,125,125.7,127.91,75228,9.62236E+11,,,
23-03-2001,M&M,EQ,125.7,126.95,127.75,117,122,121.1,121.76,145961,1.77715E+12,,,
26-03-2001,M&M,EQ,121.1,121.15,122,116.05,121.15,121.45,120.77,83866,1.01283E+12,,,
27-03-2001,M&M,EQ,121.45,121.25,123.9,120.6,122.15,121.95,122.18,233982,2.85869E+12,,,
28-03-2001,M&M,EQ,121.95,124.9,130,124.05,127.5,127.1,126.41,98948,1.25079E+12,,,
29-03-2001,M&M,EQ,127.1,125.1,126.9,125,125.35,125.8,125.74,41522,5.22102E+11,,,
30-03-2001,M&M,EQ,125.8,124.5,124.5,119.15,120,119.9,121.76,102315,1.24582E+12,,,
02-04-2001,M&M,EQ,119.9,118.35,119.5,112,118.6,119.15,117.04,109070,1.27651E+12,,,
03-04-2001,M&M,EQ,119.15,117.6,121.7,117.6,121.7,120.85,120.46,81919,9.86815E+11,,,
04-04-2001,M&M,EQ,120.85,119,121.75,118.65,120.55,120.75,120.03,45436,5.45353E+11,,,
06-04-2001,M&M,EQ,120.75,124.7,126,118.35,118.8,119.65,121.92,124789,1.52146E+12,,,
09-04-2001,M&M,EQ,119.65,120,121,118.65,120.4,120.1,119.77,39264,4.70264E+11,,,
10-04-2001,M&M,EQ,120.1,121,121,118.1,118.8,118.75,119.16,65408,7.79422E+11,,,
11-04-2001,M&M,EQ,118.75,121,121,116,116.15,117.1,118.18,70503,8.33213E+11,,,
12-04-2001,M&M,EQ,117.1,115.1,117.05,110.25,113.2,113.35,114.36,78698,8.99989E+11,,,
16-04-2001,M&M,EQ,113.35,111.05,116.9,111.05,115,115.05,114.46,48081,5.50358E+11,,,
17-04-2001,M&M,EQ,115.05,116,122.9,114.5,120.05,120.2,117.73,99951,1.17673E+12,,,
18-04-2001,M&M,EQ,120.2,122.75,125.75,120.7,123.25,123.15,123.44,216299,2.66995E+12,,,
19-04-2001,M&M,EQ,123.15,125,126.85,120.25,120.5,120.9,123.63,167712,2.07339E+12,,,
20-04-2001,M&M,EQ,120.9,122,122.5,118,119.8,119.85,119.34,62691,7.48162E+11,,,
23-04-2001,M&M,EQ,119.85,120.3,123.9,119,121.85,121.8,122,91667,1.11835E+12,,,
24-04-2001,M&M,EQ,121.8,121,124.2,120.6,122,121.85,122.35,142236,1.74025E+12,,,
25-04-2001,M&M,EQ,121.85,131.6,131.6,123.15,128,128.75,126.61,216741,2.74421E+12,,,
26-04-2001,M&M,EQ,128.75,129.85,143.8,129.8,139,140,135.99,651821,8.86385E+12,,,
27-04-2001,M&M,EQ,140,137.5,142.4,126.55,136.25,136.55,134.23,819108,1.09947E+13,,,
30-04-2001,M&M,EQ,136.55,140,143,134.6,135.55,135.3,137.1,144068,1.97512E+12,,,
02-05-2001,M&M,EQ,135.3,124.5,140.4,124.5,134.45,134.5,136.73,64770,8.85606E+11,,,
03-05-2001,M&M,EQ,134.5,132,134.4,130,130,130.4,131.97,47555,6.27588E+11,,,
04-05-2001,M&M,EQ,130.4,126.5,131.8,126.5,128.7,128.95,129.35,89089,1.15237E+12,,,
07-05-2001,M&M,EQ,128.95,130,131.75,128.75,129.4,129.4,130.03,36136,4.69888E+11,,,
08-05-2001,M&M,EQ,129.4,129.7,130,128,129.95,129.05,128.93,77639,1.00102E+12,,,
09-05-2001,M&M,EQ,129.05,128.55,132.95,128,128,128.7,131.21,321649,4.22044E+12,,,
10-05-2001,M&M,EQ,128.7,128,129.4,125.1,127.95,126.15,126.47,76443,9.6679E+11,,,
11-05-2001,M&M,EQ,126.15,128,129,125.9,127,126.85,127.22,147294,1.87391E+12,,,
14-05-2001,M&M,EQ,126.85,126.3,126.4,124.15,124.85,124.75,125.01,70974,8.87242E+11,,,
15-05-2001,M&M,EQ,124.75,122.1,122.1,114.8,118.35,118.7,118.59,134630,1.5966E+12,,,
16-05-2001,M&M,EQ,118.7,125,125,120,122.1,122.45,122.18,131101,1.60183E+12,,,
17-05-2001,M&M,EQ,122.45,124.7,126.1,123,125.2,125.45,125.13,182398,2.28229E+12,,,
18-05-2001,M&M,EQ,125.45,126.4,131.75,123.1,125.5,124.3,126.91,458619,5.82035E+12,,,
21-05-2001,M&M,EQ,124.3,125.5,128.25,125,126.5,126.4,126.97,348886,4.42992E+12,,,
22-05-2001,M&M,EQ,126.4,127.05,129,126.35,128.4,127.8,127.24,292642,3.72366E+12,,,
23-05-2001,M&M,EQ,127.8,127.45,128.5,123,124.1,123.65,125.83,333904,4.20163E+12,,,
24-05-2001,M&M,EQ,123.65,124.5,125.8,123.25,123.9,123.75,124.6,107068,1.33404E+12,,,
25-05-2001,M&M,EQ,123.75,124.5,124.5,121.95,122.6,122.6,122.63,165806,2.03326E+12,,,
28-05-2001,M&M,EQ,122.6,124.5,125.3,122.5,123.4,124.1,124.11,250806,3.11285E+12,,,
29-05-2001,M&M,EQ,124.1,122.25,127.75,121.2,125.85,125.7,125.68,321259,4.03769E+12,,,
30-05-2001,M&M,EQ,125.7,127.5,131.5,124.2,124.5,125.3,127.3,360305,4.58665E+12,,,
31-05-2001,M&M,EQ,125.3,123.05,125.35,121,122.6,122.7,123.23,153216,1.88804E+12,,,
01-06-2001,M&M,EQ,122.7,123.75,123.8,120.25,121,120.65,122.02,147919,1.80495E+12,,,
04-06-2001,M&M,EQ,120.65,120.6,121.5,115.8,116,116.3,118.68,177406,2.10548E+12,,,
05-06-2001,M&M,EQ,116.3,115.5,117.35,113.7,114.5,114.55,115.32,411979,4.75104E+12,,,
06-06-2001,M&M,EQ,114.55,116,117.45,114.5,115.05,115,116.17,158129,1.83703E+12,,,
07-06-2001,M&M,EQ,115,116,116,107.5,111.5,110.7,111.01,208450,2.31399E+12,,,
08-06-2001,M&M,EQ,110.7,113,113.85,110.95,112.3,111.9,112.48,206958,2.32794E+12,,,
11-06-2001,M&M,EQ,111.9,112.75,114,112,112.8,112.85,113.15,106148,1.20104E+12,,,
12-06-2001,M&M,EQ,112.85,112,113.7,110.05,110.05,110.45,110.9,178638,1.98107E+12,,,
13-06-2001,M&M,EQ,110.45,112,115,107.05,108.95,108.8,109.24,237680,2.59632E+12,,,
14-06-2001,M&M,EQ,108.8,108,109.45,104.5,105,104.9,106.15,245747,2.60861E+12,,,
15-06-2001,M&M,EQ,104.9,104.1,104.1,98.5,99.9,99.45,100.32,341377,3.42458E+12,,,
18-06-2001,M&M,EQ,99.45,100.9,100.9,95.8,98.9,98.35,97.38,142643,1.38904E+12,,,
19-06-2001,M&M,EQ,98.35,98,101.5,98,100.75,100.15,100.27,332708,3.33597E+12,,,
20-06-2001,M&M,EQ,100.15,101.9,103,100.25,102,101.95,101.5,129225,1.31164E+12,,,
21-06-2001,M&M,EQ,101.95,103,103,98.5,98.5,99.3,100.54,101241,1.01784E+12,,,
22-06-2001,M&M,EQ,99.3,99,100.1,91.4,92,92.25,94.81,287492,2.72567E+12,,,
25-06-2001,M&M,EQ,92.25,91.1,91.7,87.75,88.5,89.25,89.56,122550,1.09752E+12,,,
26-06-2001,M&M,EQ,89.25,88.5,91,86.9,87.5,87.25,88.77,269974,2.39647E+12,,,
27-06-2001,M&M,EQ,87.25,89.9,89.9,80.5,81.85,81.35,84.89,416893,3.53904E+12,,,
28-06-2001,M&M,EQ,81.35,82.1,86.45,81.9,83.4,82.7,83.97,478954,4.02186E+12,,,
29-06-2001,M&M,EQ,82.7,83,84,80.05,83.4,80.45,81.73,333176,2.72296E+12,,,
02-07-2001,M&M,EQ,80.45,85.5,85.5,79.3,82.4,82.4,82.36,59380,4.89039E+11,,,
03-07-2001,M&M,EQ,82.4,81.95,82.45,80.25,80.35,80.8,81.5,69276,5.64578E+11,,,
04-07-2001,M&M,EQ,80.8,80.95,82,79.75,79.75,80.05,80.57,32196,2.59399E+11,,,
05-07-2001,M&M,EQ,80.05,80.55,80.95,79.5,79.5,79.8,80.16,52425,4.20256E+11,,,
06-07-2001,M&M,EQ,79.8,80.9,80.9,79.4,79.55,79.7,79.71,36858,2.9379E+11,,,
09-07-2001,M&M,EQ,79.7,79,81,79,80.5,80.15,80.27,58272,4.67773E+11,,,
10-07-2001,M&M,EQ,80.15,80.9,84.5,80.9,83,83.35,83.22,91407,7.60655E+11,,,
11-07-2001,M&M,EQ,83.35,84,87,83.9,85,84.75,85.49,130058,1.11181E+12,,,
12-07-2001,M&M,EQ,84.75,85,86.75,84.9,85.05,85.4,85.81,117447,1.00781E+12,,,
13-07-2001,M&M,EQ,85.4,86,88.1,85.6,86.05,86.15,86.89,190077,1.65158E+12,,,
16-07-2001,M&M,EQ,86.15,87,87.75,82.15,82.45,82.9,84.87,122713,1.04145E+12,,,
17-07-2001,M&M,EQ,82.9,83.6,84.05,82.5,83.1,83.05,82.98,35369,2.93507E+11,,,
18-07-2001,M&M,EQ,83.05,83.85,84,82.15,82.25,82.45,82.96,42733,3.5453E+11,,,
19-07-2001,M&M,EQ,82.45,82.5,82.7,81.7,82.5,82.5,82.39,36183,2.98109E+11,,,
20-07-2001,M&M,EQ,82.5,81.85,82.5,80.5,80.55,80.9,81.51,26950,2.19666E+11,,,
23-07-2001,M&M,EQ,80.9,81.5,81.9,79.55,80.95,80.1,80.46,1863,14989410000,,,
24-07-2001,M&M,EQ,80.1,80,80.95,78.4,78.5,78.6,79.37,63962,5.0765E+11,,,
25-07-2001,M&M,EQ,78.6,81,81,72.3,72.55,73.95,76.02,98029,7.45211E+11,,,
26-07-2001,M&M,EQ,73.95,75.45,75.45,71.8,72.5,72.35,73.25,125571,9.19777E+11,,,
27-07-2001,M&M,EQ,72.35,73.85,74.2,71.25,71.25,71.65,72.46,85240,6.17685E+11,,,
30-07-2001,M&M,EQ,71.65,72.25,73.25,71,71,71.6,72.09,89059,6.41991E+11,,,
31-07-2001,M&M,EQ,71.6,71.3,72.3,67.5,68,68.5,69.06,166147,1.14737E+12,,,
01-08-2001,M&M,EQ,68.5,67.8,71.4,65.5,69.5,69,69.43,155541,1.07991E+12,,,
02-08-2001,M&M,EQ,69,65.5,72,65.5,70,70.3,70.68,138343,9.77751E+11,,,
03-08-2001,M&M,EQ,70.3,70.5,72,70.25,71.75,71.45,71.2,38888,2.76895E+11,,,
06-08-2001,M&M,EQ,71.45,72.05,76.5,71.1,72.65,72.9,73.63,258867,1.90608E+12,,,
07-08-2001,M&M,EQ,72.9,73.95,74.4,72.1,72.9,72.4,73.06,86480,6.31794E+11,,,
08-08-2001,M&M,EQ,72.4,72,72.65,71.7,72.25,72,72.07,34534,2.48874E+11,,,
09-08-2001,M&M,EQ,72,71.9,72.9,71.05,71.25,71.15,71.65,38347,2.74766E+11,,,
10-08-2001,M&M,EQ,71.15,72.85,72.85,71.5,71.75,71.8,72.04,49373,3.55679E+11,,,
13-08-2001,M&M,EQ,71.8,70.05,72.9,70.05,72.1,72.2,72.13,30646,2.21051E+11,,,
14-08-2001,M&M,EQ,72.2,72.1,73.8,72,73.4,73.35,73.19,70516,5.16117E+11,,,
16-08-2001,M&M,EQ,73.35,73.2,75.5,73.2,75.4,75.15,74.89,90207,6.75569E+11,,,
17-08-2001,M&M,EQ,75.15,77.2,77.25,75.05,75.35,75.35,76.44,121910,9.31907E+11,,,
20-08-2001,M&M,EQ,75.35,74.05,75.2,73.1,74.3,74.35,74.1,46200,3.4234E+11,,,
21-08-2001,M&M,EQ,74.35,75,75.9,74.15,75.45,75.25,75.09,46738,3.50939E+11,,,
23-08-2001,M&M,EQ,75.25,80,80,73.25,74.2,74.15,75.61,83269,6.29613E+11,,,
24-08-2001,M&M,EQ,74.15,74.2,74.25,73.75,74,73.9,73.98,28920,2.13955E+11,,,
27-08-2001,M&M,EQ,73.9,73.6,74.9,73.6,73.95,73.8,73.99,41644,3.08107E+11,,,
28-08-2001,M&M,EQ,73.8,73.95,74.5,73,74.2,74.15,74.02,43932,3.25167E+11,,,
29-08-2001,M&M,EQ,74.15,74.25,75.9,71.95,72.95,72.3,73.62,136442,1.00446E+12,,,
30-08-2001,M&M,EQ,72.3,73,73.95,69.55,70,70.1,71.09,148585,1.05635E+12,,,
31-08-2001,M&M,EQ,70.1,70.9,70.9,66.6,67.25,67,67.64,299952,2.02894E+12,,,
03-09-2001,M&M,EQ,67,68,68,64.25,64.3,64.65,65.45,326397,2.13641E+12,,,
04-09-2001,M&M,EQ,64.65,65,65.75,63.5,64.9,64.45,64.65,303002,1.95885E+12,,,
05-09-2001,M&M,EQ,64.45,65.25,67.1,65.2,66.2,66.2,66.35,122949,8.15731E+11,,,
06-09-2001,M&M,EQ,66.2,66.9,68.5,66.5,67.85,68.05,67.77,178238,1.20785E+12,,,
07-09-2001,M&M,EQ,68.05,68,71.4,67.5,70,70.05,69.35,310674,2.15443E+12,,,
10-09-2001,M&M,EQ,70.05,68.55,71.8,68.55,71.25,71.3,71.11,196053,1.39412E+12,,,
11-09-2001,M&M,EQ,71.3,70.25,71.8,67.3,68.25,68,68.48,99703,6.82759E+11,,,
12-09-2001,M&M,EQ,68,65,66.45,62.1,64,64,64.84,162441,1.05333E+12,,,
13-09-2001,M&M,EQ,64,63.8,65.5,60.1,60.3,60.35,62.27,177512,1.10529E+12,,,
14-09-2001,M&M,EQ,60.35,60.5,61,56.25,57.6,57.75,58.23,139340,8.11332E+11,,,
17-09-2001,M&M,EQ,57.75,57.55,57.55,52,52,52.1,53.94,177389,9.56899E+11,,,
18-09-2001,M&M,EQ,52.1,52,55.8,52,54.35,54.05,54.23,160560,8.70691E+11,,,
19-09-2001,M&M,EQ,54.05,56,57.5,54.55,57.5,56.65,56.34,125165,7.05221E+11,,,
20-09-2001,M&M,EQ,56.65,55,56.5,53.15,53.8,54.2,54.49,71798,3.91236E+11,,,
21-09-2001,M&M,EQ,54.2,52.1,54,52.1,52.7,52.65,52.97,60534,3.2066E+11,,,
24-09-2001,M&M,EQ,52.65,54,54.9,52.65,52.7,52.85,53.1,82072,4.3577E+11,,,
25-09-2001,M&M,EQ,52.85,53.75,54.35,51.5,51.6,51.8,53.02,87880,4.65954E+11,,,
26-09-2001,M&M,EQ,51.8,53.35,53.35,51,52.7,52.3,52.04,53131,2.76497E+11,,,
27-09-2001,M&M,EQ,52.3,53.85,53.9,51.5,51.9,52.2,52.61,97072,5.10696E+11,,,
28-09-2001,M&M,EQ,52.2,52.25,54.25,51.55,54.05,53.65,53.13,174156,9.2529E+11,,,
01-10-2001,M&M,EQ,53.65,55.5,57.75,55,55.75,55.85,56.35,194713,1.09719E+12,,,
03-10-2001,M&M,EQ,55.85,56.15,56.9,55.15,55.3,55.7,56.29,98027,5.51787E+11,,,
04-10-2001,M&M,EQ,55.7,56.55,60.5,56.35,60.4,60.1,58.71,259855,1.52553E+12,,,
05-10-2001,M&M,EQ,60.1,61.8,63.1,60.1,61.4,61.5,61.74,289755,1.78893E+12,,,
08-10-2001,M&M,EQ,61.5,58.5,60.2,58.1,58.8,58.95,59.24,163647,9.69508E+11,,,
09-10-2001,M&M,EQ,58.95,60,60,58.75,59.95,59.85,59.6,66485,3.96253E+11,,,
10-10-2001,M&M,EQ,59.85,62,63.25,60,61.3,61.1,61.41,215057,1.32067E+12,,,
11-10-2001,M&M,EQ,61.1,62.95,62.95,61.1,61.45,61.45,61.85,92589,5.72662E+11,,,
12-10-2001,M&M,EQ,61.45,61.95,64.5,61.5,62.75,62.4,62.87,161434,1.01497E+12,,,
15-10-2001,M&M,EQ,62.4,65,65,61.6,63.5,63.15,62.98,96696,6.08998E+11,,,
16-10-2001,M&M,EQ,63.15,63.85,65.5,63.1,64.55,64.55,64.57,110358,7.12631E+11,,,
17-10-2001,M&M,EQ,64.55,65.95,66.15,64.3,64.75,64.9,65.46,123018,8.05258E+11,,,
18-10-2001,M&M,EQ,64.9,64.5,64.5,62.15,62.3,62.5,63.17,75917,4.79558E+11,,,
19-10-2001,M&M,EQ,62.5,62.85,64.05,62.5,62.75,62.85,63.33,84493,5.35077E+11,,,
22-10-2001,M&M,EQ,62.85,63,68.7,63,67.2,67.55,66.42,567369,3.76855E+12,,,
23-10-2001,M&M,EQ,67.55,69.05,69.4,64.15,64.9,64.5,66.5,489736,3.25689E+12,,,
24-10-2001,M&M,EQ,64.5,65.8,66.45,62.1,63,62.5,64,262045,1.67704E+12,,,
25-10-2001,M&M,EQ,62.5,63.05,66.95,63,64,64,65.05,430488,2.80014E+12,,,
29-10-2001,M&M,EQ,64,64.25,69.75,64.25,67.55,67.8,67.79,927822,6.29008E+12,,,
30-10-2001,M&M,EQ,67.8,67.5,72,67,71,71.1,69.88,1534514,1.07226E+13,,,
31-10-2001,M&M,EQ,71.1,71,73.9,70.5,73.5,73.4,72.59,934188,6.78154E+12,,,
01-11-2001,M&M,EQ,73.4,74.8,77.35,73.5,75.9,75.35,75.64,736637,5.57162E+12,,,
02-11-2001,M&M,EQ,75.35,76.45,82.9,75.85,79.5,81.5,80.4,1793427,1.44198E+13,,,
05-11-2001,M&M,EQ,81.5,81,84.35,80.2,83.6,83.45,82.95,973015,8.07078E+12,,,
06-11-2001,M&M,EQ,83.45,82,91.8,82,91.8,91.35,88.3,1388993,1.22643E+13,,,
07-11-2001,M&M,EQ,91.35,94.7,94.75,86.1,89,87.4,89.72,2440536,2.18954E+13,,,
08-11-2001,M&M,EQ,87.4,88.9,89.9,85.7,87.45,87.8,87.76,707598,6.20956E+12,,,
09-11-2001,M&M,EQ,87.8,89,89,85,85.5,86.1,86.54,356133,3.0819E+12,,,
12-11-2001,M&M,EQ,86.1,86.5,89.5,86.25,86.5,86.45,87.19,260399,2.2705E+12,,,
13-11-2001,M&M,EQ,86.45,87,87.25,85.25,86.95,86.6,86.22,228346,1.96885E+12,,,
14-11-2001,M&M,EQ,86.6,88.15,88.15,85,86.75,86.25,86.33,73419,6.33801E+11,,,
15-11-2001,M&M,EQ,86.25,87.1,93,87,92.75,91.7,91.47,453743,4.15017E+12,,,
19-11-2001,M&M,EQ,91.7,93.5,97.45,93,96.15,95.9,95.33,424443,4.04642E+12,,,
20-11-2001,M&M,EQ,95.9,97.9,99,87,90.7,90,91.31,357107,3.26065E+12,,,
21-11-2001,M&M,EQ,90,90.85,98.7,88,94.5,95.2,93.97,550920,5.17711E+12,,,
22-11-2001,M&M,EQ,95.2,95,97.35,93.95,95.1,94.8,95.69,449609,4.30245E+12,,,
23-11-2001,M&M,EQ,94.8,96.95,96.95,90.2,90.25,90.7,91.88,231256,2.12484E+12,,,
26-11-2001,M&M,EQ,90.7,91,92.55,88.25,88.6,88.65,89.3,281708,2.51568E+12,,,
27-11-2001,M&M,EQ,88.65,90.75,90.75,84.1,84.9,84.75,86.27,303004,2.61412E+12,,,
28-11-2001,M&M,EQ,84.75,84.5,92.8,84.2,90.1,90.35,89.59,542000,4.85587E+12,,,
29-11-2001,M&M,EQ,90.35,89.9,93.2,88.9,91,90.8,91.29,344435,3.14424E+12,,,
03-12-2001,M&M,EQ,90.8,92,93,89.3,89.75,89.85,91.09,168872,1.5382E+12,,,
04-12-2001,M&M,EQ,89.85,92.25,92.6,89.6,91.95,90.8,91.22,254898,2.32509E+12,,,
05-12-2001,M&M,EQ,90.8,93,95.7,91.75,94.9,93.9,93.95,264055,2.48092E+12,,,
06-12-2001,M&M,EQ,93.9,96.5,98.5,92.5,94.7,93.95,95.48,400167,3.82074E+12,,,
07-12-2001,M&M,EQ,93.95,93,95,90.15,92.5,91.75,91.98,156850,1.44271E+12,,,
10-12-2001,M&M,EQ,91.75,91,95,91,94.7,94.1,93.57,125149,1.17096E+12,,,
11-12-2001,M&M,EQ,94.1,94.05,103.55,94.05,103.5,103.4,101.88,706075,7.1935E+12,,,
12-12-2001,M&M,EQ,103.4,106.35,106.35,98.3,99.75,99.65,102.61,458594,4.70542E+12,,,
13-12-2001,M&M,EQ,99.65,100,101.6,94.2,97.65,97.85,98.32,503539,4.95074E+12,,,
14-12-2001,M&M,EQ,97.85,97,99.85,94.15,95.75,95.65,97.02,293667,2.84905E+12,,,
18-12-2001,M&M,EQ,95.65,99,99,89.5,91.4,92.05,92.23,324303,2.99114E+12,,,
19-12-2001,M&M,EQ,92.05,92,96.15,91,92,91.85,93.91,525102,4.93101E+12,,,
20-12-2001,M&M,EQ,91.85,91.5,93.85,87.5,89.25,88.95,90.25,267614,2.41514E+12,,,
21-12-2001,M&M,EQ,88.95,89,89.7,86,88.15,88.2,87.59,203823,1.78524E+12,,,
24-12-2001,M&M,EQ,88.2,87,87,84.75,86,85.8,85.8,132873,1.14005E+12,,,
26-12-2001,M&M,EQ,85.8,82,88.9,80.3,85,85,86.54,160578,1.3897E+12,,,
27-12-2001,M&M,EQ,85,85,86,81.65,82.15,82.9,84.04,173001,1.45388E+12,,,
28-12-2001,M&M,EQ,82.9,82.6,84.2,79,82.85,83.15,82.03,134674,1.10474E+12,,,
31-12-2001,M&M,EQ,83.15,83,89.95,83,89.4,89.2,87.44,240852,2.10592E+12,,,
01-01-2002,M&M,EQ,89.2,90.4,91.7,87.1,87.85,87.45,89.51,157842,1.41283E+12,,53832,0.341
02-01-2002,M&M,EQ,87.45,88.85,89.1,86.5,86.75,87,87.92,116125,1.02096E+12,,70815,0.6098
03-01-2002,M&M,EQ,87,89,94,89,89.9,90.3,91.28,314168,2.86788E+12,,163775,0.5213
04-01-2002,M&M,EQ,90.3,92.5,92.7,91,91.65,91.7,91.86,195184,1.79302E+12,,119472,0.6121
07-01-2002,M&M,EQ,91.7,94,97.5,92.5,94.5,94.65,95.16,369194,3.51342E+12,,221296,0.5994
08-01-2002,M&M,EQ,94.65,97.9,97.9,91.2,92.25,91.8,92.63,199095,1.84424E+12,,116924,0.5873
09-01-2002,M&M,EQ,91.8,92.1,93.7,90.5,91.25,91.05,91.92,246535,2.26623E+12,,156913,0.6365
10-01-2002,M&M,EQ,91.05,90.5,93,90.5,92.25,92.05,92.39,214679,1.98347E+12,,136663,0.6366
11-01-2002,M&M,EQ,92.05,93.1,95.5,91.3,93.75,93.15,94.03,537731,5.05638E+12,,405352,0.7538
14-01-2002,M&M,EQ,93.15,96.1,102.5,95.2,102.15,101.7,99.38,984190,9.78118E+12,,576481,0.5857
15-01-2002,M&M,EQ,101.7,102.15,103.85,98.55,100.2,100.5,101.16,792613,8.01777E+12,,446808,0.5637
16-01-2002,M&M,EQ,100.5,100.2,102.4,96.1,99.3,98.9,98.37,994591,9.78341E+12,,572480,0.5756
17-01-2002,M&M,EQ,98.9,99.3,108.8,99,107.9,107.55,106.3,1214742,1.29129E+13,,420634,0.3463
18-01-2002,M&M,EQ,107.55,109.5,116.85,107.25,113.9,114.85,112.78,1542634,1.73981E+13,,524273,0.3399
21-01-2002,M&M,EQ,114.85,115.2,116.9,108.1,108.6,108.5,111.7,748199,8.35764E+12,,238998,0.3194
22-01-2002,M&M,EQ,108.5,108.6,116.9,108,114,114.25,113.5,1807679,2.0518E+13,,708852,0.3921
23-01-2002,M&M,EQ,114.25,115,120.5,113.7,114.8,114.55,117.57,1862885,2.19019E+13,,725672,0.3895
24-01-2002,M&M,EQ,114.55,116.4,116.7,108.55,111.4,111.05,112.79,736951,8.31218E+12,,262669,0.3564
25-01-2002,M&M,EQ,111.05,112.65,112.65,107,109.2,108.75,109.36,292124,3.19476E+12,,118268,0.4049
28-01-2002,M&M,EQ,108.75,119.5,119.5,107,108,107.85,109.07,326254,3.55832E+12,,95736,0.2934
29-01-2002,M&M,EQ,107.85,109.8,114.4,106.75,113.5,113.25,110.76,1047149,1.15983E+13,,407976,0.3896
30-01-2002,M&M,EQ,113.25,120,120,109.5,113.5,112.65,112.26,1422415,1.59687E+13,,467985,0.329
31-01-2002,M&M,EQ,112.65,113.95,117.9,112.5,117,115.7,115.48,1041248,1.20246E+13,,437165,0.4198
01-02-2002,M&M,EQ,115.7,117.25,121.7,115.25,118.75,118.95,119.09,725450,8.63971E+12,,195140,0.269
04-02-2002,M&M,EQ,118.95,116.6,121.9,115.2,116,115.9,118.06,383184,4.52376E+12,,154057,0.402
05-02-2002,M&M,EQ,115.9,114.25,117.2,113.1,114.4,113.85,115.28,213922,2.46604E+12,,47755,0.2232
06-02-2002,M&M,EQ,113.85,115,124.8,114.1,121.95,121.7,120.74,959594,1.1586E+13,,264137,0.2753
07-02-2002,M&M,EQ,121.7,123,125.9,118.5,119.35,119.45,122.02,678986,8.28528E+12,,191209,0.2816
08-02-2002,M&M,EQ,119.45,120,124.25,118.65,123,122.65,121.91,608169,7.41422E+12,,271618,0.4466
11-02-2002,M&M,EQ,122.65,124,129.4,123.25,127.25,127,127.08,905651,1.15092E+13,,327014,0.3611
12-02-2002,M&M,EQ,127,128,130,126,126.8,126.65,127.28,435376,5.54136E+12,,193869,0.4453
13-02-2002,M&M,EQ,126.65,128,128,123.8,125,124.9,125.29,252897,3.16861E+12,,125949,0.498
14-02-2002,M&M,EQ,124.9,126,129.9,125.5,128.65,128.35,128.37,413558,5.30885E+12,,136626,0.3304
15-02-2002,M&M,EQ,128.35,129,133.55,128.5,130.2,130.2,131.19,807160,1.0589E+13,,447102,0.5539
18-02-2002,M&M,EQ,130.2,131.1,132.7,128.1,130.65,131.05,130.9,508138,6.6514E+12,,327447,0.6444
19-02-2002,M&M,EQ,131.05,131.1,131.9,123.2,123.9,124.1,126.92,197447,2.50601E+12,,100839,0.5107
20-02-2002,M&M,EQ,124.1,123,123,117.55,118.5,118.4,120.2,523667,6.29427E+12,,,
21-02-2002,M&M,EQ,118.4,121,123,120.6,121.65,121.3,121.84,260576,3.17486E+12,,127600,0.4897
22-02-2002,M&M,EQ,121.3,121.5,122,118.5,120.25,120.05,120.16,92442,1.11081E+12,,35536,0.3844
25-02-2002,M&M,EQ,120.05,121.95,122.65,119,120.8,121,121.24,174171,2.11174E+12,,63268,0.3633
26-02-2002,M&M,EQ,121,122,125.9,120.9,123.45,123.95,123.67,247541,3.06125E+12,,128614,0.5196
27-02-2002,M&M,EQ,123.95,126,126.65,120.1,121.2,121.35,123.01,287589,3.53759E+12,,118841,0.4132
28-02-2002,M&M,EQ,121.35,124,125.7,111.2,113.05,113.6,119.26,503036,5.99926E+12,,254722,0.5064
01-03-2002,M&M,EQ,113.6,112.95,118,112.25,115.5,115.75,115.52,426256,4.92393E+12,,281984,0.6615
04-03-2002,M&M,EQ,115.75,119.5,121.85,117.25,120.7,119.8,119.77,500794,5.99817E+12,,273171,0.5455
05-03-2002,M&M,EQ,119.8,122,126.25,121.5,123.25,122.7,124.11,537395,6.66988E+12,,269466,0.5014
06-03-2002,M&M,EQ,122.7,122,128.3,122,125.5,125.05,125.68,920772,1.1572E+13,,391159,0.4248
07-03-2002,M&M,EQ,125.05,126.25,126.8,123,126,125.5,125.2,181904,2.27742E+12,,86237,0.4741
08-03-2002,M&M,EQ,125.5,126.5,126.5,122.5,124.25,123.6,124.55,89617,1.11614E+12,,52181,0.5823
11-03-2002,M&M,EQ,123.6,123.75,123.75,121.6,122.85,122.35,122.39,74419,9.10777E+11,,,
12-03-2002,M&M,EQ,122.35,121,122.25,120.2,121.05,121.2,120.95,89534,1.08293E+12,,110912,0.6765
13-03-2002,M&M,EQ,121.2,121,123,119.75,121.75,121.3,121.08,83375,1.00949E+12,,40822,0.4896
14-03-2002,M&M,EQ,121.3,122,122,117.4,120,119.45,119.14,140089,1.66908E+12,,106056,0.7571
15-03-2002,M&M,EQ,119.45,119.5,120.75,117.05,118,117.65,118.08,159621,1.88481E+12,,113760,0.7127
18-03-2002,M&M,EQ,117.65,119.15,120,117.5,118,117.9,118.32,148418,1.75612E+12,,95376,0.6426
19-03-2002,M&M,EQ,117.9,119.7,119.7,116.45,117,117.35,117.57,202881,2.38522E+12,,125661,0.6194
20-03-2002,M&M,EQ,117.35,117.05,117.7,115.4,117.45,117,116.4,157360,1.83164E+12,,72458,0.4605
21-03-2002,M&M,EQ,117,118,118,115.05,115.75,115.65,115.96,49588,5.74999E+11,,28251,0.5697
22-03-2002,M&M,EQ,115.65,117,117,112.8,113,113.1,113.83,74731,8.50668E+11,,45873,0.6138
26-03-2002,M&M,EQ,113.1,113.95,113.95,110.8,111.55,111.35,111.88,47475,5.31138E+11,,22731,0.4788
27-03-2002,M&M,EQ,111.35,111.95,114.6,111.95,112.55,113.05,113.18,92842,1.05079E+12,,44017,0.4741
28-03-2002,M&M,EQ,113.05,112.3,116.25,112.3,114,114.05,113.79,254368,2.89445E+12,,140291,0.5515
01-04-2002,M&M,EQ,114.05,114.5,116.4,112.1,113.5,112.8,113.69,60261,6.85135E+11,,27114,0.4499
02-04-2002,M&M,EQ,112.8,113.4,114.5,112.55,113.4,113.75,113.1,210095,2.37613E+12,,79217,0.3771
03-04-2002,M&M,EQ,113.75,115,117.8,114.05,115.45,114.8,115.2,321968,3.70921E+12,,158858,0.4934
04-04-2002,M&M,EQ,114.8,115.4,116,113.1,114,113.95,114.49,291696,3.33949E+12,,229937,0.7883
05-04-2002,M&M,EQ,113.95,115,124.75,115,122.75,122.1,121.51,940607,1.14289E+13,,363377,0.3863
08-04-2002,M&M,EQ,122.1,126,126.85,120.5,121.05,121.3,122.54,318902,3.90789E+12,,100887,0.3164
09-04-2002,M&M,EQ,121.3,121.8,122.25,119.5,120.25,120.4,120.72,187361,2.26177E+12,,84795,0.4526
10-04-2002,M&M,EQ,120.4,121.5,124.9,121,123.4,122.95,123.07,247544,3.04663E+12,,94615,0.3822
11-04-2002,M&M,EQ,122.95,124.8,126,123.5,125.05,125,124.79,229143,2.85948E+12,,100094,0.4368
12-04-2002,M&M,EQ,125,124.9,126.9,122.15,122.7,122.6,124.3,188048,2.33748E+12,,89337,0.4751
15-04-2002,M&M,EQ,122.6,123.25,124,117.6,118.1,118.25,119.92,134094,1.60812E+12,,70567,0.5263
16-04-2002,M&M,EQ,118.25,119,119.5,116.05,117.1,116.7,117.17,96634,1.13225E+12,,,
17-04-2002,M&M,EQ,116.7,112,118.9,112,115.75,115.4,116.4,81834,9.52519E+11,,47045,0.5749
18-04-2002,M&M,EQ,115.4,115.95,115.95,113.15,113.9,113.55,113.95,193327,2.20302E+12,,134463,0.6955
19-04-2002,M&M,EQ,113.55,115,115,111.35,112,111.8,113.01,166497,1.8816E+12,,99815,0.5995
22-04-2002,M&M,EQ,111.8,110,113.25,106.65,107.25,107.4,108.58,265970,2.88792E+12,,195696,0.7358
23-04-2002,M&M,EQ,107.4,108,108,105.15,105.45,105.5,106.38,429284,4.56676E+12,,291347,0.6787
24-04-2002,M&M,EQ,105.5,105.2,109.9,105.2,109,108.9,107.95,869358,9.38485E+12,,,
25-04-2002,M&M,EQ,108.9,109.75,110.5,106.1,106.4,106.55,107.56,411227,4.42299E+12,,630984,0.4927
26-04-2002,M&M,EQ,106.55,108.45,112,106.55,108.5,107.35,107.41,156738,1.68359E+12,,86120,0.5495
29-04-2002,M&M,EQ,107.35,109,109,102.7,103.55,103.65,104.77,202051,2.11695E+12,,125505,0.6212
30-04-2002,M&M,EQ,103.65,103.5,107,103.3,105,105.15,104.96,226541,2.3777E+12,,,
02-05-2002,M&M,EQ,105.15,106.4,107,105.5,106,105.9,106.04,206516,2.18991E+12,,148677,0.7199
03-05-2002,M&M,EQ,105.9,106.75,107.4,105,105.95,105.95,105.88,109582,1.16025E+12,,55747,0.5087
06-05-2002,M&M,EQ,105.95,106.95,110.35,106.15,109.95,109.75,108.79,382932,4.16597E+12,,215999,0.5641
07-05-2002,M&M,EQ,109.75,111,111.9,108.5,109.7,110.35,110.22,358841,3.95507E+12,,195440,0.5446
08-05-2002,M&M,EQ,110.35,111,111.7,109.1,109.8,109.45,110.32,161208,1.77838E+12,,72694,0.4509
09-05-2002,M&M,EQ,109.45,111,111,107.1,108,107.9,108.48,205362,2.22768E+12,,126741,0.6172
10-05-2002,M&M,EQ,107.9,108,108.95,106.1,107,107.35,107.66,133898,1.44151E+12,,77551,0.5792
13-05-2002,M&M,EQ,107.35,107.5,110.9,107.1,108.3,108.45,108.99,496548,5.41189E+12,,329580,0.6637
14-05-2002,M&M,EQ,108.45,109,109.9,107.25,107.5,107.45,108.59,201546,2.18865E+12,,139262,0.691
15-05-2002,M&M,EQ,107.45,108.25,108.45,104.75,105.3,105.15,106.85,153939,1.64476E+12,,90118,0.5854
16-05-2002,M&M,EQ,105.15,105.1,106.35,102.7,103.1,103.3,103.95,279237,2.9028E+12,,192405,0.689
17-05-2002,M&M,EQ,103.3,103.3,103.3,99.1,100.35,100.45,100.75,195791,1.97256E+12,,107308,0.5481
20-05-2002,M&M,EQ,100.45,99,100.9,90.4,90.4,91,94.31,389114,3.66955E+12,,260161,0.6686
21-05-2002,M&M,EQ,91,90,93.75,88.1,91.5,91.5,91.28,479344,4.37551E+12,,219198,0.4573
22-05-2002,M&M,EQ,91.5,92,92,85.35,85.7,85.95,87.65,625145,5.4796E+12,,363431,0.5814
23-05-2002,M&M,EQ,85.95,86.25,88.3,83.3,83.5,83.7,84.95,560082,4.75782E+12,,415011,0.741
24-05-2002,M&M,EQ,83.7,90,90.9,86,90.75,90.2,88.93,330323,2.93747E+12,,178015,0.5389
27-05-2002,M&M,EQ,90.2,93.5,98,87.6,91.05,90.65,90.49,313639,2.83826E+12,,132423,0.4222
28-05-2002,M&M,EQ,90.65,91,91,87.05,87.85,87.9,87.97,277960,2.44533E+12,,141236,0.5081
29-05-2002,M&M,EQ,87.9,87.5,90.95,85,90.5,90.5,89.54,182895,1.63768E+12,,,
30-05-2002,M&M,EQ,90.5,90.95,93,87.05,90.55,90.4,89.79,969381,8.70393E+12,,,
31-05-2002,M&M,EQ,90.4,91.5,91.5,87.5,89.25,88.8,89.01,208807,1.85849E+12,,,
03-06-2002,M&M,EQ,88.8,90.85,94.6,90.15,92.5,93,92.43,362846,3.35367E+12,,210524,0.5802
04-06-2002,M&M,EQ,93,91.7,93.5,91.7,92.6,92.15,92.38,128972,1.19146E+12,,83776,0.6496
05-06-2002,M&M,EQ,92.15,83,95.55,83,94.05,94.3,94.36,194820,1.83835E+12,,72756,0.3735
06-06-2002,M&M,EQ,94.3,95.8,97.35,94,94.65,94.35,95.14,204805,1.94845E+12,,104796,0.5117
07-06-2002,M&M,EQ,94.35,94,97.25,92.15,96.2,95.75,95.81,480288,4.60172E+12,,290744,0.6054
10-06-2002,M&M,EQ,95.75,98.4,101,97.15,99.1,99.5,99.39,881003,8.75587E+12,,450593,0.5115
11-06-2002,M&M,EQ,99.5,101.9,105.7,101,103.95,103.6,103.7,737059,7.64354E+12,,268123,0.3638
12-06-2002,M&M,EQ,103.6,104.5,105.4,103.05,103.9,103.5,104.21,307367,3.20317E+12,,127170,0.4137
13-06-2002,M&M,EQ,103.5,103.8,109,103.7,106.7,106.5,106.75,658036,7.02458E+12,,256770,0.3902
14-06-2002,M&M,EQ,106.5,107.9,110.35,106.3,110,109.4,108.57,990759,1.07564E+13,,500022,0.5047
17-06-2002,M&M,EQ,109.4,113,113.95,109.55,110.2,110.15,111.18,2321129,2.58069E+13,,750779,0.3235
18-06-2002,M&M,EQ,110.15,111.85,113.4,107.55,107.8,107.85,109.91,1451176,1.59493E+13,,643085,0.4431
19-06-2002,M&M,EQ,107.85,108.75,108.75,103.5,104.25,104.3,105.32,873181,9.19632E+12,,375941,0.4305
20-06-2002,M&M,EQ,104.3,104,105.5,102,105.2,105.15,103.96,864388,8.98578E+12,,361992,0.4188
21-06-2002,M&M,EQ,105.15,106,108.8,104,108.1,107.95,106.94,826963,8.84379E+12,,240400,0.2907
24-06-2002,M&M,EQ,107.95,107.9,116.8,107.1,116.45,115.8,112.96,2906206,3.28296E+13,,705152,0.2426
25-06-2002,M&M,EQ,115.8,116.9,116.9,111.55,115.15,115.15,114.15,1973036,2.25221E+13,,418481,0.2121
26-06-2002,M&M,EQ,115.15,111.7,111.7,107.15,107.75,107.55,109.07,999601,1.09031E+13,,381503,0.3817
27-06-2002,M&M,EQ,107.55,106.1,112.5,106.1,111.55,110.4,110.6,2004167,2.21664E+13,,841327,0.4198
28-06-2002,M&M,EQ,110.4,112,114.75,111.25,113.15,113.4,113.39,1124467,1.27498E+13,,380528,0.3384
01-07-2002,M&M,EQ,113.4,114.9,117.25,113.65,117.05,116.4,115.44,806616,9.31191E+12,,286274,0.3549
02-07-2002,M&M,EQ,116.4,117.9,119.45,116.3,116.5,116.7,117.99,934653,1.10283E+13,,281318,0.301
03-07-2002,M&M,EQ,116.7,117.1,117.2,110.75,114,113.5,114.57,692178,7.93036E+12,,211230,0.3052
04-07-2002,M&M,EQ,113.5,114.85,116,113.6,115.5,114.9,115.11,513443,5.91034E+12,,134200,0.2614
05-07-2002,M&M,EQ,114.9,115.45,118,115,117,116.95,116.79,638161,7.45322E+12,,216918,0.3399
08-07-2002,M&M,EQ,116.95,118.1,120.45,118.1,118.95,118.65,118.92,575436,6.84304E+12,,226398,0.3934
09-07-2002,M&M,EQ,118.65,119,119,116.05,116.45,116.6,117.04,709144,8.29975E+12,,436078,0.6149
10-07-2002,M&M,EQ,116.6,116.95,116.95,114.05,114.2,114.7,115.14,342472,3.94316E+12,,131981,0.3854
11-07-2002,M&M,EQ,114.7,115,115,112.55,112.85,113.25,113.38,305221,3.46059E+12,,131201,0.4299
12-07-2002,M&M,EQ,113.25,113.95,114.4,110.45,111,110.9,111.97,414236,4.6382E+12,,197353,0.4764
15-07-2002,M&M,EQ,110.9,112,112,107.55,108.45,108.25,108.62,357402,3.88213E+12,,147533,0.4128
16-07-2002,M&M,EQ,108.25,108,108.7,104.1,104.3,104.65,106.17,1234504,1.31065E+13,,736038,0.5962
17-07-2002,M&M,EQ,104.65,104,104,100.1,100.45,100.55,101.5,1382685,1.40338E+13,,757863,0.5481
18-07-2002,M&M,EQ,100.55,102,104.75,101.1,104.25,104.15,103.36,721830,7.46061E+12,,239351,0.3316
19-07-2002,M&M,EQ,104.15,104,106.3,103,103.8,103.95,104.7,806892,8.44812E+12,,223199,0.2766
22-07-2002,M&M,EQ,103.95,102,102.45,98.55,98.7,99.25,100.18,719640,7.20936E+12,,322345,0.4479
23-07-2002,M&M,EQ,99.25,98.4,100.9,97.55,99.9,99.95,99.59,482529,4.80572E+12,,174228,0.3611
24-07-2002,M&M,EQ,99.95,99.8,100.9,97.5,97.6,97.95,98.79,440128,4.34814E+12,,177037,0.4022
25-07-2002,M&M,EQ,97.95,99.9,101,95.35,95.75,96.8,97.8,1013128,9.90827E+12,,586840,0.5792
26-07-2002,M&M,EQ,96.8,96,96.25,92.25,94.7,93.6,93.9,1004177,9.42931E+12,,569300,0.5669
29-07-2002,M&M,EQ,93.6,94.8,98.6,89.55,92,92.2,91.71,828183,7.59504E+12,,299935,0.3622
30-07-2002,M&M,EQ,92.2,94.45,96.8,89.25,89.5,90.4,92.89,784659,7.28841E+12,,319737,0.4075
31-07-2002,M&M,EQ,90.4,89.8,93,87.5,92.3,92.15,90.75,645422,5.85738E+12,,223962,0.347
01-08-2002,M&M,EQ,92.15,93,94,91.2,91.85,92.05,92.51,626619,5.79693E+12,,206028,0.3288
02-08-2002,M&M,EQ,92.05,90.6,91.4,88.5,90.7,90.25,90.23,477732,4.31081E+12,,144820,0.3031
05-08-2002,M&M,EQ,90.25,91.4,94.55,91.2,93.85,93.75,93.28,705609,6.58182E+12,,136697,0.1937
06-08-2002,M&M,EQ,93.75,94,94.85,92.55,94.25,94.3,93.81,564129,5.29237E+12,,180570,0.3201
07-08-2002,M&M,EQ,94.3,95.5,96,92.05,92.1,92.6,93.96,774059,7.27274E+12,,360223,0.4654
08-08-2002,M&M,EQ,92.6,93,93.05,88.45,88.9,89.6,91.13,469245,4.27626E+12,,175536,0.3741
09-08-2002,M&M,EQ,89.6,89.7,91.35,89,90.55,90.75,90.22,729501,6.58156E+12,,245761,0.3369
12-08-2002,M&M,EQ,90.75,91,91.7,89.65,90.25,90.15,90.87,320396,2.91138E+12,,121259,0.3785
13-08-2002,M&M,EQ,90.15,91,97,90.3,90.75,91,91.64,403151,3.69447E+12,,138360,0.3432
14-08-2002,M&M,EQ,91,90.8,91.5,89.65,90.5,90.35,90.27,553586,4.99748E+12,,294373,0.5318
16-08-2002,M&M,EQ,90.35,91.4,91.85,89.95,90.2,90.3,90.75,327363,2.97097E+12,,149753,0.4575
19-08-2002,M&M,EQ,90.3,91.3,91.4,88.85,89.5,89.3,89.97,325855,2.9318E+12,,131771,0.4044
20-08-2002,M&M,EQ,89.3,89.6,89.85,88.5,88.95,88.85,88.94,394776,3.511E+12,,111418,0.2822
21-08-2002,M&M,EQ,88.85,88,90.3,88,89.85,89.8,89.65,491382,4.40507E+12,,243921,0.4964
22-08-2002,M&M,EQ,89.8,90.9,90.9,89,89.15,89.2,89.68,329881,2.95822E+12,,142977,0.4334
23-08-2002,M&M,EQ,89.2,89.9,89.9,88.25,88.55,88.55,88.66,334610,2.96649E+12,,135976,0.4064
26-08-2002,M&M,EQ,88.55,90,90.55,88.2,89,88.95,89.44,746663,6.6782E+12,,341835,0.4578
27-08-2002,M&M,EQ,88.95,89.85,89.9,87,87.3,87.5,88.7,442019,3.92058E+12,,202704,0.4586
28-08-2002,M&M,EQ,87.5,87.05,87.65,86.25,86.35,86.5,86.94,617749,5.37088E+12,,257561,0.4169
29-08-2002,M&M,EQ,86.5,86.5,86.9,83.35,83.95,83.8,85.04,1227444,1.04379E+13,,541130,0.4409
30-08-2002,M&M,EQ,83.8,84.5,86.95,83.7,86.65,86.55,85.52,613594,5.24761E+12,,178267,0.2905
02-09-2002,M&M,EQ,86.55,88.2,90.45,87.3,89.65,89.55,89.21,753392,6.7211E+12,,208913,0.2773
03-09-2002,M&M,EQ,89.55,90,90,87.95,88,88.25,88.54,292777,2.59232E+12,,103158,0.3523
04-09-2002,M&M,EQ,88.25,87.25,88.4,86.85,88.2,88.05,87.66,216952,1.90178E+12,,69379,0.3198
05-09-2002,M&M,EQ,88.05,89,89.4,87.7,87.7,88.05,88.46,326526,2.88845E+12,,133000,0.4073
06-09-2002,M&M,EQ,88.05,87.7,88.25,86.15,86.65,86.5,86.99,271309,2.36003E+12,,94192,0.3472
09-09-2002,M&M,EQ,86.5,86.6,86.7,85.3,85.3,85.4,85.84,219837,1.88704E+12,,97510,0.4436
11-09-2002,M&M,EQ,85.4,85,86.3,85,86,85.9,85.8,110811,9.50721E+11,,44023,0.3973
12-09-2002,M&M,EQ,85.9,85,86.3,85,85.8,85.85,86.01,94859,8.15879E+11,,27300,0.2878
13-09-2002,M&M,EQ,85.85,85.95,89.25,85.6,87.65,87.65,88.06,598849,5.27343E+12,,155934,0.2604
16-09-2002,M&M,EQ,87.65,88.05,89,87.5,87.55,87.65,88.09,289547,2.55061E+12,,93686,0.3236
17-09-2002,M&M,EQ,87.65,88,88.2,86.3,86.8,86.7,86.97,354856,3.08614E+12,,113510,0.3199
18-09-2002,M&M,EQ,86.7,87.5,87.5,85.2,85.35,85.5,85.86,187286,1.60809E+12,,66363,0.3543
19-09-2002,M&M,EQ,85.5,85.5,85.9,83.4,83.75,83.65,84.1,245789,2.06716E+12,,105783,0.4304
20-09-2002,M&M,EQ,83.65,83.05,83.4,81.55,83.25,82.9,82.56,269098,2.22159E+12,,85881,0.3191
23-09-2002,M&M,EQ,82.9,84.2,84.2,82.55,82.55,82.75,82.92,360939,2.99294E+12,,148076,0.4103
24-09-2002,M&M,EQ,82.75,81.1,82.5,80.75,81.35,81.25,81.44,339816,2.76753E+12,,138864,0.4086
25-09-2002,M&M,EQ,81.25,81,82.75,80.25,82.3,82.4,81.51,462059,3.76644E+12,,212274,0.4594
26-09-2002,M&M,EQ,82.4,82.95,83,82.05,82.3,82.35,82.53,229769,1.89626E+12,,94295,0.4104
27-09-2002,M&M,EQ,82.35,82.3,83.4,82.1,83.2,82.65,82.86,704214,5.83547E+12,,,
30-09-2002,M&M,EQ,82.65,82.5,82.9,81.65,81.75,81.95,82.2,137699,1.13191E+12,,415265,0.4932
01-10-2002,M&M,EQ,81.95,81.25,82.3,81.2,81.7,81.75,81.71,108760,8.88729E+11,,56887,0.5231
03-10-2002,M&M,EQ,81.75,82.1,82.3,81.65,82,81.8,81.88,96457,7.89746E+11,,60628,0.6285
04-10-2002,M&M,EQ,81.8,81.5,83.4,81.5,83,83.05,82.76,207245,1.71523E+12,,126278,0.6093
07-10-2002,M&M,EQ,83.05,82.5,86,82.5,85.75,85.75,84.78,243343,2.06303E+12,,90955,0.3738
08-10-2002,M&M,EQ,85.75,86,86.75,85.3,85.6,85.6,85.93,206641,1.77576E+12,,75038,0.3631
09-10-2002,M&M,EQ,85.6,86.5,86.5,84.3,84.35,84.5,85.36,203256,1.73509E+12,,108296,0.5328
10-10-2002,M&M,EQ,84.5,83.2,84.7,83.1,83.65,83.6,83.63,219693,1.83721E+12,,160183,0.7291
11-10-2002,M&M,EQ,83.6,84.95,85.8,83.8,84,84,84.29,424409,3.57732E+12,,238667,0.5624
14-10-2002,M&M,EQ,84,85,85.25,82.8,83,83.4,84.09,434965,3.65743E+12,,246758,0.5673
16-10-2002,M&M,EQ,83.4,84.5,85.35,83.85,84.1,84.15,84.6,205186,1.73597E+12,,61721,0.3008
17-10-2002,M&M,EQ,84.15,84.75,84.85,83.55,84.85,84.6,84.23,117423,9.89032E+11,,54390,0.4632
18-10-2002,M&M,EQ,84.6,85.35,86.25,84.1,85,84.85,85.26,239459,2.04165E+12,,90264,0.3769
21-10-2002,M&M,EQ,84.85,85.9,87,85.25,86.75,86.45,86.2,348624,3.00499E+12,,149844,0.4298
22-10-2002,M&M,EQ,86.45,86.5,87.5,85.5,85.6,85.65,86.46,357938,3.0947E+12,,118705,0.3316
23-10-2002,M&M,EQ,85.65,86,86,84.5,84.5,84.65,84.98,115673,9.82969E+11,,55585,0.4805
24-10-2002,M&M,EQ,84.65,84.75,84.75,82.15,82.55,82.5,82.99,190360,1.57971E+12,,79679,0.4186
25-10-2002,M&M,EQ,82.5,82.5,83.45,78.5,79.65,79.6,81.02,356607,2.88909E+12,,191818,0.5379
28-10-2002,M&M,EQ,79.6,81,81.1,79.05,81,80.7,80.4,272105,2.18786E+12,,121286,0.4457
29-10-2002,M&M,EQ,80.7,81.35,82.25,80.55,81.75,81.65,81.65,169169,1.38124E+12,,80593,0.4764
30-10-2002,M&M,EQ,81.65,82.8,83.95,81.3,82.9,82.75,82.72,1118026,9.24794E+12,,264558,0.2366
31-10-2002,M&M,EQ,82.75,83.7,84.4,82.75,82.95,83.55,83.55,1156165,9.6599E+12,,495658,0.4287
01-11-2002,M&M,EQ,83.55,83.75,85.25,83.3,85.1,84.8,84.44,478230,4.03804E+12,,,
04-11-2002,M&M,EQ,84.8,85.8,87.5,85.3,87.15,86.85,86.35,207747,1.79393E+12,,206911,0.3016
05-11-2002,M&M,EQ,86.85,87.3,87.3,85.8,86.4,86.35,86.44,240913,2.08248E+12,,89958,0.3734
07-11-2002,M&M,EQ,86.35,86.9,89.25,86.55,87.3,87.45,88.03,584831,5.14833E+12,,183013,0.3129
08-11-2002,M&M,EQ,87.45,87.1,88,86.15,87.75,87.35,86.92,247808,2.15384E+12,,97092,0.3918
11-11-2002,M&M,EQ,87.35,87.5,89.1,86.85,88.7,88.75,88.13,524875,4.62569E+12,,140599,0.2679
12-11-2002,M&M,EQ,88.75,88.8,90.1,88.05,89.15,89.15,89.3,613119,5.47489E+12,,142039,0.2317
13-11-2002,M&M,EQ,89.15,91.3,91.3,88.3,88.35,88.5,88.97,272002,2.41995E+12,,81069,0.298
14-11-2002,M&M,EQ,88.5,89,90.45,88.1,90,89.75,89.14,469732,4.18739E+12,,231070,0.4919
15-11-2002,M&M,EQ,89.75,89.9,93,89.9,92.45,92.55,91.9,899813,8.26942E+12,,251131,0.2791
18-11-2002,M&M,EQ,92.55,93.2,95.25,93,94.9,94.65,94.36,792136,7.47462E+12,,268100,0.3385
20-11-2002,M&M,EQ,94.65,95.8,101.4,95.1,100.75,100.8,99.13,2645936,2.62281E+13,,1015317,0.3837
21-11-2002,M&M,EQ,100.8,101.95,102.8,98.5,99.75,99.85,100.29,1150327,1.1537E+13,,270362,0.235
22-11-2002,M&M,EQ,99.85,101,102.35,99.65,101.4,101.3,101.26,736540,7.45819E+12,,220852,0.2999
25-11-2002,M&M,EQ,101.3,102.4,106.8,101.5,105.8,104.85,105.13,1628925,1.71243E+13,,503568,0.3091
26-11-2002,M&M,EQ,104.85,107,107,103.05,103.55,103.55,104.15,781841,8.1432E+12,,304616,0.3896
27-11-2002,M&M,EQ,103.55,103.55,105.25,102,103.5,103,103.51,871686,9.02294E+12,,270084,0.3098
28-11-2002,M&M,EQ,103,104.1,106.65,104,105.6,105.65,105.52,1288363,1.3595E+13,,643093,0.4992
29-11-2002,M&M,EQ,105.65,106.4,107,104.35,106.15,105.9,105.83,741458,7.84681E+12,,213882,0.2885
02-12-2002,M&M,EQ,105.9,107,109.1,106.2,107.25,107.4,107.79,601134,6.47941E+12,,206406,0.3434
03-12-2002,M&M,EQ,107.4,108,108,104.55,105.45,105.05,106.28,505162,5.36899E+12,,201702,0.3993
04-12-2002,M&M,EQ,105.05,104.1,105.25,103.4,104.25,103.85,104.19,448067,4.66854E+12,,150122,0.335
05-12-2002,M&M,EQ,103.85,104.8,109.3,104.8,108.7,108.55,108.01,1108112,1.19693E+13,,267763,0.2416
06-12-2002,M&M,EQ,108.55,109.7,109.95,107.2,109.1,109.45,108.7,416301,4.52515E+12,,140884,0.3384
09-12-2002,M&M,EQ,109.45,110.4,111.4,105,105.85,105.5,107.59,741355,7.97623E+12,,300333,0.4051
10-12-2002,M&M,EQ,105.5,104,105.4,102,105.4,104.85,103.46,836422,8.65372E+12,,299715,0.3583
11-12-2002,M&M,EQ,104.85,106,107,103.55,104,104.15,104.72,443691,4.64613E+12,,163612,0.3688
12-12-2002,M&M,EQ,104.15,104,104.5,102.3,102.75,102.85,103.1,527806,5.44182E+12,,251789,0.477
13-12-2002,M&M,EQ,102.85,103.35,104.9,102.75,104.35,104.3,104.1,468208,4.87392E+12,,172105,0.3676
16-12-2002,M&M,EQ,104.3,105.5,106.5,102.8,104.6,104.85,104.66,678174,7.09796E+12,,230820,0.3404
17-12-2002,M&M,EQ,104.85,105.4,105.4,102.15,103.6,103.6,103.56,541317,5.60578E+12,,225595,0.4168
18-12-2002,M&M,EQ,103.6,103.1,107.9,103.05,106.5,106.4,106.34,1485364,1.57954E+13,,570175,0.3839
19-12-2002,M&M,EQ,106.4,106.45,110.45,106.05,108.25,108.2,109.14,2350951,2.56572E+13,,1110045,0.4722
20-12-2002,M&M,EQ,108.2,108.95,108.95,106.85,107.2,107.7,107.69,393912,4.24194E+12,,132016,0.3351
23-12-2002,M&M,EQ,107.7,108.25,108.9,107.1,107.95,107.75,107.88,278783,3.00763E+12,,90346,0.3241
24-12-2002,M&M,EQ,107.75,107.1,108.75,107.1,108.5,108.4,108.15,549296,5.94076E+12,,275038,0.5007
26-12-2002,M&M,EQ,108.4,108.6,110.85,107.75,108,108.7,109.13,1185964,1.2942E+13,,742626,0.6262
27-12-2002,M&M,EQ,108.7,108.5,112.45,108.4,111.9,111.5,111.05,1257567,1.39659E+13,,392096,0.3118
30-12-2002,M&M,EQ,111.5,112.5,113.7,107,112.6,112.55,112.72,695502,7.83989E+12,,191436,0.2752
31-12-2002,M&M,EQ,112.55,111,113.9,111,112.8,112.8,113.06,464627,5.25326E+12,,154194,0.3319
01-01-2003,M&M,EQ,112.8,113.45,114.25,112.65,113.15,113.15,113.37,317785,3.60264E+12,,70843,0.2229
02-01-2003,M&M,EQ,113.15,114.5,114.8,111.65,112,111.9,112.71,315762,3.55887E+12,,121920,0.3861
03-01-2003,M&M,EQ,111.9,113.45,115.4,112.75,114,113.7,114.35,1361747,1.55709E+13,,539631,0.3963
06-01-2003,M&M,EQ,113.7,114,114,108.1,108.5,108.65,110.21,1072309,1.18181E+13,,539007,0.5027
07-01-2003,M&M,EQ,108.65,109.1,109.3,105.05,107,106.4,106.81,1044391,1.11548E+13,,463065,0.4434
08-01-2003,M&M,EQ,106.4,107.45,111.5,105.1,111.5,111,109.36,1223710,1.33825E+13,,580342,0.4742
09-01-2003,M&M,EQ,111,111.1,112,110.5,111.6,111.15,111.23,388117,4.31706E+12,,128400,0.3308
10-01-2003,M&M,EQ,111.15,112.05,112.05,108.65,110.25,109.5,110.23,481988,5.31275E+12,,149868,0.3109
13-01-2003,M&M,EQ,109.5,111,111.8,109.45,109.6,109.7,110.45,291614,3.22101E+12,,141692,0.4859
14-01-2003,M&M,EQ,109.7,109.6,111.15,109,110.7,110.3,110.29,302980,3.34158E+12,,116714,0.3852
15-01-2003,M&M,EQ,110.3,111,111.75,109.75,110.65,111.05,110.68,387212,4.28559E+12,,152565,0.394
16-01-2003,M&M,EQ,111.05,110.55,112,110.55,111.1,111.05,111.21,203478,2.2629E+12,,58288,0.2865
17-01-2003,M&M,EQ,111.05,111,112.25,110.35,111.3,111.25,111.31,398476,4.4353E+12,,155473,0.3902
20-01-2003,M&M,EQ,111.25,111.5,112.25,110.2,110.35,110.4,111.15,225631,2.50778E+12,,87416,0.3874
21-01-2003,M&M,EQ,110.4,110.4,111.3,110,110.75,110.75,110.77,174429,1.93218E+12,,72325,0.4146
22-01-2003,M&M,EQ,110.75,110.8,113.5,110.25,113.15,112.75,112.75,588929,6.64008E+12,,225676,0.3832
23-01-2003,M&M,EQ,112.75,113.4,114.35,111.65,111.85,111.95,112.9,465555,5.25598E+12,,166724,0.3581
24-01-2003,M&M,EQ,111.95,112.15,112.85,108.2,109,108.95,109.76,344445,3.78064E+12,,145880,0.4235
27-01-2003,M&M,EQ,108.95,108.55,109,104.3,104.9,105.1,106.06,336869,3.57295E+12,,130063,0.3861
28-01-2003,M&M,EQ,105.1,105.9,106.45,101.25,103.75,103.95,103.74,436978,4.53341E+12,,183865,0.4208
29-01-2003,M&M,EQ,103.95,105,107.55,98.9,99.05,99.75,103.13,1356316,1.39877E+13,,471859,0.3479
30-01-2003,M&M,EQ,99.75,99.1,100.65,95.75,96.5,96.4,97.8,1352013,1.32223E+13,,696658,0.5153
31-01-2003,M&M,EQ,96.4,97,97.6,94.05,96.9,97,96.01,698148,6.70266E+12,,236502,0.3388
03-02-2003,M&M,EQ,97,97.7,99.2,97.15,98.65,98.75,98.16,603224,5.92154E+12,,266023,0.441
04-02-2003,M&M,EQ,98.75,99.45,101,98.7,99,99,99.65,480866,4.79184E+12,,156718,0.3259
05-02-2003,M&M,EQ,99,98,99.4,95.8,97.4,97.55,97.23,370106,3.59868E+12,,139014,0.3756
06-02-2003,M&M,EQ,97.55,98.05,98.6,96.55,98.4,98.05,97.51,398675,3.88754E+12,,159997,0.4013
07-02-2003,M&M,EQ,98.05,98.95,100.65,98.1,98.75,99,99.48,525874,5.23156E+12,,153934,0.2927
10-02-2003,M&M,EQ,99,99.9,100.15,98.4,99.4,99.05,99.37,908635,9.02956E+12,,466807,0.5137
11-02-2003,M&M,EQ,99.05,99.9,101.2,99.4,100.25,100.2,100.23,558047,5.59326E+12,,283718,0.5084
12-02-2003,M&M,EQ,100.2,101,101,98.65,99.4,99.15,99.41,341272,3.3927E+12,,151380,0.4436
14-02-2003,M&M,EQ,99.15,99,99,97.8,98.25,98.35,98.37,310114,3.05047E+12,,185241,0.5973
17-02-2003,M&M,EQ,98.35,99.25,102.4,99.25,102.2,102,101.02,465951,4.70712E+12,,167280,0.359
18-02-2003,M&M,EQ,102,102.5,103.4,100.75,101,101.15,101.99,319064,3.25407E+12,,128861,0.4039
19-02-2003,M&M,EQ,101.15,102.5,104.5,101.75,103.95,103.85,103.43,703143,7.2725E+12,,232835,0.3311
20-02-2003,M&M,EQ,103.85,104.35,105.4,103.15,104.1,104.25,104.27,649896,6.77661E+12,,230613,0.3548
21-02-2003,M&M,EQ,104.25,104.45,106.2,104.2,105.65,105.55,105.51,779361,8.22293E+12,,352496,0.4523
24-02-2003,M&M,EQ,105.55,106.9,107.9,106,107.6,107.35,107.23,767247,8.22745E+12,,464801,0.6058
25-02-2003,M&M,EQ,107.35,106.6,107.25,104.65,104.8,104.9,105.66,366053,3.86753E+12,,185626,0.5071
26-02-2003,M&M,EQ,104.9,105.9,105.9,103.75,104,104.15,104.86,245947,2.57907E+12,,91531,0.3722
27-02-2003,M&M,EQ,104.15,103.15,106.5,103.15,106,105.3,105.32,610838,6.43304E+12,,359434,0.5884
28-02-2003,M&M,EQ,105.3,108.5,110.9,105.1,110.5,110.15,108.4,1764788,1.91304E+13,,727495,0.4122
03-03-2003,M&M,EQ,110.15,111.8,112.95,109.1,109.2,109.75,111.43,1269476,1.41461E+13,,671538,0.529
04-03-2003,M&M,EQ,109.75,109.6,109.6,107.7,108.5,108.35,108.54,344292,3.7371E+12,,149761,0.435
05-03-2003,M&M,EQ,108.35,106.55,107.9,105.05,107.25,107.15,106.51,359625,3.83053E+12,,115422,0.321
06-03-2003,M&M,EQ,107.15,108.2,108.5,103.25,104,103.65,105.05,398420,4.18559E+12,,154708,0.3883
07-03-2003,M&M,EQ,103.65,103,104.35,101.6,102.5,102.4,102.67,472318,4.84947E+12,,188329,0.3987
10-03-2003,M&M,EQ,102.4,102.3,103.95,101.3,102.3,102.55,102.5,308370,3.16079E+12,,126704,0.4109
11-03-2003,M&M,EQ,102.55,101.4,103.5,100,103.5,103,101.5,373191,3.78787E+12,,91975,0.2465
12-03-2003,M&M,EQ,103,103.1,104.5,102.1,102.5,102.45,102.96,282618,2.9097E+12,,78442,0.2776
13-03-2003,M&M,EQ,102.45,101.25,102.75,100.75,102,101.75,101.61,308132,3.13091E+12,,131196,0.4258
17-03-2003,M&M,EQ,101.75,101,102.35,100.35,102.05,101.75,101.02,223082,2.25354E+12,,90833,0.4072
19-03-2003,M&M,EQ,101.75,103,103.85,102.3,103,102.9,103.02,393690,4.05595E+12,,228604,0.5807
20-03-2003,M&M,EQ,102.9,102.6,106.5,102.6,105.8,105.9,105.03,334582,3.5142E+12,,139524,0.417
21-03-2003,M&M,EQ,105.9,107,107.2,105.1,106.5,106.5,106.17,313575,3.3292E+12,,113198,0.361
22-03-2003,M&M,EQ,106.5,106.5,107.45,106.2,106.25,106.45,106.69,149175,1.59159E+12,,66001,0.4424
24-03-2003,M&M,EQ,106.45,105.6,106.1,103.15,103.4,103.45,104.39,259150,2.70522E+12,,111683,0.431
25-03-2003,M&M,EQ,103.45,102.6,103.8,101.3,102.85,102.9,102.7,376253,3.86397E+12,,128083,0.3404
26-03-2003,M&M,EQ,102.9,103.9,104,102.6,103,102.9,103.25,358719,3.70383E+12,,238836,0.6658
27-03-2003,M&M,EQ,102.9,103,103.8,102.1,103.25,103,103.02,321567,3.31292E+12,,133834,0.4162
28-03-2003,M&M,EQ,103,103,103.8,101.6,102.2,102.15,102.52,233228,2.39111E+12,,117209,0.5026
31-03-2003,M&M,EQ,102.15,101.3,101.75,98.55,99.05,99.3,99.77,325992,3.25228E+12,,106284,0.326
01-04-2003,M&M,EQ,99.3,99,100.5,97.1,98.9,99.1,98.7,229590,2.26606E+12,,59775,0.2604
02-04-2003,M&M,EQ,99.1,100.2,103,99.25,101.6,101.2,100.61,193528,1.94709E+12,,76112,0.3933
03-04-2003,M&M,EQ,101.2,104.4,104.4,102,103.15,102.85,102.77,234506,2.41006E+12,,108370,0.4621
04-04-2003,M&M,EQ,102.85,103.5,106.6,102.55,106.1,106.05,104.81,444883,4.66299E+12,,201540,0.453
07-04-2003,M&M,EQ,106.05,107.25,109.8,106.6,108.95,108.75,108.57,566096,6.14588E+12,,292238,0.5162
08-04-2003,M&M,EQ,108.75,108.5,109.3,106.6,108.95,109,108.37,445074,4.82329E+12,,246758,0.5544
09-04-2003,M&M,EQ,109,108.5,108.9,106.9,107.9,107.5,107.96,190487,2.05659E+12,,112642,0.5913
10-04-2003,M&M,EQ,107.5,106.95,108.5,105.5,108.5,107.7,107.05,399123,4.27256E+12,,190042,0.4761
11-04-2003,M&M,EQ,107.7,109,109.45,104.6,106,106.4,106.69,348884,3.7223E+12,,202754,0.5812
15-04-2003,M&M,EQ,106.4,106.2,107.5,103.75,105.15,106,105.51,197165,2.0802E+12,,80205,0.4068
16-04-2003,M&M,EQ,106,106.75,109.5,105.2,107.9,108.15,107.67,296570,3.19313E+12,,123063,0.415
17-04-2003,M&M,EQ,108.15,108.8,109.7,107.35,108.25,108.4,108.24,253860,2.74786E+12,,94337,0.3716
21-04-2003,M&M,EQ,108.4,108.65,111.35,108.4,110.75,110.65,110.35,579597,6.39557E+12,,207918,0.3587
22-04-2003,M&M,EQ,110.65,111.05,112.5,109.65,111,111.25,111.26,463155,5.15313E+12,,219264,0.4734
23-04-2003,M&M,EQ,111.25,111.9,112,109.05,109.1,109.3,110.06,266930,2.93795E+12,,134494,0.5039
24-04-2003,M&M,EQ,109.3,110,110,107.35,109.45,108.85,108.61,619680,6.7306E+12,,395238,0.6378
25-04-2003,M&M,EQ,108.85,108.5,109.2,106.85,107.55,107.4,108.16,476216,5.15083E+12,,279146,0.5862
28-04-2003,M&M,EQ,107.4,106.65,109.45,106.65,109.4,108.85,108.3,214327,2.3212E+12,,88491,0.4129
29-04-2003,M&M,EQ,108.85,109.25,111.2,109.2,110.5,110.85,110.4,367145,4.05339E+12,,199000,0.542
30-04-2003,M&M,EQ,110.85,110.1,111.7,110.1,111.3,111.1,111.03,312748,3.47253E+12,,104037,0.3327
02-05-2003,M&M,EQ,111.1,111.5,116,111.3,114.85,115.2,114.53,887030,1.01591E+13,,390852,0.4406
05-05-2003,M&M,EQ,115.2,116,117.8,115.5,116.55,116.65,116.75,578848,6.75799E+12,,309483,0.5347
06-05-2003,M&M,EQ,116.65,117.45,119.2,116.5,118.75,118.75,118.18,563494,6.6595E+12,,247017,0.4384
07-05-2003,M&M,EQ,118.75,119,119,116.55,118.85,118.45,118.1,695219,8.21041E+12,,391490,0.5631
08-05-2003,M&M,EQ,118.45,118.95,118.95,116.15,118.05,118.1,117.36,399331,4.68659E+12,,194583,0.4873
09-05-2003,M&M,EQ,118.1,118.45,118.45,116.5,117.75,117.7,117.49,148489,1.74461E+12,,48039,0.3235
12-05-2003,M&M,EQ,117.7,117.1,119.6,117.1,118.4,118.4,118.84,406206,4.82755E+12,,244939,0.603
13-05-2003,M&M,EQ,118.4,118.9,119.45,118,118.2,118.55,118.79,243319,2.89035E+12,,86034,0.3536
14-05-2003,M&M,EQ,118.55,118.9,118.95,116.6,117.1,116.95,117.35,234680,2.75398E+12,,124559,0.5308
15-05-2003,M&M,EQ,116.95,119,119,117.05,118.35,118.05,117.85,172481,2.03269E+12,,83969,0.4868
16-05-2003,M&M,EQ,118.05,118,122.5,118,121.95,121.5,120.72,610982,7.37593E+12,,180617,0.2956
19-05-2003,M&M,EQ,121.5,122.45,124.15,122,123.5,123.95,123.26,732039,9.02348E+12,,299628,0.4093
20-05-2003,M&M,EQ,123.95,123,127.95,122.75,127.6,127.3,125.36,1081065,1.35522E+13,,487537,0.451
21-05-2003,M&M,EQ,127.3,127.95,128.75,124.5,125.8,125.75,126.39,626598,7.91983E+12,,303905,0.485
22-05-2003,M&M,EQ,125.75,125.1,128.5,124.65,125.45,125.25,125.61,289275,3.63373E+12,,169096,0.5846
23-05-2003,M&M,EQ,125.25,127.65,128,125.55,127.9,127.75,127.1,297622,3.78277E+12,,114119,0.3834
26-05-2003,M&M,EQ,127.75,129.9,130.9,127.9,130.25,130.05,129.86,560525,7.27925E+12,,330740,0.5901
27-05-2003,M&M,EQ,130.05,131.9,131.9,128.6,129.1,129.05,129.61,442576,5.73636E+12,,279412,0.6313
28-05-2003,M&M,EQ,129.05,130,130,126.8,127.1,127.1,127.53,579085,7.38494E+12,,451504,0.7797
29-05-2003,M&M,EQ,127.1,127.2,132.5,126.1,132,131.3,129.88,1199215,1.55749E+13,,730403,0.6091
30-05-2003,M&M,EQ,131.3,132.9,132.9,128.2,129.1,129.55,130.47,625667,8.16299E+12,,297432,0.4754
02-06-2003,M&M,EQ,129.55,128.9,132.4,126,127.4,127.6,129.03,982979,1.26834E+13,,469575,0.4777
03-06-2003,M&M,EQ,127.6,128.1,129,124.5,127.7,126.75,126.04,786539,9.91322E+12,,455701,0.5794
04-06-2003,M&M,EQ,126.75,127.1,128,124.85,125.85,125.4,126.04,612408,7.71864E+12,,381172,0.6224
05-06-2003,M&M,EQ,125.4,126.55,130.85,126,130.85,129.9,128.11,554502,7.1037E+12,,267836,0.483
06-06-2003,M&M,EQ,129.9,131,131.45,128.1,128.65,129.25,129.46,583065,7.54827E+12,,262483,0.4502
09-06-2003,M&M,EQ,129.25,128.5,131,127.1,130.15,130.35,129.97,598815,7.78309E+12,,328493,0.5486
10-06-2003,M&M,EQ,130.35,130,134.55,129.1,130,130.25,132.26,757409,1.00174E+13,,282029,0.3724
11-06-2003,M&M,EQ,130.25,132,133.15,130.15,131.5,131.35,131.63,968337,1.27465E+13,,460594,0.4757
12-06-2003,M&M,EQ,131.35,132.7,134.45,132,133.5,133.5,133.45,655953,8.75359E+12,,241571,0.3683
13-06-2003,M&M,EQ,133.5,134.5,135.9,133,133.95,133.95,134.33,577007,7.751E+12,,266718,0.4622
16-06-2003,M&M,EQ,133.95,134,135.8,133.15,135.15,135.25,134.99,630300,8.50854E+12,,293594,0.4658
17-06-2003,M&M,EQ,135.25,136,136.45,134.05,135.3,135,135.22,616684,8.33872E+12,,444033,0.72
18-06-2003,M&M,EQ,135,135.7,137.9,135.3,137.2,136.95,137.15,441996,6.06187E+12,,220874,0.4997
19-06-2003,M&M,EQ,136.95,137,138,135.5,136.05,136.1,136.6,472863,6.45945E+12,,215939,0.4567
20-06-2003,M&M,EQ,136.1,136,138,135.05,137.35,137.25,136.63,582274,7.9555E+12,,372868,0.6404
23-06-2003,M&M,EQ,137.25,138,138.45,136.35,137.25,137.25,137.63,442449,6.08941E+12,,198391,0.4484
24-06-2003,M&M,EQ,137.25,135.55,142.45,135.55,141.85,140.7,139.06,664661,9.24249E+12,,244798,0.3683
25-06-2003,M&M,EQ,140.7,142.45,145,140.55,144.25,143.5,142.21,1472017,2.0933E+13,,586390,0.3984
26-06-2003,M&M,EQ,143.5,138.5,139.3,133,134.65,135.55,137.51,1755795,2.41446E+13,,1251900,0.713
27-06-2003,M&M,EQ,135.55,137.5,140.9,137.15,139.2,139.85,139.27,1273351,1.77343E+13,,680310,0.5343
30-06-2003,M&M,EQ,139.85,141.9,149,139.5,147.95,147.85,145.6,1791475,2.60836E+13,,1010486,0.5641
01-07-2003,M&M,EQ,147.85,149,151.5,146.6,150.55,150.45,149.94,1162768,1.74343E+13,,531143,0.4568
02-07-2003,M&M,EQ,150.45,152,161.4,151.95,159.8,160.3,157.77,1932971,3.04961E+13,,810160,0.4191
03-07-2003,M&M,EQ,160.3,164,168.65,162,163,164.2,165.71,2325252,3.85322E+13,,1024721,0.4407
04-07-2003,M&M,EQ,164.2,164,165.9,160.2,165.9,165.05,163.78,984300,1.61205E+13,,382455,0.3886
07-07-2003,M&M,EQ,165.05,167,167,161.5,163.9,164.1,164.22,658554,1.0815E+13,,304430,0.4623
08-07-2003,M&M,EQ,164.1,166,170.9,164.3,168.05,168.7,167.76,978502,1.64151E+13,,396730,0.4054
09-07-2003,M&M,EQ,168.7,170,171,165.05,165.35,166.9,167.92,1131447,1.89996E+13,,421377,0.3724
10-07-2003,M&M,EQ,166.9,166.9,167.5,145,166.2,165.95,164.84,1249732,2.06011E+13,,563070,0.4506
11-07-2003,M&M,EQ,165.95,164.55,170,164.55,168.2,167.75,168.27,368467,6.20032E+12,,133328,0.3618
14-07-2003,M&M,EQ,167.75,169,170.4,167.2,168.2,168.4,168.76,239433,4.04059E+12,,102627,0.4286
15-07-2003,M&M,EQ,168.4,169.9,173.4,158,172.3,171.75,169.76,1080137,1.83359E+13,,519752,0.4812
16-07-2003,M&M,EQ,171.75,166,176.8,166,175.5,176,175.2,773362,1.35492E+13,,235568,0.3046
17-07-2003,M&M,EQ,176,175,190.2,175,178.6,179.35,184.38,3031827,5.59007E+13,,763512,0.2518
18-07-2003,M&M,EQ,179.35,175,185.8,174.2,177.75,176.6,180.03,2803241,5.04665E+13,,640852,0.2286
21-07-2003,M&M,EQ,176.6,178.25,179,169.85,169.95,170.95,173.82,1369122,2.37987E+13,,352352,0.2574
22-07-2003,M&M,EQ,170.95,169,169.95,162.3,164.95,164.65,165.77,2275626,3.77227E+13,,941478,0.4137
23-07-2003,M&M,EQ,164.65,168.4,171.5,164.65,167.4,166.3,167.72,1181055,1.98085E+13,,373253,0.316
24-07-2003,M&M,EQ,166.3,167.5,171.75,164.15,171.5,170.25,166.58,2210319,3.68184E+13,,1349825,0.6107
25-07-2003,M&M,EQ,170.25,172.95,177.4,171,176.75,176.75,174.68,1182851,2.06626E+13,,362278,0.3063
28-07-2003,M&M,EQ,176.75,179.65,181.9,175.6,177.5,177.55,179.02,2285824,4.09213E+13,,1010021,0.4419
29-07-2003,M&M,EQ,177.55,179,186.4,178.1,185.4,185.05,182.55,2801544,5.11412E+13,,946545,0.3379
30-07-2003,M&M,EQ,185.05,200,202.5,186,202.25,201.1,195.01,4551364,8.8757E+13,,1539177,0.3382
31-07-2003,M&M,EQ,201.1,201,204.9,196.15,197,200.3,200.61,3324585,6.6694E+13,,925211,0.2783
01-08-2003,M&M,EQ,200.3,198,201.5,195.6,198,197.3,198.09,993293,1.96758E+13,,147358,0.1484
04-08-2003,M&M,EQ,197.3,197,205.4,196,201.7,201.95,202.41,1526867,3.09056E+13,,274018,0.1795
05-08-2003,M&M,EQ,201.95,202.95,204,196.05,198.5,198.1,199.87,1486679,2.9715E+13,,168072,0.1131
06-08-2003,M&M,EQ,198.1,195,197.5,191.2,194.5,194.1,194.68,2185430,4.25454E+13,,529589,0.2423
07-08-2003,M&M,EQ,194.1,195,197.9,189.7,197.85,196.75,193.07,2892120,5.58389E+13,,425933,0.1473
08-08-2003,M&M,EQ,196.75,199.5,200.9,197.05,199.7,199.65,199.35,1369914,2.73088E+13,,280638,0.2049
11-08-2003,M&M,EQ,199.65,199.9,208,197.5,205.25,205,203.87,1972497,4.02131E+13,,404255,0.2049
12-08-2003,M&M,EQ,205,208,211.25,205,205.75,206.1,208.07,2486316,5.17332E+13,,528056,0.2124
13-08-2003,M&M,EQ,206.1,205.6,208.5,203.25,207,207.2,206.68,1359713,2.81025E+13,,421311,0.3099
14-08-2003,M&M,EQ,207.2,208,208.25,200.3,204,202.55,204.67,2373995,4.85892E+13,,1016441,0.4282
18-08-2003,M&M,EQ,202.55,204.05,211,203.25,210.45,209.8,207.75,1275470,2.6498E+13,,313705,0.246
19-08-2003,M&M,EQ,209.8,212.35,215,206.55,208.05,207.85,210.45,1247064,2.6245E+13,,394328,0.3162
20-08-2003,M&M,EQ,207.85,208.9,212.9,208,210.35,209.95,210.7,1165464,2.45569E+13,,337677,0.2897
21-08-2003,M&M,EQ,209.95,212.4,213.75,210.15,210.75,211.25,211.85,1226829,2.599E+13,,447310,0.3646
22-08-2003,M&M,EQ,211.25,212,212.5,205.55,208.9,208.05,209.38,1440980,3.0171E+13,,442813,0.3073
25-08-2003,M&M,EQ,208.05,209.05,210.8,187,192,193.9,199.72,1629862,3.25514E+13,,509190,0.3124
26-08-2003,M&M,EQ,193.9,195,203.35,193.5,203,202.65,199.7,1566948,3.12917E+13,,439037,0.2802
27-08-2003,M&M,EQ,202.65,205,209.7,204,204,205,206.41,1011732,2.08836E+13,,219412,0.2169
28-08-2003,M&M,EQ,205,214.6,214.6,193.55,197.25,196.3,199.49,2206721,4.40216E+13,,845204,0.383
29-08-2003,M&M,EQ,196.3,199.25,203.5,198.5,200.2,200.95,201.13,1019061,2.04964E+13,,298281,0.2927
01-09-2003,M&M,EQ,200.95,201.1,202.5,197,200.1,199.85,199.95,701476,1.40262E+13,,291181,0.4151
02-09-2003,M&M,EQ,199.85,201,201.9,192.65,195.75,196.45,195.1,2069923,4.03834E+13,,976386,0.4717
03-09-2003,M&M,EQ,196.45,196.95,200.1,192,192.45,193.5,197.36,1107106,2.18498E+13,,379279,0.3426
04-09-2003,M&M,EQ,193.5,193.5,195.9,186.55,188,187.7,190.05,1611903,3.06347E+13,,612565,0.38
05-09-2003,M&M,EQ,187.7,191.9,202.4,188.05,201.7,200.6,194.68,2741231,5.33659E+13,,1241299,0.4528
08-09-2003,M&M,EQ,200.6,202.8,207.25,202.5,206,205.95,205.61,1925592,3.95921E+13,,893814,0.4642
09-09-2003,M&M,EQ,205.95,208,208.4,200.4,203.75,202.25,204.4,1282957,2.62235E+13,,699353,0.5451
10-09-2003,M&M,EQ,202.25,202,216.25,200.25,215,214.6,211.64,5337137,1.12957E+14,,1865148,0.3495
11-09-2003,M&M,EQ,214.6,214,221.45,212.15,219.7,217.65,218.32,2176653,4.75198E+13,,572189,0.2629
12-09-2003,M&M,EQ,217.65,218,221.7,210.2,210.9,211.25,215.18,1117911,2.40553E+13,,199108,0.1781
15-09-2003,M&M,EQ,211.25,212,212.9,206.1,209.9,209.65,209.81,990519,2.07821E+13,,383718,0.3874
16-09-2003,M&M,EQ,209.65,209.5,224.4,206.55,223.2,222.95,217.16,1419395,3.08234E+13,,390087,0.2748
17-09-2003,M&M,EQ,222.95,222,225.6,212.05,213,215.7,220.39,931399,2.05273E+13,,155078,0.1665
18-09-2003,M&M,EQ,215.7,212,215,201.3,201.6,202.8,207.21,1168555,2.42133E+13,,321535,0.2752
19-09-2003,M&M,EQ,202.8,204,214.9,197.6,214.1,212.45,208.12,1763422,3.66996E+13,,367232,0.2082
22-09-2003,M&M,EQ,212.45,213,218.7,200.8,213,213.4,215.12,1065278,2.29162E+13,,127152,0.1194
23-09-2003,M&M,EQ,213.4,212,222,211,222,220.8,216.79,1318286,2.8579E+13,,230874,0.1751
24-09-2003,M&M,EQ,220.8,222.4,229,219.6,226.15,227,225.22,1533122,3.45291E+13,,384457,0.2508
25-09-2003,M&M,EQ,227,225,231,221,226.75,226.25,228.05,1432286,3.26626E+13,,288919,0.2017
26-09-2003,M&M,EQ,226.25,226,233.25,226,230.5,230.8,230.46,1130650,2.60565E+13,,259084,0.2291
29-09-2003,M&M,EQ,230.8,232,238.85,230,237.5,236.95,234.86,1066399,2.50456E+13,,350833,0.329
30-09-2003,M&M,EQ,236.95,238,241,233,237,237.1,235.78,1062847,2.50593E+13,,423579,0.3985
01-10-2003,M&M,EQ,237.1,240,243,234.55,240,240.65,239.79,849266,2.03647E+13,,226786,0.267
03-10-2003,M&M,EQ,240.65,239,253,239,253,250.4,246.36,1270289,3.12954E+13,,382696,0.3013
06-10-2003,M&M,EQ,250.4,253.4,274.75,252.5,274,273.15,267.68,2060228,5.51475E+13,,350333,0.17
07-10-2003,M&M,EQ,273.15,275,281.4,263,271.55,272.15,275.68,2448620,6.7504E+13,,408038,0.1666
08-10-2003,M&M,EQ,272.15,274.7,281.9,273.05,280,278.65,277.76,1809017,5.02465E+13,,334747,0.185
09-10-2003,M&M,EQ,278.65,280.6,289,279.1,288.15,287.6,284.69,1563094,4.44999E+13,,332734,0.2129
10-10-2003,M&M,EQ,287.6,290.25,292.75,285.6,290.15,290.75,290.21,1134173,3.29153E+13,,223364,0.1969
13-10-2003,M&M,EQ,290.75,292.5,295.85,285.6,293.9,294,292.69,989029,2.89478E+13,,254092,0.2569
14-10-2003,M&M,EQ,294,295,296.8,283.45,285.15,285.5,290.68,1267895,3.68553E+13,,206735,0.1631
15-10-2003,M&M,EQ,285.5,281,296,280.1,295,291.35,286.85,927366,2.66011E+13,,177609,0.1915
16-10-2003,M&M,EQ,291.35,294,304.75,294,299,300.05,300.63,1499117,4.50681E+13,,358601,0.2392
17-10-2003,M&M,EQ,300.05,301.9,314.5,298.5,308,308.85,309.54,2543795,7.87396E+13,,843754,0.3317
20-10-2003,M&M,EQ,308.85,314,320,304.5,305.5,306.55,313.44,1210787,3.79506E+13,,219139,0.181
21-10-2003,M&M,EQ,306.55,266,314.5,266,295.7,295.45,307.28,2140328,6.57681E+13,,419774,0.1961
22-10-2003,M&M,EQ,295.45,295,303.45,285.55,290.1,290,295.04,1841296,5.43264E+13,,309662,0.1682
23-10-2003,M&M,EQ,290,291,296.3,282,285,285.15,290.64,1466603,4.2625E+13,,231365,0.1578
24-10-2003,M&M,EQ,285.15,287.85,308.5,277,307.5,304.65,291.51,2476802,7.22008E+13,,368075,0.1486
25-10-2003,M&M,EQ,304.65,310,314.4,306.05,312.35,312.55,311.78,818252,2.55112E+13,,,
27-10-2003,M&M,EQ,312.55,310.25,324,307.65,310.95,310.7,316.57,3566335,1.12898E+14,,449563,0.1025
28-10-2003,M&M,EQ,310.7,312,316.4,301.3,307.95,305.3,309.71,2596313,8.04106E+13,,255702,0.0985
29-10-2003,M&M,EQ,305.3,308.5,323.4,306.6,322.35,321.05,312.8,2917439,9.1258E+13,,564355,0.1934
30-10-2003,M&M,EQ,321.05,322,326.8,318,324.1,323.85,322.08,3168391,1.02047E+14,,604689,0.1909
31-10-2003,M&M,EQ,323.85,326,342.7,326,341.1,340.85,336.62,2708329,9.11691E+13,,529383,0.1955
03-11-2003,M&M,EQ,340.85,344,355,342,354.6,353.15,349.71,2350400,8.21967E+13,,363974,0.1549
04-11-2003,M&M,EQ,353.15,357,361.4,345,347.15,349.4,352.79,1922258,6.78151E+13,,289179,0.1504
05-11-2003,M&M,EQ,349.4,355.45,355.45,340.4,348.2,346.55,348.56,2035465,7.09486E+13,,220971,0.1086
06-11-2003,M&M,EQ,346.55,349.8,351.2,338,339.9,341.85,345.11,1811529,6.25168E+13,,627023,0.3461
07-11-2003,M&M,EQ,341.85,343,343.45,331.45,331.5,333.5,337.06,1948404,6.56719E+13,,437207,0.2244
10-11-2003,M&M,EQ,333.5,338.5,338.5,324.9,336.15,335.25,332.17,846615,2.81221E+13,,218377,0.2579
11-11-2003,M&M,EQ,335.25,337,343.05,334,336.7,336.4,337.84,1374321,4.64307E+13,,452256,0.3291
12-11-2003,M&M,EQ,336.4,339,344.05,336.25,341,339.35,340.47,1257799,4.28246E+13,,259364,0.2062
13-11-2003,M&M,EQ,339.35,340,343,331.4,333.5,334.2,338.03,1333408,4.50726E+13,,197759,0.1483
14-11-2003,M&M,EQ,334.2,335,335,322.4,324,324.2,329.77,1236198,4.07662E+13,,301451,0.2439
15-11-2003,M&M,EQ,324.2,325.8,340,320.55,333.7,330.05,326.23,347329,1.1331E+13,,74566,0.2147
17-11-2003,M&M,EQ,330.05,330,337.4,327.15,336.25,335.7,331.96,1206838,4.00618E+13,,367204,0.3043
18-11-2003,M&M,EQ,335.7,336.2,342.2,329.25,332.5,332.3,335.42,1171305,3.92875E+13,,255213,0.2179
19-11-2003,M&M,EQ,332.3,332.85,332.85,314,315.9,315.6,320.95,2033713,6.52721E+13,,634930,0.3122
20-11-2003,M&M,EQ,315.6,319.9,323.8,307.6,309,308.95,316.49,2003119,6.3397E+13,,312228,0.1559
21-11-2003,M&M,EQ,308.95,309.95,324,304.55,323.5,321.25,312.4,2672031,8.34734E+13,,406972,0.1523
24-11-2003,M&M,EQ,321.25,323,328,318.55,326,323.6,324.14,1774557,5.75197E+13,,339417,0.1913
25-11-2003,M&M,EQ,323.6,328.9,332.9,322.1,332.35,331.85,327.39,1359160,4.44982E+13,,225296,0.1658
27-11-2003,M&M,EQ,331.85,334,353.9,333.5,346,345.85,341.14,2193975,7.48452E+13,,799405,0.3644
28-11-2003,M&M,EQ,345.85,348.1,355,341.05,353.55,352.75,348.2,1676764,5.83842E+13,,286325,0.1708
01-12-2003,M&M,EQ,352.75,356,361.95,353.1,359.05,359.5,358.72,1560187,5.59678E+13,,376423,0.2413
02-12-2003,M&M,EQ,359.5,364.4,364.4,346.2,353,351.85,352.24,1672413,5.89088E+13,,432106,0.2584
03-12-2003,M&M,EQ,351.85,354,356.95,348.6,350.2,351.35,353.4,1066098,3.76755E+13,,261177,0.245
04-12-2003,M&M,EQ,351.35,356,356.45,347.1,353.05,353.2,352.74,1141643,4.02706E+13,,221863,0.1943
05-12-2003,M&M,EQ,353.2,354.5,355.9,341.05,342.15,342.6,348.71,793312,2.76639E+13,,173851,0.2191
08-12-2003,M&M,EQ,342.6,343,350.6,338,349.95,347.75,343.35,917045,3.14871E+13,,167322,0.1825
09-12-2003,M&M,EQ,347.75,355,358.35,346.1,356.55,355.7,351.91,1106136,3.89258E+13,,429833,0.3886
10-12-2003,M&M,EQ,355.7,356,357.9,349.1,353.85,351.7,353.99,915848,3.242E+13,,241770,0.264
11-12-2003,M&M,EQ,351.7,354,354.9,346.5,350,350.05,350.47,693236,2.42959E+13,,202457,0.292
12-12-2003,M&M,EQ,350.05,353.45,354,345.5,351.5,352.3,349.65,757708,2.64933E+13,,154894,0.2044
15-12-2003,M&M,EQ,352.3,355,356.5,350.3,352.35,351.7,353.32,992651,3.50724E+13,,410773,0.4138
16-12-2003,M&M,EQ,351.7,352.4,352.4,344.1,348.3,348.85,348.34,824935,2.87354E+13,,224814,0.2725
17-12-2003,M&M,EQ,348.85,349,353.75,347.55,348,349.15,350.66,1239165,4.34522E+13,,352780,0.2847
18-12-2003,M&M,EQ,349.15,381,381,347.05,352.35,352.5,351.12,1449044,5.08786E+13,,666273,0.4598
19-12-2003,M&M,EQ,352.5,354,363,352.15,358.4,358.95,358.43,1663520,5.9625E+13,,454861,0.2734
22-12-2003,M&M,EQ,358.95,405,405,359.4,364,364.6,364.9,1417571,5.17271E+13,,495509,0.3495
23-12-2003,M&M,EQ,364.6,367,371.45,365.5,367.2,367.45,368.71,1660572,6.12278E+13,,544615,0.328
24-12-2003,M&M,EQ,367.45,367.9,368.5,360.1,361.5,361.35,364,1124456,4.09307E+13,,361849,0.3218
26-12-2003,M&M,EQ,361.35,364.1,377.45,363,376.05,375.75,373.02,1334112,4.97647E+13,,379078,0.2841
29-12-2003,M&M,EQ,375.75,378.5,384.9,378,382.25,381.9,381.85,1098526,4.19471E+13,,419765,0.3821
30-12-2003,M&M,EQ,381.9,390,396,372.05,378,377.15,380.26,866308,3.29419E+13,,281695,0.3252
31-12-2003,M&M,EQ,377.15,381.4,390.9,375.25,390.1,388.8,385.03,1614029,6.21447E+13,,442461,0.2741
01-01-2004,M&M,EQ,388.8,392.55,397.7,390.5,392.5,393.6,394.17,1285556,5.06731E+13,,133114,0.1035
02-01-2004,M&M,EQ,393.6,395,397,392,394.1,394.4,394.72,770432,3.04108E+13,,263209,0.3416
05-01-2004,M&M,EQ,394.4,395,402,388,390.15,392.8,394.11,940628,3.70709E+13,,305164,0.3244
06-01-2004,M&M,EQ,392.8,396,397,387.2,389.25,390.55,393.84,821723,3.23629E+13,,329506,0.401
07-01-2004,M&M,EQ,390.55,390,392,381.2,390.25,389.85,385.2,548012,2.11096E+13,,174763,0.3189
08-01-2004,M&M,EQ,389.85,392.9,406,392.1,402.9,403.05,402.08,968490,3.89408E+13,,251765,0.26
09-01-2004,M&M,EQ,403.05,410,426,404.25,420,421.75,417.32,2136690,8.91675E+13,,779585,0.3649
12-01-2004,M&M,EQ,421.75,418,425,390,407.65,410.25,417.79,801645,3.34916E+13,,161643,0.2016
13-01-2004,M&M,EQ,410.25,411.9,432,406,431,427.8,417.34,1443526,6.02444E+13,,305758,0.2118
14-01-2004,M&M,EQ,427.8,431.25,440,431.05,438.9,438.6,435.79,1180021,5.14244E+13,,199985,0.1695
15-01-2004,M&M,EQ,438.6,441.9,447.4,417.65,420,419.95,435.09,1566727,6.81673E+13,,277675,0.1772
16-01-2004,M&M,EQ,419.95,422,428.35,402,403,405.05,417.16,1583387,6.60528E+13,,388750,0.2455
19-01-2004,M&M,EQ,405.05,408,414.9,389.05,414.4,412.6,401.5,2850554,1.14449E+14,,801090,0.281
20-01-2004,M&M,EQ,412.6,419.8,424.8,394.15,395,397.9,409.13,2126955,8.70207E+13,,358641,0.1686
21-01-2004,M&M,EQ,397.9,399.9,399.9,362,371,367.1,385.84,2031954,7.84009E+13,,568168,0.2796
22-01-2004,M&M,EQ,367.1,372.1,387.9,356.8,368,361.95,370.65,2306706,8.54982E+13,,621681,0.2695
23-01-2004,M&M,EQ,361.95,372,409.95,363.5,409,406.2,382.82,1637163,6.26733E+13,,364001,0.2223
27-01-2004,M&M,EQ,406.2,400.1,423.9,400.1,422.45,421.1,416.27,1326828,5.52323E+13,,253377,0.191
28-01-2004,M&M,EQ,421.1,422.1,427.55,394,409.9,403.45,411.31,1946120,8.00458E+13,,242367,0.1245
29-01-2004,M&M,EQ,403.45,414.9,417.5,393.75,406,405.65,406.31,1842866,7.48774E+13,,319771,0.1735
30-01-2004,M&M,EQ,405.65,412,420.4,392.4,412.5,409.25,408.55,4092328,1.67194E+14,,813537,0.1988
03-02-2004,M&M,EQ,409.25,413.95,431,407,414,411.8,418.28,4028504,1.68504E+14,,841799,0.209
04-02-2004,M&M,EQ,411.8,415.95,442,414.5,441,439.95,430.09,3556959,1.52982E+14,,596697,0.1678
05-02-2004,M&M,EQ,439.95,441,460.7,432,444.05,440.65,447.68,4735498,2.11997E+14,,457767,0.0967
06-02-2004,M&M,EQ,440.65,441,448.9,428.6,441.9,441.6,437.3,3161022,1.38233E+14,,252451,0.0799
09-02-2004,M&M,EQ,441.6,447.8,456.8,431.1,453.2,454.2,450.56,3509709,1.58134E+14,,596193,0.1699
10-02-2004,M&M,EQ,454.2,455.95,456,433.35,443.5,442.5,445.42,2676184,1.19202E+14,,447424,0.1672
11-02-2004,M&M,EQ,442.5,445,449.75,441.2,447.9,448,445.86,2289904,1.02097E+14,,455402,0.1989
12-02-2004,M&M,EQ,448,450,466.1,449.9,461.55,463.4,458.67,5253914,2.40982E+14,,1072276,0.2041
13-02-2004,M&M,EQ,463.4,465,465.7,455.55,462.9,463.4,460.42,2044293,9.41239E+13,,368095,0.1801
16-02-2004,M&M,EQ,463.4,462.5,495.8,460,483.5,485.85,486.4,6576584,3.19884E+14,,953688,0.145
17-02-2004,M&M,EQ,485.85,481,493.9,477.7,491.1,491.05,485.88,4163506,2.02295E+14,,602511,0.1447
18-02-2004,M&M,EQ,491.05,494.8,505.5,493,498.55,500.7,501.01,5054385,2.5323E+14,,1257762,0.2488
19-02-2004,M&M,EQ,500.7,500,501,484.15,484.2,488.05,493.69,4046441,1.99768E+14,,921819,0.2278
20-02-2004,M&M,EQ,488.05,485,497.8,479,492.6,490.45,488.63,2819278,1.37759E+14,,446898,0.1585
23-02-2004,M&M,EQ,490.45,497,498,474.65,475.25,477.65,486.43,1889459,9.19095E+13,,287295,0.1521
24-02-2004,M&M,EQ,477.65,476,486.25,470,484.8,484.7,480.19,2641536,1.26845E+14,,324596,0.1229
25-02-2004,M&M,EQ,484.7,487.9,487.9,455.6,468.8,470.45,475.15,1933420,9.18667E+13,,178560,0.0924
26-02-2004,M&M,EQ,470.45,475,479,444,449.45,447.35,462.73,4851830,2.2451E+14,,1180814,0.2434
27-02-2004,M&M,EQ,447.35,449.45,468,445.55,466.65,464.75,456.43,2853103,1.30226E+14,,249861,0.0876
01-03-2004,M&M,EQ,464.75,468.85,475,464,474.35,474.5,469.93,1573771,7.39557E+13,,220761,0.1403
03-03-2004,M&M,EQ,474.5,476,492.5,472.65,488,488.7,485.52,3015294,1.46399E+14,,203377,0.0674
04-03-2004,M&M,EQ,488.7,490,496.85,479.35,488.15,486.95,490.11,3148043,1.54288E+14,,563916,0.1791
05-03-2004,M&M,EQ,486.95,495,497.25,487.1,492.65,493.65,493.13,1668465,8.22766E+13,,227530,0.1364
08-03-2004,M&M,EQ,493.65,495,503,492.15,493.2,494.65,498.44,1724463,8.59537E+13,,266032,0.1543
09-03-2004,M&M,EQ,494.65,495,498.9,475,490.15,490.85,484.06,1777189,8.60266E+13,,197153,0.1109
10-03-2004,M&M,EQ,490.85,494.75,494.75,478.7,485,485.1,484.56,1772009,8.58638E+13,,206813,0.1167
11-03-2004,M&M,EQ,485.1,455.95,488.9,455.95,464,468,474.26,1862999,8.83539E+13,,396269,0.2127
12-03-2004,M&M,EQ,468,465,482,459.1,479.9,479.6,472.11,2273968,1.07356E+14,,125631,0.0552
15-03-2004,M&M,EQ,479.6,482.85,490,457.1,464.1,462.75,467.59,2044300,9.55904E+13,,483751,0.2366
16-03-2004,M&M,EQ,462.75,459.8,474.5,445.1,462.95,462.8,459.05,2774534,1.27364E+14,,302486,0.109
17-03-2004,M&M,EQ,462.8,467.45,470.95,452.25,458.4,461.4,461.28,2057300,9.48997E+13,,262144,0.1274
18-03-2004,M&M,EQ,461.4,460.25,465.9,447,449.2,450.3,453.63,2137964,9.69834E+13,,323287,0.1512
19-03-2004,M&M,EQ,450.3,450.15,458.95,442.45,448.5,451.45,450.77,1911143,8.61488E+13,,84788,0.0444
22-03-2004,M&M,EQ,451.45,451,451,416.1,422.55,420.8,432.8,2390085,1.03442E+14,,481621,0.2015
23-03-2004,M&M,EQ,420.8,422,438.8,420,426,428.05,428.82,2260937,9.69537E+13,,350040,0.1548
24-03-2004,M&M,EQ,428.05,402.35,444.8,402.35,439,435.5,430.27,1712852,7.36989E+13,,217744,0.1271
25-03-2004,M&M,EQ,435.5,442,448.9,432.2,447,440.4,437.56,1958041,8.56766E+13,,413319,0.2111
26-03-2004,M&M,EQ,440.4,447,467.8,447,462.5,464.65,458.11,1409637,6.45775E+13,,205452,0.1457
29-03-2004,M&M,EQ,464.65,465.1,469,453.05,462.6,463.85,461.51,1363975,6.29494E+13,,259472,0.1902
30-03-2004,M&M,EQ,463.85,466,468.45,453,455,455.35,460.92,1284433,5.92026E+13,,197031,0.1534
31-03-2004,M&M,EQ,455.35,455.6,468.3,452,464.25,464.6,461.29,1692876,7.809E+13,,319692,0.1888
01-04-2004,M&M,EQ,464.6,467,480,467,477.6,477.5,474.4,1934421,9.17686E+13,,375392,0.1941
02-04-2004,M&M,EQ,477.5,483,485,466.5,475,476.1,475.65,2173160,1.03366E+14,,424273,0.1952
05-04-2004,M&M,EQ,476.1,480,485.9,469.15,471.95,472.55,479.61,1715861,8.22943E+13,,349178,0.2035
06-04-2004,M&M,EQ,472.55,473.05,485.9,467.2,476.9,475.55,477.56,2610664,1.24674E+14,,261572,0.1002
07-04-2004,M&M,EQ,475.55,478,484.4,473.25,481.9,480.8,478.44,1710798,8.18519E+13,,194021,0.1134
08-04-2004,M&M,EQ,480.8,481.8,483.5,473.25,477,476.95,478.66,1483676,7.10177E+13,,216358,0.1458
12-04-2004,M&M,EQ,476.95,481,484,469.25,469.95,472.95,478.47,1141831,5.4633E+13,,227898,0.1996
13-04-2004,M&M,EQ,472.95,474.5,484,464.1,483.95,481.7,474.14,1077806,5.11035E+13,,289104,0.2682
15-04-2004,M&M,EQ,481.7,484,492.5,478.2,483.5,481.9,486.06,1593120,7.74344E+13,,296042,0.1858
16-04-2004,M&M,EQ,481.9,485,489.8,480.15,481.55,482.4,484.71,826847,4.00785E+13,,117363,0.1419
17-04-2004,M&M,EQ,482.4,487.4,487.4,476.2,479,478.25,479.88,226120,1.08509E+13,,32355,0.1431
19-04-2004,M&M,EQ,478.25,483,484.75,464,465.2,466.5,471.91,1005909,4.74696E+13,,194693,0.1935
20-04-2004,M&M,EQ,466.5,464.75,470,457.25,459.15,460.95,461.52,1176322,5.42898E+13,,281328,0.2392
21-04-2004,M&M,EQ,460.95,461,477.6,457.65,475.25,475.05,471.52,1103149,5.20162E+13,,261601,0.2371
22-04-2004,M&M,EQ,475.05,475,490.05,470.5,489,487.8,481.89,1326445,6.39204E+13,,285765,0.2154
23-04-2004,M&M,EQ,487.8,491.9,497,480.8,485.3,485.45,489.95,1320440,6.46952E+13,,230826,0.1748
27-04-2004,M&M,EQ,485.45,481.5,481.5,460,464.9,463.65,467.2,829978,3.87768E+13,,254988,0.3072
28-04-2004,M&M,EQ,463.65,463.55,483.8,463.55,482,479.05,474.47,2004079,9.50873E+13,,191172,0.0954
29-04-2004,M&M,EQ,479.05,481,484.8,467.4,473.2,472.3,475.33,1818653,8.64456E+13,,473745,0.2605
30-04-2004,M&M,EQ,472.3,474,476,467.2,469,469.65,472.08,1060045,5.00427E+13,,324751,0.3064
03-05-2004,M&M,EQ,469.65,470,471,430.3,450.2,451.65,448.81,1319556,5.92229E+13,,213675,0.1619
04-05-2004,M&M,EQ,451.65,458,468.95,451.15,468.05,464.5,463.92,787175,3.65184E+13,,84710,0.1076
05-05-2004,M&M,EQ,464.5,469.4,474.5,464.5,474,472.55,470.13,751399,3.53254E+13,,109427,0.1456
06-05-2004,M&M,EQ,472.55,482,496.9,474.55,491.35,493.35,487.16,1504513,7.32934E+13,,303328,0.2016
07-05-2004,M&M,EQ,493.35,494.9,494.9,477.1,478,481.65,482.7,1031992,4.98141E+13,,238200,0.2308
10-05-2004,M&M,EQ,481.65,479.7,495,472,486,490.25,486.84,3179664,1.54798E+14,,974393,0.3064
11-05-2004,M&M,EQ,490.25,480,482.75,468,477,474,475.61,1819652,8.65452E+13,,537904,0.2956
12-05-2004,M&M,EQ,474,471.05,479,463,478.05,474.65,471.92,1743296,8.22689E+13,,366736,0.2104
13-05-2004,M&M,EQ,474.65,468,497.5,450.1,479.15,480.8,480.52,2390534,1.14871E+14,,589997,0.2468
14-05-2004,M&M,EQ,480.8,464.25,485,430.05,450.1,449.45,454.35,2090968,9.50038E+13,,653227,0.3124
17-05-2004,M&M,EQ,449.45,450.6,478,360,395.75,393.8,418.93,1541441,6.45753E+13,,695788,0.4514
18-05-2004,M&M,EQ,393.8,397,429,396.1,410.05,411.5,412.71,1285318,5.30464E+13,,410824,0.3196
19-05-2004,M&M,EQ,411.5,426.2,447,426,442,441.5,438.68,983169,4.31297E+13,,272089,0.2767
20-05-2004,M&M,EQ,441.5,445.5,462.95,426,458,455.9,454.95,1340194,6.09725E+13,,349969,0.2611
21-05-2004,M&M,EQ,455.9,454,454,436,440.5,445.85,444.25,1280016,5.68649E+13,,306328,0.2393
24-05-2004,M&M,EQ,445.85,449,479.5,449,475,475.4,466.91,1058094,4.94034E+13,,182876,0.1728
25-05-2004,M&M,EQ,475.4,475,479.95,456,470,475.25,465.75,1086756,5.06156E+13,,254359,0.2341
26-05-2004,M&M,EQ,475.25,472,478.8,456.6,458,460.2,467.01,1339145,6.25395E+13,,355229,0.2653
27-05-2004,M&M,EQ,460.2,455,462,443.25,462,452.3,454.41,1760395,7.99949E+13,,432613,0.2457
28-05-2004,M&M,EQ,452.3,450,452,400.15,435,429.75,428.17,3072944,1.31576E+14,,864398,0.2813
31-05-2004,M&M,EQ,429.75,429.75,432.5,391.65,422,423.05,414.97,4382588,1.81866E+14,,629798,0.1437
01-06-2004,M&M,EQ,423.05,428.5,443.55,421.9,426,425.8,435.71,2483605,1.08214E+14,,489116,0.1969
02-06-2004,M&M,EQ,425.8,428.5,443,422,443,437.8,431.27,2443872,1.05398E+14,,415163,0.1699
03-06-2004,M&M,EQ,437.8,442.1,448,421.25,422.5,427.3,436.69,1873802,8.18274E+13,,232653,0.1242
04-06-2004,M&M,EQ,427.3,420.05,433,416.1,432,430.6,427.58,2305564,9.85806E+13,,415444,0.1802
07-06-2004,M&M,EQ,430.6,437,450.9,435.05,445.55,444,444.82,2121292,9.43591E+13,,423740,0.1998
08-06-2004,M&M,EQ,444,445,448.75,438.25,448,446.15,443.41,1079392,4.78617E+13,,151513,0.1404
09-06-2004,M&M,EQ,446.15,450.4,457.4,446.55,451.9,451.05,452.18,1517427,6.86144E+13,,196755,0.1297
10-06-2004,M&M,EQ,451.05,405.9,454.3,405.9,447.1,450.2,449.25,1286882,5.7813E+13,,227081,0.1765
11-06-2004,M&M,EQ,450.2,440,453.5,440,444,447.25,447.69,1713618,7.67172E+13,,406101,0.237
14-06-2004,M&M,EQ,447.25,443.9,443.9,430.5,442,439.55,437.91,1534108,6.71794E+13,,199715,0.1302
15-06-2004,M&M,EQ,439.55,438.5,448.8,429.1,438,436.85,435.23,2639473,1.14877E+14,,393587,0.1491
16-06-2004,M&M,EQ,436.85,437,442.5,433.35,434.25,436.8,437.33,1209840,5.29094E+13,,82285,0.068
17-06-2004,M&M,EQ,436.8,433,451,426.3,450.4,445.65,436.41,1662554,7.25555E+13,,123270,0.0741
18-06-2004,M&M,EQ,445.65,448.9,448.9,433.3,437.35,436.75,440.46,1346831,5.93225E+13,,87343,0.0649
21-06-2004,M&M,EQ,436.75,435,441,429.45,432.1,432.15,433.47,1366310,5.92253E+13,,317333,0.2323
22-06-2004,M&M,EQ,432.15,430,436.4,427,430.25,430.05,431.04,1294690,5.58064E+13,,135199,0.1044
23-06-2004,M&M,EQ,430.05,430,434.9,409.35,419,416.55,416.9,3307626,1.37896E+14,,722499,0.2184
24-06-2004,M&M,EQ,416.55,419,433.5,411.05,432.9,431.2,425.3,2828351,1.20289E+14,,592794,0.2096
25-06-2004,M&M,EQ,431.2,432,439.55,425.15,434.65,435.8,434.22,1259474,5.46887E+13,,191073,0.1517
28-06-2004,M&M,EQ,435.8,433.9,438,425.1,436.5,436.7,431.46,1439834,6.21234E+13,,151600,0.1053
29-06-2004,M&M,EQ,436.7,436.7,446.25,431,439,439.95,439.45,1693271,7.44105E+13,,212563,0.1255
30-06-2004,M&M,EQ,439.95,442,451,440,442,442.15,445.86,1836586,8.18853E+13,,325917,0.1775
01-07-2004,M&M,EQ,442.15,442.05,450.7,438,449.5,448.8,444.76,1613913,7.1781E+13,,321534,0.1992
02-07-2004,M&M,EQ,448.8,448,468.95,445,464.85,465.3,462.02,3028949,1.39944E+14,,425967,0.1406
05-07-2004,M&M,EQ,465.3,466,469.9,456.1,457.5,458.85,463.14,1434452,6.64359E+13,,225573,0.1573
06-07-2004,M&M,EQ,458.85,457,473.25,455.6,470.1,471.6,463.98,1546039,7.17333E+13,,208108,0.1346
07-07-2004,M&M,EQ,471.6,468.35,481,468.35,474,474.55,476.63,1538780,7.33425E+13,,195458,0.127
08-07-2004,M&M,EQ,474.55,476,525,475.1,500,502.05,499.89,5266796,2.63283E+14,,935383,0.1776
09-07-2004,M&M,EQ,502.05,515,516,464,511,510.75,509.27,1995917,1.01645E+14,,233093,0.1168
12-07-2004,M&M,EQ,510.75,515,515,498.1,499.8,501.35,504.31,1618923,8.16433E+13,,306879,0.1896
13-07-2004,M&M,EQ,501.35,502,502,477.6,479.05,479.55,484.41,2149298,1.04114E+14,,652722,0.3037
14-07-2004,M&M,EQ,479.55,480,483.95,467.1,467.2,469.4,475.49,2460475,1.16993E+14,,342141,0.1391
15-07-2004,M&M,EQ,469.4,465,480.9,465,475.4,476.05,476.29,2165557,1.03144E+14,,405688,0.1873
16-07-2004,M&M,EQ,476.05,477,480.7,473.45,475.75,476.7,477.05,1740750,8.3043E+13,,234973,0.135
19-07-2004,M&M,EQ,476.7,478,479.9,461.15,462.7,465.05,471.54,2012900,9.49168E+13,,520611,0.2586
20-07-2004,M&M,EQ,465.05,465.55,466,456.3,459,459.45,460.68,2087780,9.61797E+13,,240369,0.1151
21-07-2004,M&M,EQ,459.45,460.9,464.7,446.1,452.25,450.85,455.6,3237310,1.4749E+14,,679231,0.2098
22-07-2004,M&M,EQ,450.85,455,455,430.25,432.25,432.95,439.44,4643789,2.04068E+14,,1240416,0.2671
23-07-2004,M&M,EQ,432.95,433,444.4,429.25,440.75,441.25,439.96,3095372,1.36183E+14,,720104,0.2326
26-07-2004,M&M,EQ,441.25,467.75,467.75,441,446.25,446.6,448.6,1957771,8.78257E+13,,248990,0.1272
27-07-2004,M&M,EQ,446.6,444.1,452,441,443.05,442.6,446.33,1585410,7.07622E+13,,195678,0.1234
28-07-2004,M&M,EQ,442.6,439,447.8,439,446.95,445.5,444.47,1970414,8.75788E+13,,242944,0.1233
29-07-2004,M&M,EQ,445.5,446,451.25,437.15,440.5,439.45,443.86,2913431,1.29317E+14,,1051821,0.361
30-07-2004,M&M,EQ,439.45,446.5,456,442.25,451,451.9,450.2,2208839,9.94424E+13,,339463,0.1537
02-08-2004,M&M,EQ,451.9,454,459,444.55,447.8,447.1,451.5,2101795,9.4896E+13,,443321,0.2109
03-08-2004,M&M,EQ,447.1,450,453.75,443.2,445.15,444.75,447.82,2279252,1.0207E+14,,371529,0.163
04-08-2004,M&M,EQ,444.75,471.45,471.45,438.15,440.2,440.05,442.99,2109360,9.34427E+13,,253168,0.12
05-08-2004,M&M,EQ,440.05,435.25,448.5,435.25,448.3,446.8,444.51,1378487,6.12745E+13,,415778,0.3016
06-08-2004,M&M,EQ,446.8,447,453.3,440.65,443.5,443.15,447,1536416,6.86777E+13,,306768,0.1997
09-08-2004,M&M,EQ,443.15,438.25,447,438.25,446.55,446.2,443.53,821485,3.6435E+13,,96219,0.1171
10-08-2004,M&M,EQ,446.2,447.5,462.5,447,458.5,459.9,456.54,2267086,1.03502E+14,,421813,0.1861
11-08-2004,M&M,EQ,459.9,461,463.75,445,446.5,447.5,456.43,1956463,8.92981E+13,,363191,0.1856
12-08-2004,M&M,EQ,447.5,450,451.35,440.55,446.75,443.7,445.95,1138273,5.07618E+13,,115211,0.1012
13-08-2004,M&M,EQ,443.7,445.25,447.85,430.65,431.1,432.85,436.55,1686230,7.3613E+13,,311094,0.1845
16-08-2004,M&M,EQ,432.85,432.5,434,421.6,427.65,426.15,426.59,1853599,7.90727E+13,,323196,0.1744
17-08-2004,M&M,EQ,426.15,430.15,433.4,423.15,424.9,425.2,428.3,1415956,6.06449E+13,,238958,0.1688
18-08-2004,M&M,EQ,425.2,422.6,425,415.6,417.1,417.2,421.34,1078466,4.544E+13,,139921,0.1297
19-08-2004,M&M,EQ,417.2,417.1,428.65,415.35,428.65,426.4,423.07,1274135,5.39054E+13,,284801,0.2235
20-08-2004,M&M,EQ,426.4,430.3,430.3,414,417.75,417.4,418.16,1269506,5.30857E+13,,173878,0.137
23-08-2004,M&M,EQ,417.4,420,422.5,405.6,413.5,411.7,411.7,1921940,7.91261E+13,,462299,0.2405
24-08-2004,M&M,EQ,411.7,411,426.45,411,420.95,419.95,421.24,2035252,8.57329E+13,,566951,0.2786
25-08-2004,M&M,EQ,419.95,422,426.75,417.8,425.75,425,423.29,1245704,5.27299E+13,,262392,0.2106
26-08-2004,M&M,EQ,425,424,429.4,415.1,418.6,417.75,420.22,2176793,9.14742E+13,,661315,0.3038
27-08-2004,M&M,EQ,417.75,421,421,406.75,412.95,410.6,411.37,2668266,1.09765E+14,,902638,0.3383
30-08-2004,M&M,EQ,410.6,416,425.45,415.6,425,424.5,423.4,1230793,5.21112E+13,,332782,0.2704
31-08-2004,M&M,EQ,424.5,427,430.9,419.5,430,428.4,424.56,1317796,5.59486E+13,,309492,0.2349
01-09-2004,M&M,EQ,428.4,431,433.8,427.35,430,429.75,430.51,1334801,5.74641E+13,,251746,0.1886
02-09-2004,M&M,EQ,429.75,430,434.45,426.15,430.2,431.45,430.96,1982712,8.54473E+13,,305111,0.1539
03-09-2004,M&M,EQ,431.45,433.9,438.5,430.65,438.15,436.9,435.23,1807217,7.86557E+13,,446837,0.2473
06-09-2004,M&M,EQ,436.9,439.4,447.2,438,443.2,444.75,444.46,1239044,5.50701E+13,,379052,0.3059
07-09-2004,M&M,EQ,444.75,444,445,440.25,442,442.15,442.33,560869,2.48091E+13,,102465,0.1827
08-09-2004,M&M,EQ,442.15,443,447.8,442.2,446,446.1,445.61,758637,3.38059E+13,,203943,0.2688
09-09-2004,M&M,EQ,446.1,446.5,447,435.05,438.65,439.35,441.24,873542,3.85443E+13,,193332,0.2213
10-09-2004,M&M,EQ,439.35,440.1,440.85,432.3,439,438.6,437.32,806747,3.5281E+13,,152125,0.1886
13-09-2004,M&M,EQ,438.6,439.5,442.8,436.4,440.05,439.85,439.58,863517,3.79585E+13,,212947,0.2466
14-09-2004,M&M,EQ,439.85,442,442,432,440,437.55,436.47,382382,1.66898E+13,,76795,0.2008
15-09-2004,M&M,EQ,437.55,439.8,445.5,435.05,437.25,437.65,440.4,1078555,4.74997E+13,,229960,0.2132
16-09-2004,M&M,EQ,437.65,439.8,443.5,437,443.45,441.85,441.06,589062,2.59813E+13,,137168,0.2329
17-09-2004,M&M,EQ,441.85,443.5,454.35,442.3,451.55,451.6,449.47,1230976,5.53286E+13,,341069,0.2771
20-09-2004,M&M,EQ,451.6,454.05,457,447.65,449.5,449.2,452.85,1013275,4.58864E+13,,287677,0.2839
21-09-2004,M&M,EQ,449.2,448.8,454,447,451.2,450.85,451.38,566099,2.55526E+13,,124913,0.2207
22-09-2004,M&M,EQ,450.85,453,458.7,449.15,453.65,455.05,455.26,1302212,5.92842E+13,,323245,0.2482
23-09-2004,M&M,EQ,455.05,456,457.65,446.65,447.95,447.5,452.33,1136162,5.13923E+13,,324409,0.2855
24-09-2004,M&M,EQ,447.5,447.7,451.6,442.05,443.9,444.1,446.62,1048326,4.68202E+13,,221122,0.2109
27-09-2004,M&M,EQ,444.1,443,446.7,434.25,435.45,436.3,439.35,850164,3.73516E+13,,261694,0.3078
28-09-2004,M&M,EQ,436.3,435.45,435.45,428.25,428.55,429.7,431.86,673493,2.90857E+13,,174584,0.2592
29-09-2004,M&M,EQ,429.7,432,434.4,424.1,433.6,433.25,429.57,871694,3.74454E+13,,163916,0.188
30-09-2004,M&M,EQ,433.25,434,438.9,426.5,428.35,427.85,432.79,1552213,6.71779E+13,,480721,0.3097
01-10-2004,M&M,EQ,427.85,428,442.9,427.15,441.5,441.35,435.83,589814,2.57058E+13,,118588,0.2011
04-10-2004,M&M,EQ,441.35,444.15,458,443.5,453.1,452,452.55,990263,4.4814E+13,,400797,0.4047
05-10-2004,M&M,EQ,452,456,461.85,451.1,453.05,453,457.1,819920,3.74788E+13,,169726,0.207
06-10-2004,M&M,EQ,453,455.4,464.5,453,456.2,456,459.85,1632021,7.50485E+13,,605800,0.3712
07-10-2004,M&M,EQ,456,457,459.4,450.6,453,453.5,454.25,534827,2.42945E+13,,87590,0.1638
08-10-2004,M&M,EQ,453.5,450.15,455.9,448.1,449.3,449.7,450.54,628875,2.8333E+13,,182277,0.2898
09-10-2004,M&M,EQ,449.7,449.9,451,447,450.95,449.65,449.35,109622,4.92591E+12,,33593,0.3064
11-10-2004,M&M,EQ,449.65,449.9,453.65,443.1,444.4,444.1,447.65,263468,1.17943E+13,,65635,0.2491
12-10-2004,M&M,EQ,444.1,447.95,450,425,429,430.05,433.82,778435,3.37702E+13,,269849,0.3467
14-10-2004,M&M,EQ,430.05,431.1,436.9,428.05,434.7,433.45,432.85,484212,2.09592E+13,,118491,0.2447
15-10-2004,M&M,EQ,433.45,434.9,440.9,426,427.15,427.15,432.13,644175,2.78365E+13,,167977,0.2608
18-10-2004,M&M,EQ,427.15,429.05,431.5,423,424.7,424.4,426.03,532991,2.27069E+13,,137415,0.2578
19-10-2004,M&M,EQ,424.4,427.85,440,419.55,439.5,434.9,428.5,1212955,5.19748E+13,,264340,0.2179
20-10-2004,M&M,EQ,434.9,439,439.7,428.75,433.35,431.9,435.07,694597,3.022E+13,,176594,0.2542
21-10-2004,M&M,EQ,431.9,434,435,427.6,431.25,430.7,430.95,504997,2.17628E+13,,82394,0.1632
25-10-2004,M&M,EQ,430.7,428.5,428.55,415.65,420.05,418.55,421.08,548895,2.31126E+13,,184503,0.3361
26-10-2004,M&M,EQ,418.55,422,422.9,410.2,419,420.4,417.24,930971,3.8844E+13,,246580,0.2649
27-10-2004,M&M,EQ,420.4,419.15,427.5,417.15,426.1,424.95,422.98,626935,2.65181E+13,,130993,0.2089
28-10-2004,M&M,EQ,424.95,430.25,437.6,429.05,431.95,430.65,433.46,1030841,4.46832E+13,,213427,0.207
29-10-2004,M&M,EQ,430.65,468,468,435.3,445.5,444.75,443.31,1532939,6.79572E+13,,523119,0.3413
01-11-2004,M&M,EQ,444.75,445.5,450.8,437.6,448.95,448.05,444.28,712050,3.16351E+13,,147079,0.2066
02-11-2004,M&M,EQ,448.05,452.85,455,446.3,450.9,449.9,450.85,637016,2.87201E+13,,157227,0.2468
03-11-2004,M&M,EQ,449.9,450,450,442.5,446.85,445.25,445.15,856802,3.81404E+13,,410726,0.4794
04-11-2004,M&M,EQ,445.25,449,451,440,441.95,441.25,445.78,438439,1.95448E+13,,95274,0.2173
05-11-2004,M&M,EQ,441.25,440.05,447.95,426.25,447.7,445.55,441.47,580409,2.56233E+13,,181061,0.312
08-11-2004,M&M,EQ,445.55,448,454.4,446.5,451.4,451.3,451.46,759287,3.42786E+13,,398737,0.5251
09-11-2004,M&M,EQ,451.3,452,457.45,445.5,452.9,451.75,451.59,1029012,4.64695E+13,,388542,0.3776
10-11-2004,M&M,EQ,451.75,455,456.8,452.2,454.5,454.9,455.12,389582,1.77306E+13,,90582,0.2325
11-11-2004,M&M,EQ,454.9,456,457.65,450.2,451,452.3,454.31,367489,1.66953E+13,,104803,0.2852
12-11-2004,M&M,EQ,452.3,456.9,456.9,446,449,452.3,453.06,60375,2.73533E+12,,17882,0.2962
16-11-2004,M&M,EQ,452.3,454.5,474,453.1,474,470,461.53,1229247,5.67335E+13,,515335,0.4192
17-11-2004,M&M,EQ,470,472,481.95,466.5,478.5,478.55,476.35,1267465,6.03761E+13,,423267,0.3339
18-11-2004,M&M,EQ,478.55,480,480,473.15,474,475.45,475.57,503399,2.39403E+13,,201613,0.4005
19-11-2004,M&M,EQ,475.45,476,478.5,464.05,467,465.15,470.65,442741,2.08375E+13,,108829,0.2458
22-11-2004,M&M,EQ,465.15,465,471.25,459.3,468.5,468.5,466.17,475639,2.21729E+13,,143573,0.3019
23-11-2004,M&M,EQ,468.5,471.3,476,468.05,473,471.6,472.81,454081,2.14696E+13,,124445,0.2741
24-11-2004,M&M,EQ,471.6,472,483.5,462.15,480.6,480.7,473.46,893488,4.23029E+13,,196274,0.2197
25-11-2004,M&M,EQ,480.7,480,488.7,479.5,483,484.05,484.41,1180676,5.71935E+13,,441798,0.3742
29-11-2004,M&M,EQ,484.05,450,493.85,450,491.3,492.2,490.93,647564,3.17907E+13,,222787,0.344
30-11-2004,M&M,EQ,492.2,493,495,483.2,489.8,489.6,489.13,848394,4.14971E+13,,190068,0.224
01-12-2004,M&M,EQ,489.6,495,512,484.2,502.8,503.6,500.13,2130885,1.06573E+14,,710292,0.3333
02-12-2004,M&M,EQ,503.6,495.3,504.95,490,497.85,498.9,499.78,1260021,6.29731E+13,,291394,0.2313
03-12-2004,M&M,EQ,498.9,502.9,509.9,496.5,502.25,498.8,503.21,1877316,9.44692E+13,,475604,0.2533
06-12-2004,M&M,EQ,498.8,503,507,494.1,505,501.6,500.65,855523,4.28317E+13,,268885,0.3143
07-12-2004,M&M,EQ,501.6,505.95,514.2,503.25,505.5,506.95,509.56,1124246,5.72874E+13,,158213,0.1407
08-12-2004,M&M,EQ,506.95,506.3,510.7,494.05,494.5,496.5,502.9,842536,4.23715E+13,,217427,0.2581
09-12-2004,M&M,EQ,496.5,498,504.4,486.5,501.4,502.55,494.5,1251486,6.18854E+13,,415268,0.3318
10-12-2004,M&M,EQ,502.55,505,506.9,497.05,500.1,500.85,501.61,1056361,5.2988E+13,,349100,0.3305
13-12-2004,M&M,EQ,500.85,500,511.85,497.5,511,509.45,506.2,984784,4.98498E+13,,259643,0.2637
14-12-2004,M&M,EQ,509.45,510.6,519,510.6,516,517.2,516.28,951096,4.91034E+13,,220066,0.2314
15-12-2004,M&M,EQ,517.2,517.5,528,516,526.5,525.7,522.09,842808,4.40024E+13,,312332,0.3706
16-12-2004,M&M,EQ,525.7,520.15,538,520.15,533.15,533.25,531.98,1495608,7.95627E+13,,414035,0.2768
17-12-2004,M&M,EQ,533.25,534.2,535,524.5,530.15,529.5,528.79,582539,3.08041E+13,,139881,0.2401
20-12-2004,M&M,EQ,529.5,531.7,531.7,519.5,525,525.5,524.53,499311,2.61906E+13,,209218,0.419
21-12-2004,M&M,EQ,525.5,528,545.7,528,540.45,540.9,537.36,912474,4.90327E+13,,184178,0.2018
22-12-2004,M&M,EQ,540.9,546.1,553.4,539.15,542.15,543.65,546.26,1193407,6.51908E+13,,160387,0.1344
23-12-2004,M&M,EQ,543.65,549,549.05,537.05,540.1,539.6,543.23,513303,2.78842E+13,,156342,0.3046
24-12-2004,M&M,EQ,539.6,540.2,546.2,538.5,540.3,540.65,541.57,460281,2.49274E+13,,127204,0.2764
27-12-2004,M&M,EQ,540.65,542,552.05,541.85,543.25,546.2,547.98,590103,3.23365E+13,,200584,0.3399
28-12-2004,M&M,EQ,546.2,547.5,551.9,544.25,548.05,547.6,547.42,411113,2.25053E+13,,109117,0.2654
29-12-2004,M&M,EQ,547.6,552.9,552.9,540.55,542.25,542.7,544.63,426194,2.32119E+13,,118096,0.2771
30-12-2004,M&M,EQ,542.7,548,548,530.1,536.8,533.6,538.34,769157,4.1407E+13,,234812,0.3053
31-12-2004,M&M,EQ,533.6,532.3,546.85,532.15,545.95,545.45,542.1,425895,2.30877E+13,,133202,0.3128
03-01-2005,M&M,EQ,545.45,547.1,559.4,547.1,556,556.45,554.9,659649,3.66041E+13,,123173,0.1867
04-01-2005,M&M,EQ,556.45,559.95,563,552.1,552.1,553.75,556.26,483953,2.69203E+13,,167091,0.3453
05-01-2005,M&M,EQ,553.75,551,554.5,511.2,541.55,540.65,536.6,688793,3.69608E+13,,286316,0.4157
06-01-2005,M&M,EQ,540.65,538.65,541,523.5,527,531.3,532.6,722602,3.84859E+13,,210475,0.2913
07-01-2005,M&M,EQ,531.3,536.2,536.2,524.05,528.5,527.65,529.6,358539,1.89883E+13,,124488,0.3472
10-01-2005,M&M,EQ,527.65,502,532.9,502,520,518,524.45,310070,1.62616E+13,,59034,0.1904
11-01-2005,M&M,EQ,518,523,523.6,510.1,511.95,513.05,517.65,615764,3.18752E+13,,172720,0.2805
12-01-2005,M&M,EQ,513.05,517.5,519.5,475,494.8,493.15,503.16,708149,3.56311E+13,,204382,0.2886
13-01-2005,M&M,EQ,493.15,488.5,515,488.5,510.05,510.4,507.88,792252,4.02366E+13,,247462,0.3124
14-01-2005,M&M,EQ,510.4,515,515,499.05,499.05,501.45,506.18,784437,3.97065E+13,,330439,0.4212
17-01-2005,M&M,EQ,501.45,502,502,482.05,493,489.45,488.48,536804,2.62217E+13,,193693,0.3608
18-01-2005,M&M,EQ,489.45,491,499.95,487.3,495.6,494.95,494.67,1086677,5.37544E+13,,325053,0.2991
19-01-2005,M&M,EQ,494.95,499.95,505,490.35,491.2,493.3,497.65,895627,4.45706E+13,,239273,0.2672
20-01-2005,M&M,EQ,493.3,493,493,471.8,477.3,479.55,476.91,949688,4.52914E+13,,333993,0.3517
24-01-2005,M&M,EQ,479.55,481,493,477.5,480.2,481.6,485.66,969946,4.71066E+13,,160806,0.1658
25-01-2005,M&M,EQ,481.6,477,495,477,493.95,492.4,486.68,496583,2.41678E+13,,157779,0.3177
27-01-2005,M&M,EQ,492.4,492.4,516.85,492.4,507.05,508.6,507.27,1370648,6.95289E+13,,583295,0.4256
28-01-2005,M&M,EQ,508.6,512,541.4,509.5,532.7,533.45,531.15,1694213,8.99885E+13,,833299,0.4919
31-01-2005,M&M,EQ,533.45,536.5,549.4,536.05,540.05,540.1,542.53,778341,4.2227E+13,,309172,0.3972
01-02-2005,M&M,EQ,540.1,544.95,544.95,530.25,539.05,539.35,536.69,1220476,6.55022E+13,,356714,0.2923
02-02-2005,M&M,EQ,539.35,541,550.55,538,540.25,540.15,545,537470,2.9292E+13,,102283,0.1903
03-02-2005,M&M,EQ,540.15,549.8,551.5,542.2,550.7,548.5,547.87,595896,3.26471E+13,,222516,0.3734
04-02-2005,M&M,EQ,548.5,548.5,555,538.1,544.9,543.65,544.3,619662,3.37281E+13,,217193,0.3505
07-02-2005,M&M,EQ,543.65,549.95,557.5,536.2,537.35,539.45,547.45,791773,4.33453E+13,,276997,0.3498
08-02-2005,M&M,EQ,539.45,540,544.45,533.25,539.05,537.7,538.87,540708,2.91373E+13,,100117,0.1852
09-02-2005,M&M,EQ,537.7,458.6,549,458.6,545,546.5,544.72,362587,1.97509E+13,,72876,0.201
10-02-2005,M&M,EQ,546.5,549.7,556.75,547.2,553.8,552.95,552.65,898220,4.96401E+13,,280194,0.3119
11-02-2005,M&M,EQ,552.95,555.95,571,554,570,567.55,563.43,902796,5.08663E+13,,320256,0.3547
14-02-2005,M&M,EQ,567.55,570,573.5,560,563,562.05,566.72,845858,4.79363E+13,,290739,0.3437
15-02-2005,M&M,EQ,562.05,563.7,572.3,558.3,561,561.55,564.11,722283,4.07445E+13,,202591,0.2805
16-02-2005,M&M,EQ,561.55,564,565.2,540,541.25,544.05,554.59,1180702,6.54803E+13,,493280,0.4178
17-02-2005,M&M,EQ,544.05,544.05,545,532,539,539.15,538.19,806219,4.33903E+13,,257326,0.3192
18-02-2005,M&M,EQ,539.15,542.9,546,530.55,535,534,539.18,573499,3.0922E+13,,120950,0.2109
21-02-2005,M&M,EQ,534,526.65,539.9,526.65,530.4,531.75,533.01,513336,2.73612E+13,,122255,0.2382
22-02-2005,M&M,EQ,531.75,531,545,530.05,544.4,543.1,538.77,593151,3.19569E+13,,124376,0.2097
23-02-2005,M&M,EQ,543.1,546,549.8,539.05,540.45,541.1,545.73,594171,3.24256E+13,,78290,0.1318
24-02-2005,M&M,EQ,541.1,541,546.85,533.6,536.9,535.55,538.74,843334,4.54335E+13,,351575,0.4169
25-02-2005,M&M,EQ,535.55,540,540,525,528.05,529.15,530.79,733458,3.89312E+13,,244303,0.3331
28-02-2005,M&M,EQ,529.15,533.7,542.4,525,535.1,537.2,534.46,785943,4.20059E+13,,158490,0.2017
01-03-2005,M&M,EQ,537.2,539,543.4,530.2,540.25,541.2,539.1,685331,3.69465E+13,,230926,0.337
02-03-2005,M&M,EQ,541.2,543,547.25,535.3,537.1,538.15,541.13,337675,1.82726E+13,,103403,0.3062
03-03-2005,M&M,EQ,538.15,539,555.65,535,554.1,553.85,546.16,752501,4.10986E+13,,294690,0.3916
04-03-2005,M&M,EQ,553.85,555.65,559.95,550.2,557.25,557.9,556.3,796291,4.4298E+13,,392940,0.4935
07-03-2005,M&M,EQ,557.9,562,562,548.5,557,557.3,554.62,514621,2.85417E+13,,283285,0.5505
08-03-2005,M&M,EQ,557.3,559,560,548.15,551,550.1,552.85,309598,1.71161E+13,,97315,0.3143
09-03-2005,M&M,EQ,550.1,550.35,554.75,537.05,538,539.5,542.23,340255,1.84496E+13,,134922,0.3965
10-03-2005,M&M,EQ,539.5,540,542,528.3,535.05,534.75,537.19,595950,3.2014E+13,,308788,0.5181
11-03-2005,M&M,EQ,534.75,537,543.95,532,534,534.15,536.31,349763,1.87583E+13,,104273,0.2981
14-03-2005,M&M,EQ,534.15,540,540,528.5,531.8,531.35,531.96,595451,3.16757E+13,,328809,0.5522
15-03-2005,M&M,EQ,531.35,531.1,534.9,525.1,530,528.85,529.59,241483,1.27888E+13,,65054,0.2694
16-03-2005,M&M,EQ,528.85,532,534.4,526.5,530.5,530.1,530.78,303431,1.61055E+13,,136766,0.4507
17-03-2005,M&M,EQ,530.1,531.65,531.65,514,516.9,516.55,521.95,384922,2.0091E+13,,207373,0.5387
18-03-2005,M&M,EQ,516.55,515,521.9,498.2,518.15,517.1,511.03,1198017,6.1222E+13,,470020,0.3923
21-03-2005,M&M,EQ,517.1,518.9,520,463.85,509.9,509.15,510.1,609000,3.10653E+13,,370319,0.6081
22-03-2005,M&M,EQ,509.15,507,507,492,492.05,495.6,499.27,811394,4.05108E+13,,368966,0.4547
23-03-2005,M&M,EQ,495.6,494,503.3,487,487.05,490.9,498.53,842097,4.19814E+13,,329133,0.3908
24-03-2005,M&M,EQ,490.9,488,497,481.1,484,488,487.2,1438618,7.00896E+13,,789268,0.5486
28-03-2005,M&M,EQ,488,487.9,490.9,474.1,474.25,479.5,483.1,814645,3.93558E+13,,358843,0.4405
29-03-2005,M&M,EQ,479.5,475,484.8,468,477.15,477.55,477.81,952848,4.55282E+13,,446625,0.4687
30-03-2005,M&M,EQ,477.55,484,488.4,478.05,485.15,486.35,484.24,763546,3.69742E+13,,280890,0.3679
31-03-2005,M&M,EQ,486.35,487,520,487,520,496.9,495.71,1009149,5.00243E+13,,653580,0.6477
01-04-2005,M&M,EQ,496.9,515,515,497,505,505.75,503.11,575691,2.89634E+13,,223663,0.3885
04-04-2005,M&M,EQ,505.75,509.4,509.4,487.5,492,490.95,495.28,497968,2.46633E+13,,181374,0.3642
05-04-2005,M&M,EQ,490.95,493.2,495.9,482,489,487.7,486.98,546164,2.65972E+13,,164353,0.3009
06-04-2005,M&M,EQ,487.7,495.9,512,476.3,480.55,480.6,483.85,984223,4.76217E+13,,308271,0.3132
07-04-2005,M&M,EQ,480.6,482,482,476.25,477.5,478.1,479.27,600656,2.87875E+13,,279521,0.4654
08-04-2005,M&M,EQ,478.1,481.9,482,470.65,475.05,476.25,477.47,634262,3.0284E+13,,309539,0.488
11-04-2005,M&M,EQ,476.25,482,482,470.5,474,473.75,474.41,170369,8.08243E+12,,34118,0.2003
12-04-2005,M&M,EQ,473.75,476,477.8,470.5,474.2,474.75,474.27,173834,8.24448E+12,,59050,0.3397
13-04-2005,M&M,EQ,474.75,477.8,480,459.35,470.45,470.45,467.24,1394517,6.51573E+13,,544005,0.3901
15-04-2005,M&M,EQ,470.45,469,469,454.5,455.6,457.2,458.72,609761,2.79708E+13,,347725,0.5703
18-04-2005,M&M,EQ,457.2,451,469,442.6,461.2,461.9,456.71,1045519,4.77497E+13,,478811,0.458
19-04-2005,M&M,EQ,461.9,467,467,449,450.5,451.9,456.72,561253,2.56337E+13,,160835,0.2866
20-04-2005,M&M,EQ,451.9,452.9,461,446.5,460.3,459,453.76,562995,2.55463E+13,,207286,0.3682
21-04-2005,M&M,EQ,459,462,463.9,440,456.75,456.85,455.27,674756,3.07199E+13,,331590,0.4914
22-04-2005,M&M,EQ,456.85,459,468.4,447.5,460.55,464.45,458.17,676037,3.09739E+13,,191025,0.2826
25-04-2005,M&M,EQ,464.45,464.45,466.3,458.1,459.1,461.6,462.6,583017,2.69703E+13,,251484,0.4313
26-04-2005,M&M,EQ,461.6,460,462.9,452.15,453.05,453.7,456.38,433341,1.97769E+13,,163150,0.3765
27-04-2005,M&M,EQ,453.7,457,457,442,443.8,444.3,448.53,516039,2.31461E+13,,265181,0.5139
28-04-2005,M&M,EQ,444.3,444,448,431.05,435.4,436.35,437.43,1060354,4.63833E+13,,584341,0.5511
29-04-2005,M&M,EQ,436.35,432.2,445.65,431.55,443.5,442.9,438.8,775406,3.40251E+13,,311965,0.4023
02-05-2005,M&M,EQ,442.9,447.45,447.7,435,445,443.9,440.73,537263,2.36786E+13,,146882,0.2734
03-05-2005,M&M,EQ,443.9,445,451.9,442.35,446.5,446.5,447.96,264719,1.18585E+13,,90373,0.3414
04-05-2005,M&M,EQ,446.5,449.8,464,447,461,460.85,457.49,843958,3.86106E+13,,459591,0.5446
05-05-2005,M&M,EQ,460.85,462,478.9,462,473.05,473.75,470.9,1013751,4.7738E+13,,581395,0.5735
06-05-2005,M&M,EQ,473.75,472.6,474.05,464.2,473.05,470.65,468.08,325607,1.5241E+13,,129209,0.3968
09-05-2005,M&M,EQ,470.65,479,479.9,464,474.6,476.85,476.5,340554,1.62275E+13,,186241,0.5469
10-05-2005,M&M,EQ,476.85,472,476.5,470.7,472.95,472.4,473.95,336530,1.59499E+13,,166955,0.4961
11-05-2005,M&M,EQ,472.4,472.4,472.4,459.1,463.05,462.95,464.73,518692,2.41051E+13,,254795,0.4912
12-05-2005,M&M,EQ,462.95,463,468.95,463,465.05,465.4,466.04,153731,7.16441E+12,,48328,0.3144
13-05-2005,M&M,EQ,465.4,466.5,469.95,458,461.2,460.95,462.33,471801,2.18128E+13,,236637,0.5016
16-05-2005,M&M,EQ,460.95,462,473.5,462,473.15,472.3,469.18,473696,2.22249E+13,,271965,0.5741
17-05-2005,M&M,EQ,472.3,476,476.75,467.5,472.05,472.6,472.62,488548,2.30897E+13,,244552,0.5006
18-05-2005,M&M,EQ,472.6,467,474.8,464,473,472.85,468.91,518988,2.43357E+13,,255393,0.4921
19-05-2005,M&M,EQ,472.85,473.6,486.5,472.1,474,476.15,480.82,595662,2.86407E+13,,211281,0.3547
20-05-2005,M&M,EQ,476.15,477,481.5,468,478.5,477.55,473.62,360000,1.70504E+13,,159260,0.4424
23-05-2005,M&M,EQ,477.55,476,483.3,475.1,479.1,480.85,480.96,198288,9.53688E+12,,42263,0.2131
24-05-2005,M&M,EQ,480.85,480.85,484.7,477.5,480.65,482.2,481.37,204371,9.83786E+12,,88414,0.4326
25-05-2005,M&M,EQ,482.2,480,491.75,471.1,491,489.8,489.04,398350,1.94808E+13,,194193,0.4875
26-05-2005,M&M,EQ,489.8,490.1,506.3,489.05,495.05,502.3,496.72,883369,4.38787E+13,,439720,0.4978
27-05-2005,M&M,EQ,502.3,500,509.65,498,505,503.25,503.17,410464,2.06532E+13,,198022,0.4824
30-05-2005,M&M,EQ,503.25,510,511.5,491.05,495,494.55,499.7,1550884,7.7497E+13,,476514,0.3073
31-05-2005,M&M,EQ,494.55,506,519,495.6,513.8,511.15,506.82,1135525,5.75502E+13,,380491,0.3351
01-06-2005,M&M,EQ,511.15,509.6,520,509.6,519,517.05,516.49,738549,3.81452E+13,,344270,0.4661
02-06-2005,M&M,EQ,517.05,518,521.25,503.8,510,508.95,509.91,547804,2.79332E+13,,214322,0.3912
03-06-2005,M&M,EQ,508.95,508,515,500,513.1,513.55,510.08,528350,2.695E+13,,169841,0.3215
04-06-2005,M&M,EQ,513.55,515,516,509.95,515,512.95,511.79,90847,4.6495E+12,,18697,0.2058
06-06-2005,M&M,EQ,512.95,516,524,514.4,516,517.6,519.85,477558,2.48257E+13,,260936,0.5464
07-06-2005,M&M,EQ,517.6,518.5,522.3,512.3,513.15,514.3,516.38,144734,7.47384E+12,,21695,0.1499
08-06-2005,M&M,EQ,514.3,514.3,522.9,510.15,522.1,520.3,516.4,349627,1.80546E+13,,168373,0.4816
09-06-2005,M&M,EQ,520.3,516.1,548.8,516.1,534.15,532.95,536.99,1386813,7.44702E+13,,447777,0.3229
10-06-2005,M&M,EQ,532.95,543,544.75,527.9,534,531.2,534.61,508782,2.72002E+13,,250726,0.4928
13-06-2005,M&M,EQ,531.2,539,548,530.6,548,545.6,541.97,799384,4.3324E+13,,456225,0.5707
14-06-2005,M&M,EQ,545.6,557.9,568.4,545.5,546,549.6,549.96,1515558,8.3349E+13,,478756,0.3159
15-06-2005,M&M,EQ,549.6,550,555.9,548.3,549,550.9,552.62,760095,4.20042E+13,,398423,0.5242
16-06-2005,M&M,EQ,550.9,551.4,553.85,545,547,548,548.82,482013,2.64536E+13,,259658,0.5387
17-06-2005,M&M,EQ,548,548,560,547.15,559.75,556.75,554.38,679771,3.7685E+13,,293448,0.4317
20-06-2005,M&M,EQ,556.75,555,570,555,566.1,566.4,563.99,901585,5.08483E+13,,552725,0.6131
21-06-2005,M&M,EQ,566.4,566.4,569.4,557.65,563,563.35,562.29,245091,1.37812E+13,,82317,0.3359
22-06-2005,M&M,EQ,563.35,569,587,555,584,581.8,577.37,827544,4.77802E+13,,429651,0.5192
23-06-2005,M&M,EQ,581.8,581.8,584,571.35,582.5,582.95,580.55,462446,2.68475E+13,,195937,0.4237
24-06-2005,M&M,EQ,582.95,571.2,580.25,571.2,578.5,576.55,576.27,343225,1.97791E+13,,190960,0.5564
27-06-2005,M&M,EQ,576.55,578.9,586.9,575,581,580.7,582.65,364015,2.12094E+13,,172876,0.4749
28-06-2005,M&M,EQ,580.7,583.9,583.9,565,568,566.2,570.71,318844,1.81968E+13,,151574,0.4754
29-06-2005,M&M,EQ,566.2,565,565,551,554,555.5,555.14,463722,2.57431E+13,,321905,0.6942
30-06-2005,M&M,EQ,555.5,555.5,569.5,552,554.5,557.75,561.18,686444,3.85217E+13,,364261,0.5306
01-07-2005,M&M,EQ,557.75,554,577.6,553.05,576.05,572.5,562.24,455651,2.56186E+13,,243905,0.5353
04-07-2005,M&M,EQ,572.5,572.5,588.6,572.5,579,581.75,584.13,614262,3.58809E+13,,308226,0.5018
05-07-2005,M&M,EQ,581.75,588,589,576,587,581.2,581.26,368925,2.14443E+13,,175246,0.475
06-07-2005,M&M,EQ,581.2,583,604,583,602.05,597.05,593.72,728048,4.32258E+13,,236186,0.3244
07-07-2005,M&M,EQ,597.05,601,612.8,595.65,597,599.05,605.67,614918,3.72439E+13,,219373,0.3568
08-07-2005,M&M,EQ,599.05,608.9,611.1,597.6,604,604.4,604.69,399783,2.41744E+13,,135734,0.3395
11-07-2005,M&M,EQ,604.4,610,615,605,607.4,606.65,608.05,201280,1.22388E+13,,81653,0.4057
12-07-2005,M&M,EQ,606.65,608,608,592,594.9,593.95,596.27,391909,2.33685E+13,,237818,0.6068
13-07-2005,M&M,EQ,593.95,596,601,590.6,592,592.95,595.19,190439,1.13348E+13,,75546,0.3967
14-07-2005,M&M,EQ,592.95,595.95,615,593,595.05,595.4,598.43,242844,1.45326E+13,,77596,0.3195
15-07-2005,M&M,EQ,595.4,604.45,604.45,585,598.95,597.4,593.05,197924,1.17378E+13,,65065,0.3287
18-07-2005,M&M,EQ,597.4,603,604.45,592,596,595.45,595.67,232333,1.38394E+13,,118734,0.5111
19-07-2005,M&M,EQ,595.45,600,612,597.4,609.75,609.85,605.16,446565,2.70243E+13,,251484,0.5632
20-07-2005,M&M,EQ,609.85,609,618.9,601.1,603,604.4,608.87,284316,1.73111E+13,,146827,0.5164
21-07-2005,M&M,EQ,604.4,608.9,608.9,594,600.1,596.6,599.69,236902,1.42067E+13,,114851,0.4848
22-07-2005,M&M,EQ,596.6,597.95,622.7,595.1,618,620.2,611.38,444273,2.71618E+13,,232458,0.5232
25-07-2005,M&M,EQ,620.2,615,648.5,615,644,645.45,638.78,789850,5.04543E+13,,500474,0.6336
26-07-2005,M&M,EQ,645.45,640,663.85,633.55,655.1,658.95,650.62,746761,4.8586E+13,,389238,0.5212
27-07-2005,M&M,EQ,658.95,650,659,621.2,648,654.35,652.25,189937,1.23886E+13,,82535,0.4345
29-07-2005,M&M,EQ,654.35,654.35,785,652.75,675,681.3,681.25,1071628,7.30051E+13,,655132,0.6113
01-08-2005,M&M,EQ,681.3,681.1,700,655.1,681.05,686.45,686.72,617964,4.24367E+13,,321219,0.5198
02-08-2005,M&M,EQ,686.45,675,692.85,660,678,678.1,683.18,529844,3.61981E+13,,205023,0.3869
03-08-2005,M&M,EQ,678.1,680,707.9,680,688,692.1,694.41,1045886,7.26276E+13,,397817,0.3804
04-08-2005,M&M,EQ,692.1,695.7,695.7,681,682,682.85,686.58,451393,3.09916E+13,,256397,0.568
05-08-2005,M&M,EQ,682.85,685,696,681.9,683.5,683.75,686.14,672582,4.61485E+13,,451624,0.6715
08-08-2005,M&M,EQ,683.75,685,690,669.8,676.3,677.6,676.9,545216,3.69059E+13,,285276,0.5232
09-08-2005,M&M,EQ,677.6,676,684,667.5,682,673.65,671.55,384417,2.58156E+13,,156498,0.4071
10-08-2005,M&M,EQ,673.65,673.65,693.8,673.65,688.8,690.05,684.14,344359,2.35591E+13,,171480,0.498
11-08-2005,M&M,EQ,690.05,693.8,698.9,685,685,689,691.69,551391,3.8139E+13,,330003,0.5985
12-08-2005,M&M,EQ,689,694.9,696.9,685,694,690.8,690.64,326128,2.25237E+13,,177118,0.5431
16-08-2005,M&M,EQ,690.8,695,695.15,676,680.35,682.2,682.1,194220,1.32478E+13,,100536,0.5176
17-08-2005,M&M,EQ,682.2,685,691,677,690,690.15,685.97,165624,1.13614E+13,,73575,0.4442
18-08-2005,M&M,EQ,690.15,694.9,741.9,693,700,699.55,705.6,505274,3.56522E+13,,152037,0.3009
19-08-2005,M&M,EQ,699.55,700,713,700,709,709.65,706.98,426581,3.01584E+13,,203049,0.476
22-08-2005,M&M,EQ,709.65,712,722,706,706,712.35,715.15,290201,2.07537E+13,,132021,0.4549
23-08-2005,M&M,EQ,712.35,710,710,680,687.9,684.85,693.77,508362,3.52688E+13,,264939,0.5212
24-08-2005,M&M,EQ,684.85,685,695,677.05,695,688.6,684.83,252886,1.73185E+13,,82327,0.3255
25-08-2005,M&M,EQ,688.6,690,722,687,707,712.35,704.18,547685,3.85667E+13,,268356,0.49
26-08-2005,M&M,EQ,712.35,716,730.55,709,723.5,728,720.78,771359,5.55982E+13,,358409,0.4646
29-08-2005,M&M,EQ,728,730.55,739.9,709.05,719,719.4,716.39,333684,2.39047E+13,,160173,0.48
30-08-2005,M&M,EQ,719.4,724,724,710.15,713,712.65,715.28,425200,3.04138E+13,,231758,0.5451
31-08-2005,M&M,EQ,712.65,715,725,662.75,721.15,721.2,715.19,469002,3.35424E+13,,218711,0.4663
01-09-2005,M&M,EQ,721.2,367,371,352.25,362.8,362.4,364.89,1133284,4.13525E+13,,610359,0.5386
02-09-2005,M&M,EQ,362.4,367.8,367.8,360.1,360.25,361.1,363.65,536583,1.95131E+13,,263668,0.4914
05-09-2005,M&M,EQ,361.1,366,366,355.25,357.35,357.05,360.48,451756,1.6285E+13,,230012,0.5092
06-09-2005,M&M,EQ,357.05,360,362.4,355.15,358,357.9,358.24,294934,1.05657E+13,,119958,0.4067
08-09-2005,M&M,EQ,357.9,360,366.8,360,366.45,365.55,363.6,642325,2.33549E+13,,457649,0.7125
09-09-2005,M&M,EQ,365.55,366.8,374,366.1,371.5,372.25,370.78,859076,3.18531E+13,,513162,0.5973
12-09-2005,M&M,EQ,372.25,374,378,372.3,374.8,375.6,375.39,319652,1.19994E+13,,167744,0.5248
13-09-2005,M&M,EQ,375.6,377,379.4,368.15,371.7,371.4,373.68,338719,1.26571E+13,,166290,0.4909
14-09-2005,M&M,EQ,371.4,371.5,374.5,367.2,371.7,369.15,371.12,218928,8.12476E+12,,86227,0.3939
15-09-2005,M&M,EQ,369.15,372,373,366,367.5,371.2,370.15,274051,1.01439E+13,,130531,0.4763
16-09-2005,M&M,EQ,371.2,370,376.3,369.95,375,375.65,374.11,257439,9.63094E+12,,110591,0.4296
19-09-2005,M&M,EQ,375.65,376,377,366.3,370.25,370.25,369.93,717404,2.6539E+13,,402566,0.5611
20-09-2005,M&M,EQ,370.25,372,374.5,367,368,368,370.1,352261,1.30374E+13,,167424,0.4753
21-09-2005,M&M,EQ,368,368.1,370,350,361.05,362.65,361.22,321400,1.16097E+13,,151194,0.4704
22-09-2005,M&M,EQ,362.65,350.25,362,345,350.5,345.65,352.37,384113,1.3535E+13,,205008,0.5337
23-09-2005,M&M,EQ,345.65,362,387.9,345,350,350.75,350.01,240157,8.40583E+12,,110662,0.4608
26-09-2005,M&M,EQ,350.75,351.75,370,351.75,369.5,368.6,362.41,418088,1.51521E+13,,279551,0.6686
27-09-2005,M&M,EQ,368.6,378,378.9,358,365,364.95,365.62,737707,2.69718E+13,,410874,0.557
28-09-2005,M&M,EQ,364.95,370,372,364,371.25,371.1,368.67,298139,1.09914E+13,,140122,0.47
29-09-2005,M&M,EQ,371.1,371.1,379.75,367.95,369.25,371.85,373.89,889650,3.32627E+13,,509257,0.5724
30-09-2005,M&M,EQ,371.85,372.5,379.8,365,377.75,377.5,374.58,680004,2.54713E+13,,390723,0.5746
03-10-2005,M&M,EQ,377.5,379,392.4,378.1,388,389.25,387.34,952378,3.68894E+13,,488708,0.5131
04-10-2005,M&M,EQ,389.25,392.4,395.5,389.25,391.5,392.55,392.94,1159668,4.55684E+13,,618576,0.5334
05-10-2005,M&M,EQ,392.55,391.5,411.9,391.5,406.55,406.6,404.08,1918494,7.75225E+13,,818260,0.4265
06-10-2005,M&M,EQ,406.6,405,405,390.1,390.65,391.95,397.07,882023,3.50226E+13,,423168,0.4798
07-10-2005,M&M,EQ,391.95,401,401,380.5,383.8,382.7,386.73,912978,3.53072E+13,,392557,0.43
10-10-2005,M&M,EQ,382.7,375.1,390,375.1,381,381,382.43,387148,1.48057E+13,,151789,0.3921
11-10-2005,M&M,EQ,381,382.1,384.5,370,383,381.65,376.19,513850,1.93303E+13,,128141,0.2494
13-10-2005,M&M,EQ,381.65,384.35,391,371.9,373.05,373.3,380.62,715057,2.72165E+13,,348794,0.4878
14-10-2005,M&M,EQ,373.3,375,375,363.1,367,365.55,368.32,506714,1.86631E+13,,209042,0.4125
17-10-2005,M&M,EQ,365.55,367,369.5,357.1,363,365.45,361.71,739916,2.67639E+13,,224654,0.3036
18-10-2005,M&M,EQ,365.45,368,375.45,364.05,365.5,365.6,370.05,632520,2.34064E+13,,285020,0.4506
19-10-2005,M&M,EQ,365.6,366.05,379,352,372,365.7,361.68,829617,3.00054E+13,,560253,0.6753
20-10-2005,M&M,EQ,365.7,374,380,358.6,365.95,365.25,367.05,652157,2.39372E+13,,348749,0.5348
21-10-2005,M&M,EQ,365.25,360.1,372.5,356.25,367.9,368.8,363.53,589254,2.1421E+13,,288776,0.4901
24-10-2005,M&M,EQ,368.8,372.6,372.65,357,359,359.2,362.32,472242,1.71103E+13,,269998,0.5717
25-10-2005,M&M,EQ,359.2,360.45,366,357.5,363,361.15,361.34,623104,2.25154E+13,,354478,0.5689
26-10-2005,M&M,EQ,361.15,369.7,369.7,357.1,364.35,361.4,361.85,868459,3.14249E+13,,368615,0.4244
27-10-2005,M&M,EQ,361.4,364,371,355.25,360,365.05,365.25,2364786,8.63745E+13,,1473922,0.6233
28-10-2005,M&M,EQ,365.05,364.9,368.5,351,366,361.55,355.88,559273,1.99036E+13,,247218,0.442
31-10-2005,M&M,EQ,361.55,364.9,364.9,351,360,359,355.71,572065,2.03491E+13,,336016,0.5874
01-11-2005,M&M,EQ,359,362,369.8,356.05,356.5,359.65,361.5,76580,2.76837E+12,,32184,0.4203
02-11-2005,M&M,EQ,359.65,360,361.5,353,357.55,358.7,358.04,278911,9.98619E+12,,85486,0.3065
07-11-2005,M&M,EQ,358.7,363,380,363,378.5,378.5,374.51,964979,3.61398E+13,,628020,0.6508
08-11-2005,M&M,EQ,378.5,380,396.45,378,383.1,384.6,383.4,751627,2.88176E+13,,462268,0.615
09-11-2005,M&M,EQ,384.6,387,395,384,389,389.45,389.91,737040,2.87378E+13,,330437,0.4483
10-11-2005,M&M,EQ,389.45,391,391.85,385,388.15,388.25,387.52,240899,9.33522E+12,,102966,0.4274
11-11-2005,M&M,EQ,388.25,389.5,399,386.25,395.3,397.35,393.36,820046,3.2257E+13,,470195,0.5734
14-11-2005,M&M,EQ,397.35,396,404.3,396,400.5,400.7,401.04,620221,2.48736E+13,,296691,0.4784
16-11-2005,M&M,EQ,400.7,402,406,400.25,401.8,402.15,403.75,511856,2.06662E+13,,296717,0.5797
17-11-2005,M&M,EQ,402.15,403,409.6,401.15,406.5,406.4,406.4,547564,2.2253E+13,,242332,0.4426
18-11-2005,M&M,EQ,406.4,409.6,415,406.3,407,409.2,411.15,725534,2.98306E+13,,369024,0.5086
21-11-2005,M&M,EQ,409.2,410,418.5,409.15,410.9,411.95,413.11,958306,3.95886E+13,,441733,0.461
22-11-2005,M&M,EQ,411.95,410.1,417.95,407.2,414.5,413.7,413.7,888558,3.67599E+13,,479923,0.5401
23-11-2005,M&M,EQ,413.7,413.7,432,410,432,429.1,425.54,1128466,4.80208E+13,,625434,0.5542
24-11-2005,M&M,EQ,429.1,430.2,444.9,430.2,438.75,438.4,439.28,1119734,4.91879E+13,,579847,0.5178
25-11-2005,M&M,EQ,438.4,439,453,435.05,452.25,451.45,446.79,1420247,6.34554E+13,,696701,0.4905
26-11-2005,M&M,EQ,451.45,453,465,450.25,465,463.45,459.42,417512,1.91812E+13,,135708,0.325
28-11-2005,M&M,EQ,463.45,467,482,464,481.9,475.55,471.89,1242905,5.86519E+13,,620593,0.4993
29-11-2005,M&M,EQ,475.55,482,484.95,462,464,464.5,469.91,1345182,6.32108E+13,,611433,0.4545
30-11-2005,M&M,EQ,464.5,464,472.5,453.05,454.1,455.5,465.56,1161486,5.40739E+13,,552729,0.4759
01-12-2005,M&M,EQ,455.5,453.05,477,449.15,474.5,474.9,466.53,1592429,7.42922E+13,,730484,0.4587
02-12-2005,M&M,EQ,474.9,477,480,463.2,467,467.65,469.47,945344,4.43807E+13,,387709,0.4101
05-12-2005,M&M,EQ,467.65,469.75,475.45,464,471,469.75,470.35,692482,3.25712E+13,,252576,0.3647
06-12-2005,M&M,EQ,469.75,469.75,477.75,463.55,472.5,471.65,470.69,543917,2.56015E+13,,131102,0.241
07-12-2005,M&M,EQ,471.65,475,480.75,471,473.05,474.65,475.81,841743,4.00508E+13,,390953,0.4645
08-12-2005,M&M,EQ,474.65,475,488.25,472.6,483.8,486.3,480.95,1029028,4.94908E+13,,438291,0.4259
09-12-2005,M&M,EQ,486.3,487,493.25,483.25,484.45,486.25,489.55,940980,4.60656E+13,,470374,0.4999
12-12-2005,M&M,EQ,486.25,487.45,492.45,482.25,483.95,485.95,488.83,455569,2.22698E+13,,173728,0.3813
13-12-2005,M&M,EQ,485.95,487,505.95,485.05,499.25,499.55,497.76,2646130,1.31713E+14,,1626664,0.6147
14-12-2005,M&M,EQ,499.55,500,524.5,499.15,507.85,513.1,511.44,2774177,1.41884E+14,,1019449,0.3675
15-12-2005,M&M,EQ,513.1,510.65,512.9,499.4,506.5,502.25,503.36,1090515,5.48919E+13,,451293,0.4138
16-12-2005,M&M,EQ,502.25,508,508,498.75,503.5,502.7,502.78,1106133,5.56146E+13,,475215,0.4296
19-12-2005,M&M,EQ,502.7,508,514.7,503.1,504.05,505.05,507.77,621939,3.158E+13,,232489,0.3738
20-12-2005,M&M,EQ,505.05,505.1,508.75,499.75,500.55,500.9,502.22,473054,2.37576E+13,,181194,0.383
21-12-2005,M&M,EQ,500.9,502,506.9,499.25,501,501.45,501.3,814408,4.08263E+13,,404107,0.4962
22-12-2005,M&M,EQ,501.45,503,510,499.75,508.25,505.7,504.45,748098,3.77375E+13,,274799,0.3673
23-12-2005,M&M,EQ,505.7,509,509.4,499.65,500,501.4,502.41,507707,2.55076E+13,,168826,0.3325
26-12-2005,M&M,EQ,501.4,500,503,475,476.05,476.55,483.93,504156,2.43974E+13,,180399,0.3578
27-12-2005,M&M,EQ,476.55,476.5,503.95,473,495.5,498.95,495.7,1461608,7.24526E+13,,660890,0.4522
28-12-2005,M&M,EQ,498.95,505,508,492,500.2,499.65,500.1,1592915,7.96622E+13,,844722,0.5303
29-12-2005,M&M,EQ,499.65,504.7,508.95,498,501,500.55,500.78,756787,3.78985E+13,,378391,0.5
30-12-2005,M&M,EQ,500.55,500,515.85,500,507.15,511.6,508.05,749739,3.80906E+13,,346640,0.4623
02-01-2006,M&M,EQ,511.6,514.8,514.8,505.25,506,507.3,510.79,312374,1.59557E+13,,122285,0.3915
03-01-2006,M&M,EQ,507.3,508.5,520,506,515.5,517.75,515.41,651334,3.35706E+13,,291761,0.4479
04-01-2006,M&M,EQ,517.75,520,526.95,519.1,526.15,524.2,523.79,565961,2.96447E+13,,241808,0.4273
05-01-2006,M&M,EQ,524.2,526.95,528.85,514.5,519,515.85,522.23,646996,3.37878E+13,,351603,0.5434
06-01-2006,M&M,EQ,515.85,520,524.4,508.6,512.55,512.05,514.37,1024025,5.26729E+13,,538017,0.5254
09-01-2006,M&M,EQ,512.05,515,521.1,512.05,512.55,514.6,516.77,727482,3.7594E+13,,401159,0.5514
10-01-2006,M&M,EQ,514.6,518,518,507.05,511.5,511,513.53,619904,3.18337E+13,,261259,0.4215
12-01-2006,M&M,EQ,511,511,514.1,504,504.25,506.25,508.62,751824,3.82395E+13,,441438,0.5872
13-01-2006,M&M,EQ,506.25,514.1,523.5,507.45,523,519.75,516.78,771493,3.98693E+13,,376233,0.4877
16-01-2006,M&M,EQ,519.75,520,525,516.9,517.2,518.45,521.57,522710,2.72629E+13,,231149,0.4422
17-01-2006,M&M,EQ,518.45,523.95,527.5,515.1,524.7,522.65,523.28,695274,3.63824E+13,,372917,0.5364
18-01-2006,M&M,EQ,522.65,522,524.8,508.55,516,518.45,514.28,573134,2.94754E+13,,272655,0.4757
19-01-2006,M&M,EQ,518.45,523,523,515,517,516.05,518.53,369423,1.91558E+13,,172980,0.4682
20-01-2006,M&M,EQ,516.05,523,532,517,525,525.05,525.87,763674,4.01594E+13,,421297,0.5517
23-01-2006,M&M,EQ,525.05,525.1,533.7,521,530.05,530.75,528.77,597145,3.15755E+13,,258788,0.4334
24-01-2006,M&M,EQ,530.75,533,542,530.15,534.05,533.7,537.03,628136,3.37326E+13,,297448,0.4735
25-01-2006,M&M,EQ,533.7,535,539.8,526,528.15,528.35,530.3,718037,3.80772E+13,,535980,0.7465
27-01-2006,M&M,EQ,528.35,535.8,541,532,537.25,537.5,537.27,389738,2.09393E+13,,173805,0.446
30-01-2006,M&M,EQ,537.5,537.5,544,530,539,537.8,538.91,394065,2.12364E+13,,155194,0.3938
31-01-2006,M&M,EQ,537.8,545.05,561.95,539,561,558.4,551.85,1325005,7.31208E+13,,359745,0.2715
01-02-2006,M&M,EQ,558.4,561.95,568,556.15,565.05,561.5,562.57,887600,4.99341E+13,,377442,0.4252
02-02-2006,M&M,EQ,561.5,561.95,570.4,552,564,561.85,563.11,606754,3.41668E+13,,212417,0.3501
03-02-2006,M&M,EQ,561.85,560,564.95,554.1,557.15,558.4,559.63,430859,2.41122E+13,,116701,0.2709
06-02-2006,M&M,EQ,558.4,563,571,555.05,563,566.65,564.79,649375,3.66761E+13,,350997,0.5405
07-02-2006,M&M,EQ,566.65,566.9,589.4,565,587,587.65,580.83,1263542,7.33905E+13,,708571,0.5608
08-02-2006,M&M,EQ,587.65,587.5,588,573,579,577.85,580,685778,3.9775E+13,,263657,0.3845
10-02-2006,M&M,EQ,577.85,582,593,582,586.25,590.3,589.09,585326,3.44813E+13,,340337,0.5814
13-02-2006,M&M,EQ,590.3,589.5,600,584.35,599.25,597.2,592.06,375334,2.22219E+13,,132233,0.3523
14-02-2006,M&M,EQ,597.2,597,626.9,597,605.5,607.5,613.55,1111546,6.81987E+13,,342016,0.3077
15-02-2006,M&M,EQ,607.5,614,624,588.2,591,591.95,597.89,1168525,6.98651E+13,,592509,0.5071
16-02-2006,M&M,EQ,591.95,599.9,616.95,594.05,612.4,613.1,607.38,688391,4.18113E+13,,273008,0.3966
17-02-2006,M&M,EQ,613.1,616,616.95,595.25,603,599.45,605.4,723240,4.37849E+13,,269552,0.3727
20-02-2006,M&M,EQ,599.45,601,601.9,585,591.3,589.75,589.28,771397,4.54566E+13,,432265,0.5604
21-02-2006,M&M,EQ,589.75,591,601.8,590.5,591.05,592.65,595.54,1436309,8.55372E+13,,809506,0.5636
22-02-2006,M&M,EQ,592.65,594,595,563.6,584.05,584.6,588.4,546681,3.21668E+13,,305399,0.5586
23-02-2006,M&M,EQ,584.6,586.25,593.9,586.25,588.5,588.75,590.36,648661,3.82943E+13,,339529,0.5234
24-02-2006,M&M,EQ,588.75,591,591.7,575.2,580.15,578.8,580.45,682139,3.95949E+13,,374072,0.5484
27-02-2006,M&M,EQ,578.8,579,592,577.15,588.5,589.6,586.4,1034240,6.0648E+13,,561885,0.5433
28-02-2006,M&M,EQ,589.6,592,597.5,585,588,588.3,591.97,1163575,6.88796E+13,,489609,0.4208
01-03-2006,M&M,EQ,588.3,590,612.95,585,611,610.95,603.51,1708952,1.03136E+14,,876322,0.5128
02-03-2006,M&M,EQ,610.95,612.95,625,605,610.9,609.7,617.35,1344023,8.29738E+13,,618916,0.4605
03-03-2006,M&M,EQ,609.7,610.6,614.45,597.1,601.8,602.15,607.12,1150442,6.98451E+13,,660335,0.574
06-03-2006,M&M,EQ,602.15,612.6,638.5,601.8,632,633.4,621.69,1628352,1.01233E+14,,629975,0.3869
07-03-2006,M&M,EQ,633.4,635.05,651.45,633.4,637.1,636.8,642.75,1372314,8.82051E+13,,415529,0.3028
08-03-2006,M&M,EQ,636.8,636.8,647.15,611.7,615.25,614.7,627.94,1375052,8.63451E+13,,530246,0.3856
09-03-2006,M&M,EQ,614.7,611.7,618.9,578.35,607,606.1,602.65,1945713,1.17259E+14,,573340,0.2947
10-03-2006,M&M,EQ,606.1,610,628,608,619.25,620.25,619.6,1152022,7.13795E+13,,455138,0.3951
13-03-2006,M&M,EQ,620.25,630,630,613.7,615.15,615.4,619.75,588694,3.64845E+13,,237784,0.4039
14-03-2006,M&M,EQ,615.4,618,623.5,609,612,611.15,617.61,670896,4.14354E+13,,277193,0.4132
16-03-2006,M&M,EQ,611.15,576.65,621.7,576.65,618,618.05,617.79,1157736,7.15242E+13,,543594,0.4695
17-03-2006,M&M,EQ,618.05,623.75,632,622.1,627.75,627.25,626.55,1336715,8.37524E+13,,614978,0.4601
20-03-2006,M&M,EQ,627.25,629,633.4,621.5,624,623.2,627.33,605013,3.79542E+13,,254138,0.4201
21-03-2006,M&M,EQ,623.2,628,633.4,614.1,621,619.2,626.91,738156,4.62758E+13,,362521,0.4911
22-03-2006,M&M,EQ,619.2,619.05,630.6,612.25,623,623.65,622.06,1490642,9.27273E+13,,643737,0.4319
23-03-2006,M&M,EQ,623.65,625,627.9,616.2,620,620.8,621.75,1059644,6.58832E+13,,646898,0.6105
24-03-2006,M&M,EQ,620.8,621.05,627.9,620,624.45,624.55,624.6,797116,4.97882E+13,,544855,0.6835
27-03-2006,M&M,EQ,624.55,630,641.5,625.5,628.05,630.5,634.71,907060,5.75717E+13,,526746,0.5807
28-03-2006,M&M,EQ,630.5,634.9,641.35,631.05,639.75,638.85,636.15,865510,5.50594E+13,,618980,0.7152
29-03-2006,M&M,EQ,638.85,642.4,651.45,639,641.4,646.85,645.93,1077136,6.95749E+13,,638601,0.5929
30-03-2006,M&M,EQ,646.85,649.45,649.45,624.1,626.2,627.4,634.03,1113499,7.05993E+13,,617058,0.5542
31-03-2006,M&M,EQ,627.4,635.9,638,624.3,628,627.05,631.51,1037274,6.55048E+13,,611413,0.5894
03-04-2006,M&M,EQ,627.05,624.3,644.4,624.3,643,642.55,638.76,423572,2.70561E+13,,219647,0.5186
04-04-2006,M&M,EQ,642.55,644.4,658.5,642,654,652.85,650.75,1157231,7.53065E+13,,498112,0.4304
05-04-2006,M&M,EQ,652.85,655,662.4,653,655,658.6,657.14,708713,4.65724E+13,,400460,0.5651
07-04-2006,M&M,EQ,658.6,662.4,665,576.85,649,652.8,652.79,1014615,6.62328E+13,,578999,0.5707
10-04-2006,M&M,EQ,652.8,652,655,637,647.95,645.3,645.01,676330,4.36242E+13,,304998,0.451
12-04-2006,M&M,EQ,645.3,650,650,615.25,615.25,620.85,632.58,691163,4.37217E+13,,345894,0.5005
13-04-2006,M&M,EQ,620.85,619.8,623.9,601,619.4,613.8,612.44,978521,5.99284E+13,,570622,0.5831
17-04-2006,M&M,EQ,613.8,611,632.8,611,631.5,630.05,622.21,372094,2.31519E+13,,201071,0.5404
18-04-2006,M&M,EQ,630.05,632.5,643.95,537.5,638.75,634.05,637.05,479808,3.05661E+13,,252162,0.5255
19-04-2006,M&M,EQ,634.05,638,645.4,632.4,638.15,638.65,639.13,562275,3.59368E+13,,324381,0.5769
20-04-2006,M&M,EQ,638.65,633,650,632,638,642.15,642.49,368898,2.37012E+13,,130518,0.3538
21-04-2006,M&M,EQ,642.15,628,651.65,628,647,648.75,645.17,578681,3.73347E+13,,288145,0.4979
24-04-2006,M&M,EQ,648.75,645,650.7,633.25,640.35,645.6,643.25,335598,2.15874E+13,,151905,0.4526
25-04-2006,M&M,EQ,645.6,633.25,648,624.15,633,632.6,632.28,436239,2.75827E+13,,165833,0.3801
26-04-2006,M&M,EQ,632.6,630,647,625.25,643,644.95,639.02,636305,4.06613E+13,,393848,0.619
27-04-2006,M&M,EQ,644.95,625.25,657,621,623.1,628.7,639.58,535536,3.42521E+13,,297548,0.5556
28-04-2006,M&M,EQ,628.7,625,640,600,630,624.7,621.2,296069,1.83918E+13,,123202,0.4161
29-04-2006,M&M,EQ,624.7,630,638.9,628,630,631.35,633.35,56388,3.57131E+12,,26217,0.4649
02-05-2006,M&M,EQ,631.35,631.35,640,625.1,634.1,633.15,634.17,334618,2.12206E+13,,173457,0.5184
03-05-2006,M&M,EQ,633.15,639.95,660,631.5,644,644.65,641.16,501799,3.21736E+13,,299790,0.5974
04-05-2006,M&M,EQ,644.65,648,674.4,645,670,665.8,656.13,694460,4.55654E+13,,399628,0.5755
05-05-2006,M&M,EQ,665.8,667,686.9,667,679,680.15,679.88,1189645,8.08812E+13,,714730,0.6008
08-05-2006,M&M,EQ,680.15,685,692,668.35,671,671.55,680.52,519533,3.53555E+13,,289841,0.5579
09-05-2006,M&M,EQ,671.55,674,723.85,665,704,709.75,696.72,1343707,9.36183E+13,,634096,0.4719
10-05-2006,M&M,EQ,709.75,710,716.45,698,701.9,703.15,707.64,528292,3.73838E+13,,154008,0.2915
11-05-2006,M&M,EQ,703.15,704.8,719.7,690.4,699,699,707.52,373196,2.64044E+13,,87765,0.2352
12-05-2006,M&M,EQ,699,700.1,710,672.6,694.05,692.4,700.23,538106,3.76796E+13,,188895,0.351
15-05-2006,M&M,EQ,692.4,697,706.9,650,670,666.45,677.2,947953,6.41953E+13,,424871,0.4482
16-05-2006,M&M,EQ,666.45,652,689.8,626.35,681.8,681.45,663.71,925330,6.14149E+13,,408502,0.4415
17-05-2006,M&M,EQ,681.45,681.8,712.9,681.8,708.1,708.85,697.97,892303,6.22803E+13,,457537,0.5128
18-05-2006,M&M,EQ,708.85,681.8,697,630.1,668,653.3,655.24,1241357,8.13392E+13,,626947,0.505
19-05-2006,M&M,EQ,653.3,668,675,603.5,641.25,622.3,637.02,693332,4.41665E+13,,269577,0.3888
22-05-2006,M&M,EQ,622.3,649.75,651,565,635,625.9,603.51,778041,4.69557E+13,,504255,0.6481
23-05-2006,M&M,EQ,625.9,625,626,582.25,621.1,616.8,605.5,1296027,7.84749E+13,,670139,0.5171
24-05-2006,M&M,EQ,616.8,625,625,563.2,566.05,577.5,593.73,1635631,9.71129E+13,,849793,0.5196
25-05-2006,M&M,EQ,577.5,563.2,608,523.65,599,598.85,574.41,1955443,1.12322E+14,,1233313,0.6307
26-05-2006,M&M,EQ,598.85,600,619.65,525,596.1,591.35,606.08,1125350,6.82053E+13,,590995,0.5252
29-05-2006,M&M,EQ,591.35,601,614.85,585,592,591.75,597.35,1443986,8.62569E+13,,360837,0.2499
30-05-2006,M&M,EQ,591.75,598,635.75,598,607.5,611.55,618.51,2067600,1.27883E+14,,834598,0.4037
31-05-2006,M&M,EQ,611.55,598,624,565,617.5,610.9,590.9,1180534,6.97576E+13,,542938,0.4599
01-06-2006,M&M,EQ,610.9,600,630,561,569,570.1,596.39,1051468,6.27086E+13,,380804,0.3622
02-06-2006,M&M,EQ,570.1,560,606.5,560,595.05,599.1,590.47,1166380,6.88716E+13,,449358,0.3853
05-06-2006,M&M,EQ,599.1,595,616.9,585,606,608.8,604.81,1212021,7.33046E+13,,493510,0.4072
06-06-2006,M&M,EQ,608.8,585,599.85,558.05,565,566.3,580.3,985197,5.71707E+13,,335376,0.3404
07-06-2006,M&M,EQ,566.3,560,578,522,546,541.4,548.42,1408588,7.72498E+13,,659767,0.4684
08-06-2006,M&M,EQ,541.4,525,543.85,480,529.1,532.3,522.27,1035454,5.40785E+13,,425262,0.4107
09-06-2006,M&M,EQ,532.3,538.85,568,520,562,563.6,552,907970,5.01202E+13,,489792,0.5394
12-06-2006,M&M,EQ,563.6,568,579.35,531.35,549,549.6,552.58,1070406,5.91486E+13,,459361,0.4291
13-06-2006,M&M,EQ,549.6,531.35,541,465.75,511,510.65,517.18,893731,4.62216E+13,,379259,0.4244
14-06-2006,M&M,EQ,510.65,456.65,543,456.65,530,525.35,525.24,881198,4.6284E+13,,261903,0.2972
15-06-2006,M&M,EQ,525.35,525.2,556,525.2,553,551.7,546.47,1171320,6.40088E+13,,569469,0.4862
16-06-2006,M&M,EQ,551.7,556,577.8,537,557.1,552.5,565.79,951499,5.38348E+13,,408407,0.4292
19-06-2006,M&M,EQ,552.5,552.25,564.5,540.3,562.95,559.25,555.89,856300,4.7601E+13,,336448,0.3929
20-06-2006,M&M,EQ,559.25,550.15,560,530.25,538,538.4,541.16,1774449,9.60269E+13,,1048765,0.591
21-06-2006,M&M,EQ,538.4,536,550.5,533,542,540,542.3,1189895,6.45282E+13,,511571,0.4299
22-06-2006,M&M,EQ,540,550.5,583.7,550,577.05,580.35,568.66,1296350,7.37185E+13,,699770,0.5398
23-06-2006,M&M,EQ,580.35,570,593.4,565,579,580.15,582.26,1214576,7.07194E+13,,441814,0.3638
25-06-2006,M&M,EQ,580.15,585,592,575,576,579.05,580.82,47672,2.76889E+12,,10933,0.2293
26-06-2006,M&M,EQ,579.05,580,580,560.2,565,566.15,567.96,750570,4.26292E+13,,471774,0.6286
27-06-2006,M&M,EQ,566.15,563,576.8,553.15,569.25,569.4,564.47,1067782,6.02731E+13,,451186,0.4225
28-06-2006,M&M,EQ,569.4,560,588,556.1,582.2,582.55,577.03,701195,4.04611E+13,,300639,0.4288
29-06-2006,M&M,EQ,582.55,584,611.45,579,596,599.95,598.5,1714842,1.02633E+14,,877606,0.5118
30-06-2006,M&M,EQ,599.95,611.45,631,606,622,621.8,621.57,925136,5.7504E+13,,480441,0.5193
03-07-2006,M&M,EQ,621.8,630,630,608.55,618.6,618.1,619.13,679579,4.20751E+13,,199656,0.2938
04-07-2006,M&M,EQ,618.1,629,635.05,620,626.5,626.85,628.96,987940,6.21377E+13,,485776,0.4917
05-07-2006,M&M,EQ,626.85,627.5,632.95,617.2,621.5,621.85,623.96,1099610,6.86113E+13,,614791,0.5591
06-07-2006,M&M,EQ,621.85,617.2,635,595.3,617,616.6,618.18,714200,4.41502E+13,,275327,0.3855
07-07-2006,M&M,EQ,616.6,624.7,626.9,596,600.8,598.45,613.46,571032,3.50305E+13,,265675,0.4653
10-07-2006,M&M,EQ,598.45,599.8,616.5,591.3,615,615.1,606.23,405871,2.46052E+13,,118580,0.2922
11-07-2006,M&M,EQ,615.1,616.5,621.8,595,603,600.95,603.5,618202,3.73082E+13,,252198,0.408
12-07-2006,M&M,EQ,600.95,601,613.9,589.05,612.8,611.8,601.45,434545,2.61359E+13,,101234,0.233
13-07-2006,M&M,EQ,611.8,613.9,638.4,591.6,593.1,595.85,601.37,688717,4.14172E+13,,292405,0.4246
14-07-2006,M&M,EQ,595.85,590,590,580,585.1,585.35,585.19,387291,2.26639E+13,,166985,0.4312
17-07-2006,M&M,EQ,585.35,582,582,535,551.25,545.6,558.54,839029,4.68633E+13,,449868,0.5362
18-07-2006,M&M,EQ,545.6,563,563,539.05,543.2,546.1,548.17,1007525,5.52299E+13,,507409,0.5036
19-07-2006,M&M,EQ,546.1,543.2,554,502,515,510.85,523.52,1373700,7.19158E+13,,646876,0.4709
20-07-2006,M&M,EQ,510.85,530,542.4,521,531,531.85,534.07,707017,3.77595E+13,,262561,0.3714
21-07-2006,M&M,EQ,531.85,522,530,506,517.15,513.7,515.4,785920,4.05059E+13,,231077,0.294
24-07-2006,M&M,EQ,513.7,508,522,494.6,520.1,519.05,509.95,536874,2.7378E+13,,146672,0.2732
25-07-2006,M&M,EQ,519.05,520.1,543,520.1,527,528.75,531.9,643706,3.42386E+13,,240227,0.3732
26-07-2006,M&M,EQ,528.75,531,569.4,525,566.5,563.1,551.75,1576456,8.69802E+13,,546384,0.3466
27-07-2006,M&M,EQ,563.1,565,583,565,577.5,578.65,577.8,1442300,8.33366E+13,,654434,0.4537
28-07-2006,M&M,EQ,578.65,572,586.5,562.55,572.1,576.15,571.74,542150,3.09967E+13,,152324,0.281
31-07-2006,M&M,EQ,576.15,580.1,595,577,589.05,590.1,589.73,555559,3.27632E+13,,236897,0.4264
01-08-2006,M&M,EQ,590.1,620,620,556,583,584.6,580.86,510034,2.96258E+13,,183119,0.359
02-08-2006,M&M,EQ,584.6,589.85,609.85,584,599.9,597.75,600,1876599,1.12596E+14,,953511,0.5081
03-08-2006,M&M,EQ,597.75,608.5,608.5,588.15,588.15,593.05,598.2,726487,4.34584E+13,,192869,0.2655
04-08-2006,M&M,EQ,593.05,591,602.9,580.25,587,585.75,593.91,619910,3.68172E+13,,211869,0.3418
07-08-2006,M&M,EQ,585.75,590,595.4,578.1,588.1,590.2,585.57,543188,3.18075E+13,,209563,0.3858
08-08-2006,M&M,EQ,590.2,596,603,589.1,598.95,601.25,597.43,380045,2.27049E+13,,117099,0.3081
09-08-2006,M&M,EQ,601.25,601.9,621.9,595.15,612.15,614.65,614.45,912502,5.6069E+13,,382802,0.4195
10-08-2006,M&M,EQ,614.65,615,620.05,608.1,613.9,614.25,613.39,362858,2.22574E+13,,86415,0.2382
11-08-2006,M&M,EQ,614.25,619.5,631.9,609,614.9,612.95,617.42,637090,3.93351E+13,,259752,0.4077
14-08-2006,M&M,EQ,612.95,615.3,621.75,613.35,620.25,620.2,618.63,293354,1.81478E+13,,104635,0.3567
16-08-2006,M&M,EQ,620.2,625,644.6,625,634,634.6,638.64,944088,6.02929E+13,,439652,0.4657
17-08-2006,M&M,EQ,634.6,647.9,648.2,633.1,644.5,644.8,642.42,761854,4.89434E+13,,257249,0.3377
18-08-2006,M&M,EQ,644.8,644.8,654.9,638.1,646.15,644.85,646.92,1021625,6.60909E+13,,499664,0.4891
21-08-2006,M&M,EQ,644.85,648,667.5,640,662.85,663.9,656.25,1095622,7.19007E+13,,549953,0.502
22-08-2006,M&M,EQ,663.9,667.5,672,656.35,657.3,659.75,665.73,519807,3.46054E+13,,232564,0.4474
23-08-2006,M&M,EQ,659.75,641.05,660,578.8,635,632.8,640.34,1071390,6.86055E+13,,655915,0.6122
24-08-2006,M&M,EQ,632.8,640,643.75,623.1,642.05,640.95,632.73,688133,4.35402E+13,,260085,0.378
25-08-2006,M&M,EQ,640.95,642,656.1,637.15,656.1,651.85,647.12,609325,3.94305E+13,,216779,0.3558
28-08-2006,M&M,EQ,651.85,660,662,648,650,651.9,653.6,652700,4.26602E+13,,250657,0.384
29-08-2006,M&M,EQ,651.9,650,661,650,656,656.85,656.74,745736,4.89756E+13,,441958,0.5926
30-08-2006,M&M,EQ,656.85,663,665,653,657,657.35,659.93,923799,6.09643E+13,,518720,0.5615
31-08-2006,M&M,EQ,657.35,623.65,660,623.65,648,646.25,648.4,962128,6.23848E+13,,595818,0.6193
01-09-2006,M&M,EQ,646.25,654.75,663,635.55,661,659.8,653.47,497314,3.2498E+13,,213258,0.4288
04-09-2006,M&M,EQ,659.8,665.1,669.85,657.7,658.5,659.25,660.86,442183,2.92223E+13,,212444,0.4804
05-09-2006,M&M,EQ,659.25,663,663,650,654,655,654.39,328241,2.14797E+13,,125429,0.3821
06-09-2006,M&M,EQ,655,656,661,642,646.2,645.15,650.82,783848,5.10144E+13,,424596,0.5417
07-09-2006,M&M,EQ,645.15,663,663,632.4,646.5,644.85,639.86,1106066,7.07731E+13,,648059,0.5859
08-09-2006,M&M,EQ,644.85,662.3,662.3,638.25,639.5,644,645.9,1035457,6.68805E+13,,461177,0.4454
11-09-2006,M&M,EQ,644,643.9,645.75,620,620,624,629.73,909343,5.72645E+13,,491388,0.5404
12-09-2006,M&M,EQ,624,629.9,637,609.05,630,633.1,623.62,843758,5.26184E+13,,366637,0.4345
13-09-2006,M&M,EQ,633.1,636,647.8,635.25,641,639.35,642.28,730192,4.68989E+13,,415451,0.569
14-09-2006,M&M,EQ,639.35,641.2,649.8,631.65,640,637.4,642.23,806890,5.1821E+13,,445947,0.5527
15-09-2006,M&M,EQ,637.4,637.4,649.3,636,643.9,643.7,643.58,792043,5.09745E+13,,408012,0.5151
18-09-2006,M&M,EQ,643.7,649.7,655,645.6,651,651.85,651.11,600463,3.9097E+13,,299698,0.4991
19-09-2006,M&M,EQ,651.85,664.95,664.95,630.25,630.25,635.3,647.92,593805,3.84736E+13,,297509,0.501
20-09-2006,M&M,EQ,635.3,648.2,649.75,627.5,646,646.5,638.76,707761,4.52088E+13,,385053,0.544
21-09-2006,M&M,EQ,646.5,646.85,654.7,645,646.8,648.6,649.53,306130,1.9884E+13,,143456,0.4686
22-09-2006,M&M,EQ,648.6,648,658,643.1,656.25,656.4,651.62,564510,3.67843E+13,,224887,0.3984
25-09-2006,M&M,EQ,656.4,658,667.35,652.35,660,660.75,663.46,874521,5.80211E+13,,573230,0.6555
26-09-2006,M&M,EQ,660.75,660.6,668,650,668,665.45,660.74,796535,5.263E+13,,443712,0.5571
27-09-2006,M&M,EQ,665.45,665.45,672.9,654.05,656.95,656.2,662.52,870150,5.76495E+13,,511665,0.588
28-09-2006,M&M,EQ,656.2,658,677.5,654.5,667,666.55,667.16,1024572,6.83557E+13,,493837,0.482
29-09-2006,M&M,EQ,666.55,672,682.75,671,682.45,680.1,677.83,587361,3.98131E+13,,300333,0.5113
03-10-2006,M&M,EQ,680.1,685,696,682,684.85,684,689.93,825052,5.6923E+13,,425137,0.5153
04-10-2006,M&M,EQ,684,688.7,696.9,671,679.45,677.3,681.83,728856,4.96955E+13,,388688,0.5333
05-10-2006,M&M,EQ,677.3,684.8,693.5,682.35,689.5,689.35,689.48,556953,3.84008E+13,,306903,0.551
06-10-2006,M&M,EQ,689.35,698,707.6,688.5,703,701.9,696.85,441663,3.07773E+13,,174032,0.394
09-10-2006,M&M,EQ,701.9,701.9,704.9,690.15,691,691.75,697.52,429019,2.9925E+13,,194624,0.4536
10-10-2006,M&M,EQ,691.75,694,701.7,693,695.05,697,697.31,212510,1.48184E+13,,82050,0.3861
11-10-2006,M&M,EQ,697,700,703.65,680.15,688.1,685.65,693.74,395881,2.74639E+13,,183107,0.4625
12-10-2006,M&M,EQ,685.65,690.95,698.9,681.1,697.35,696.4,691.42,443673,3.06766E+13,,257159,0.5796
13-10-2006,M&M,EQ,696.4,710,710,689.35,696,696.6,695.33,473425,3.29186E+13,,266549,0.563
16-10-2006,M&M,EQ,696.6,697,702,688.35,692.55,691,693.6,439273,3.04681E+13,,261451,0.5952
17-10-2006,M&M,EQ,691,698.7,698.7,685,692.55,692.05,690.07,245053,1.69105E+13,,113587,0.4635
18-10-2006,M&M,EQ,692.05,690,699.5,686.15,694.7,694,693.88,481610,3.3418E+13,,281879,0.5853
19-10-2006,M&M,EQ,694,699,699,684.5,693,691.95,691.1,399353,2.75991E+13,,230980,0.5784
20-10-2006,M&M,EQ,691.95,695,709,691,700.15,698.6,700.38,588493,4.12168E+13,,342599,0.5822
21-10-2006,M&M,EQ,698.6,643,705.2,643,699.25,700.85,701.77,56423,3.95958E+12,,27200,0.4821
23-10-2006,M&M,EQ,700.85,703.5,703.5,688.15,690.15,692.05,694.07,269990,1.87393E+13,,157744,0.5843
26-10-2006,M&M,EQ,692.05,699.75,749.9,695,726.1,731.6,723.07,1873360,1.35457E+14,,824766,0.4403
27-10-2006,M&M,EQ,731.6,732,768.85,732,764.5,762.25,758.58,1830759,1.38877E+14,,986730,0.539
30-10-2006,M&M,EQ,762.25,750,806.4,750,790,790.4,787.59,1744078,1.37361E+14,,776648,0.4453
31-10-2006,M&M,EQ,790.4,780,792.8,773.35,782,781.95,782.73,917455,7.18122E+13,,457587,0.4988
01-11-2006,M&M,EQ,781.95,789.6,789.6,772.35,778.55,777.95,779.43,535046,4.17033E+13,,265386,0.496
02-11-2006,M&M,EQ,777.95,781.9,785,775,775,776.95,779.55,480829,3.74829E+13,,311831,0.6485
03-11-2006,M&M,EQ,776.95,776,783.7,761.5,769.9,768.8,767.73,336139,2.58064E+13,,178314,0.5305
06-11-2006,M&M,EQ,768.8,774,775.85,757.35,764.45,765,765.38,508084,3.8888E+13,,279675,0.5505
07-11-2006,M&M,EQ,765,778.5,792.9,765.35,785.3,785.25,779.92,980268,7.64533E+13,,613344,0.6257
08-11-2006,M&M,EQ,785.25,787,790,766.5,780,780.4,777.1,709486,5.51344E+13,,357918,0.5045
09-11-2006,M&M,EQ,780.4,764.8,835,750.15,832,827.5,809.41,1641484,1.32864E+14,,581934,0.3545
10-11-2006,M&M,EQ,827.5,832,847,828,832.05,831.3,835.9,1225066,1.02403E+14,,423411,0.3456
13-11-2006,M&M,EQ,831.3,836,852.35,834,842,840.55,842.71,646197,5.44559E+13,,216981,0.3358
14-11-2006,M&M,EQ,840.55,842,845,820,822.25,823.75,827.24,852634,7.05337E+13,,443394,0.52
15-11-2006,M&M,EQ,823.75,825,840,817,829,830.5,828.37,449530,3.72378E+13,,125906,0.2801
16-11-2006,M&M,EQ,830.5,829.95,834,815.05,816,816.7,823.65,561946,4.62846E+13,,312419,0.556
17-11-2006,M&M,EQ,816.7,824,838,805,812.5,812.3,816.66,576344,4.70678E+13,,215814,0.3745
20-11-2006,M&M,EQ,812.3,815,826.85,790.15,818,819.4,801.81,918084,7.36129E+13,,517884,0.5641
21-11-2006,M&M,EQ,819.4,823.5,843.95,823.5,840.7,838.45,834.04,824204,6.87421E+13,,363951,0.4416
22-11-2006,M&M,EQ,838.45,842,848.4,830,839,839.8,837.28,519106,4.34635E+13,,246256,0.4744
23-11-2006,M&M,EQ,839.8,842,846.9,830.1,832.25,832.85,838.52,568316,4.76546E+13,,265404,0.467
24-11-2006,M&M,EQ,832.85,832,842.45,827,837,837.3,836.36,443612,3.71019E+13,,271941,0.613
27-11-2006,M&M,EQ,837.3,842,844.95,832,833.95,835.15,838.61,226682,1.90097E+13,,92632,0.4086
28-11-2006,M&M,EQ,835.15,835,838.7,816,820.5,818.75,821.69,851857,6.99961E+13,,548815,0.6443
29-11-2006,M&M,EQ,818.75,824,829.85,817.05,820,819.45,822.91,328620,2.70426E+13,,169271,0.5151
30-11-2006,M&M,EQ,819.45,826,829,810.25,825,821.15,816.51,811999,6.63003E+13,,455800,0.5613
01-12-2006,M&M,EQ,821.15,822.5,846.7,822.5,839.35,841.05,839.26,530101,4.44891E+13,,298080,0.5623
04-12-2006,M&M,EQ,841.05,845,864.5,838,844.1,845.8,853.37,666656,5.68903E+13,,235360,0.353
05-12-2006,M&M,EQ,845.8,850,859,841.05,847,844.9,850.99,465525,3.96159E+13,,208662,0.4482
06-12-2006,M&M,EQ,844.9,848.8,848.8,830,837.9,838.9,837.02,268180,2.24472E+13,,110016,0.4102
07-12-2006,M&M,EQ,838.9,840,850,835.35,847.9,848.15,842.83,227446,1.91697E+13,,98841,0.4346
08-12-2006,M&M,EQ,848.15,848.15,852.9,825.3,826.25,831.9,836.77,406153,3.39858E+13,,217910,0.5365
11-12-2006,M&M,EQ,831.9,834,834.8,787.35,789,801.55,809.19,491036,3.97342E+13,,314014,0.6395
12-12-2006,M&M,EQ,801.55,800,800,750,760,769.5,767.98,1032279,7.92774E+13,,548048,0.5309
13-12-2006,M&M,EQ,769.5,765,783,745.1,771,769.95,763.03,864332,6.59514E+13,,444003,0.5137
14-12-2006,M&M,EQ,769.95,777.8,797.7,767.35,790,786.95,784.95,575412,4.51671E+13,,244735,0.4253
15-12-2006,M&M,EQ,786.95,797.8,813,791.05,810.05,807.85,801.19,1125211,9.01508E+13,,703164,0.6249
18-12-2006,M&M,EQ,807.85,812,818,789.5,811.5,815.3,808.94,417489,3.37725E+13,,151940,0.3639
19-12-2006,M&M,EQ,815.3,813.25,819.8,773.35,788,794.8,797.18,613684,4.89218E+13,,301718,0.4917
20-12-2006,M&M,EQ,794.8,800,825.55,796.35,815,814.95,812.92,1247343,1.01399E+14,,802348,0.6432
21-12-2006,M&M,EQ,814.95,820,867.9,802.5,847.1,846.95,841.87,1820643,1.53274E+14,,938760,0.5156
22-12-2006,M&M,EQ,846.95,855,879,851.25,869,870.25,871.48,1136047,9.90043E+13,,484609,0.4266
26-12-2006,M&M,EQ,870.25,873.9,887,865.4,880,880.8,879.15,469999,4.13198E+13,,114801,0.2443
27-12-2006,M&M,EQ,880.8,884,898.95,881.55,887,886,889.3,402414,3.57868E+13,,97839,0.2431
28-12-2006,M&M,EQ,886,892,899.95,882.15,886.7,886.4,891.02,588679,5.24526E+13,,302322,0.5136
29-12-2006,M&M,EQ,886.4,892.9,915,876.15,910,908.45,897.52,613396,5.50538E+13,,182008,0.2967
02-01-2007,M&M,EQ,908.45,913,964.8,911.2,960,954.2,938.33,819698,7.6915E+13,,225807,0.2755
03-01-2007,M&M,EQ,954.2,964.8,971.85,931.35,934.15,934.25,946.22,1194194,1.12996E+14,,621247,0.5202
04-01-2007,M&M,EQ,934.25,940,947.75,923.15,926.5,927.15,936.08,995140,9.31533E+13,,515729,0.5182
05-01-2007,M&M,EQ,927.15,930,935.9,892,900.7,896.55,909.42,895337,8.14234E+13,,425427,0.4752
08-01-2007,M&M,EQ,896.55,890,914.7,881,897,898.55,894.57,1060111,9.48339E+13,,441390,0.4164
09-01-2007,M&M,EQ,898.55,902,913.7,881.1,892,891.8,897.87,1148508,1.03121E+14,,478468,0.4166
10-01-2007,M&M,EQ,891.8,891.8,897,873.35,876.5,876.45,886.42,708972,6.28448E+13,,337961,0.4767
11-01-2007,M&M,EQ,876.45,882,917,877.05,915.9,910.95,898.05,531302,4.77138E+13,,217903,0.4101
12-01-2007,M&M,EQ,910.95,915.35,939.7,913,935.15,933.45,925.03,733668,6.78665E+13,,403644,0.5502
15-01-2007,M&M,EQ,933.45,947.7,960,932,948.2,950.9,947.59,920004,8.71788E+13,,512683,0.5573
16-01-2007,M&M,EQ,950.9,951,1001,948.35,983.1,986.25,976.5,1584148,1.54692E+14,,734489,0.4636
17-01-2007,M&M,EQ,986.25,989.85,994,960,965,963.2,972.02,852661,8.28802E+13,,425857,0.4994
18-01-2007,M&M,EQ,963.2,971,979.7,958.35,969.2,968.4,970.31,625495,6.06921E+13,,314809,0.5033
19-01-2007,M&M,EQ,968.4,968.95,974.7,929,935.85,933.8,944.24,1501147,1.41744E+14,,844020,0.5623
22-01-2007,M&M,EQ,933.8,935.1,948.7,918.05,929.25,928.15,928.16,855247,7.93805E+13,,486641,0.569
23-01-2007,M&M,EQ,928.15,937,945,915,917.8,921.1,931.67,478799,4.46082E+13,,185826,0.3881
24-01-2007,M&M,EQ,921.1,920,926.9,892.25,909,908.25,907.62,1223339,1.11033E+14,,728911,0.5958
25-01-2007,M&M,EQ,908.25,912,926,906.3,922.4,922.25,916.62,1116210,1.02314E+14,,682589,0.6115
29-01-2007,M&M,EQ,922.25,934.7,936.75,918.3,926,925.35,925.92,564793,5.22954E+13,,291050,0.5153
31-01-2007,M&M,EQ,925.35,930,931,894,900,901.1,908.03,926485,8.41278E+13,,370720,0.4001
01-02-2007,M&M,EQ,901.1,906,909.75,900.35,906.5,906.45,905.61,357676,3.23915E+13,,125478,0.3508
02-02-2007,M&M,EQ,906.45,909.5,924.95,908,913,914.2,917.56,777447,7.13351E+13,,427037,0.5493
05-02-2007,M&M,EQ,914.2,915,942.5,913,936.8,937.85,931.7,969772,9.03536E+13,,498845,0.5144
06-02-2007,M&M,EQ,937.85,954.75,954.75,930.35,940.95,939.5,939.04,874169,8.20878E+13,,537210,0.6145
07-02-2007,M&M,EQ,939.5,930.35,952,910,941.25,944.6,944.41,751650,7.09863E+13,,370660,0.4931
08-02-2007,M&M,EQ,944.6,946,947.9,926,933,931.4,933.38,416980,3.89201E+13,,209948,0.5035
09-02-2007,M&M,EQ,931.4,936,941.7,908.2,914,920.05,924.33,664187,6.13927E+13,,385321,0.5801
12-02-2007,M&M,EQ,920.05,921.95,921.95,871.95,876.9,880.8,889.74,658704,5.86075E+13,,397483,0.6034
13-02-2007,M&M,EQ,880.8,879.9,908.45,852,876.8,865.75,881.01,923949,8.14008E+13,,528211,0.5717
14-02-2007,M&M,EQ,865.75,866.75,870.05,818,869,855.7,839.36,1240353,1.0411E+14,,640528,0.5164
15-02-2007,M&M,EQ,855.7,884.7,906,865.55,900.2,901.95,890.07,1154149,1.02728E+14,,723711,0.6271
19-02-2007,M&M,EQ,901.95,903,912.4,889.3,891.5,893.85,899.53,315119,2.83459E+13,,134446,0.4267
20-02-2007,M&M,EQ,893.85,891,895,874.4,880,880.85,881.74,850008,7.49485E+13,,574392,0.6757
21-02-2007,M&M,EQ,880.85,885,905.9,877.05,893.25,892.8,894.69,813474,7.27804E+13,,449424,0.5525
22-02-2007,M&M,EQ,892.8,900,912.45,862,873,872.5,893.73,1555241,1.38997E+14,,850655,0.547
23-02-2007,M&M,EQ,872.5,875.9,879.4,844.1,865,855.85,862.97,944661,8.15214E+13,,513422,0.5435
26-02-2007,M&M,EQ,855.85,855.85,875,822.5,866,855.4,840.49,1107175,9.30574E+13,,609308,0.5503
27-02-2007,M&M,EQ,855.4,861.1,869,843.35,846,847.95,855.96,616633,5.27814E+13,,335682,0.5444
28-02-2007,M&M,EQ,847.95,817,851.7,758.6,800,811.35,825.79,1056811,8.72705E+13,,602436,0.5701
01-03-2007,M&M,EQ,811.35,816,817,790.35,807,805.2,803.32,1004568,8.0699E+13,,507465,0.5052
02-03-2007,M&M,EQ,805.2,799,812,761.3,775,770.5,792.8,1223286,9.69816E+13,,593339,0.485
05-03-2007,M&M,EQ,770.5,744.8,764.7,700,700.9,709.2,725.18,1230082,8.92035E+13,,645447,0.5247
06-03-2007,M&M,EQ,709.2,716,738,693.3,735.9,725.15,715.7,1290214,9.23401E+13,,580130,0.4496
07-03-2007,M&M,EQ,725.15,738.7,777,711.05,759,761.05,731.78,1059802,7.75546E+13,,548791,0.5178
08-03-2007,M&M,EQ,761.05,765.3,780.25,739.2,767.9,765.6,762.34,554438,4.22673E+13,,189238,0.3413
09-03-2007,M&M,EQ,765.6,775,794.7,716,729.35,733.9,747.04,1876899,1.40211E+14,,855096,0.4556
12-03-2007,M&M,EQ,733.9,739.25,749.9,733.15,738.9,738.25,739.41,1252906,9.26417E+13,,670681,0.5353
13-03-2007,M&M,EQ,738.25,740,763.9,735.4,761.55,760.35,752.56,1173064,8.82801E+13,,705441,0.6014
14-03-2007,M&M,EQ,760.35,750,757,710.35,753,749.1,744.03,801268,5.96166E+13,,484638,0.6048
15-03-2007,M&M,EQ,749.1,760,768.45,742,743,747.05,754.2,412251,3.1092E+13,,260479,0.6318
16-03-2007,M&M,EQ,747.05,746,763.7,725.25,730,730.7,732.8,458150,3.35734E+13,,249724,0.5451
19-03-2007,M&M,EQ,730.7,748.7,748.7,732.15,737,738.9,738.98,308108,2.27687E+13,,197351,0.6405
20-03-2007,M&M,EQ,738.9,744,749.2,732,744,743.85,741.72,512042,3.79791E+13,,262883,0.5134
21-03-2007,M&M,EQ,743.85,749,757.5,734,752.25,753.5,749.81,731764,5.48683E+13,,412020,0.5631
22-03-2007,M&M,EQ,753.5,758,785.9,758,781.5,781.6,773.49,1491850,1.15394E+14,,838514,0.5621
23-03-2007,M&M,EQ,781.6,779.8,804,752.35,792.25,796.8,785.27,1047831,8.22831E+13,,497220,0.4745
26-03-2007,M&M,EQ,796.8,800,807.7,781,788.2,788.55,790.17,950370,7.50958E+13,,453413,0.4771
28-03-2007,M&M,EQ,788.55,785,785,757,759,762.35,768.44,500025,3.84239E+13,,236196,0.4724
29-03-2007,M&M,EQ,762.35,792.8,792.8,744.2,753.9,757.75,753.9,1143185,8.61849E+13,,758739,0.6637
30-03-2007,M&M,EQ,757.75,757,785.7,751.55,778.8,780.4,776.02,893285,6.93205E+13,,438916,0.4914
02-04-2007,M&M,EQ,780.4,750,764,706.4,708.5,713.5,726.36,1218318,8.84932E+13,,584357,0.4796
03-04-2007,M&M,EQ,713.5,714,735,714,729.8,727.25,725.75,1024548,7.43566E+13,,415768,0.4058
04-04-2007,M&M,EQ,727.25,733,741.5,706,708,711.8,719.76,1393043,1.00266E+14,,808364,0.5803
05-04-2007,M&M,EQ,711.8,713,719.95,703,714,713.7,713.71,806518,5.75618E+13,,315738,0.3915
09-04-2007,M&M,EQ,713.7,720,737.5,719.2,734.15,734.4,731.89,790325,5.78432E+13,,365492,0.4625
10-04-2007,M&M,EQ,734.4,735,739.9,719.15,726.5,727.75,728.25,820515,5.97542E+13,,442825,0.5397
11-04-2007,M&M,EQ,727.75,734.7,734.7,720.55,726.25,725.2,727.06,463062,3.36676E+13,,260953,0.5635
12-04-2007,M&M,EQ,725.2,723,723,711.35,718,718.8,716.87,393128,2.8182E+13,,194712,0.4953
13-04-2007,M&M,EQ,718.8,721,747,715.35,746,745.1,738.2,1001420,7.39248E+13,,637520,0.6366
16-04-2007,M&M,EQ,745.1,750,765,750,763,763,759.35,836949,6.35537E+13,,509720,0.609
17-04-2007,M&M,EQ,763,769.1,770,748.05,750,749.8,753.35,605187,4.55918E+13,,317772,0.5251
18-04-2007,M&M,EQ,749.8,758.7,758.7,741.05,746.4,745.9,749.37,264623,1.98299E+13,,79507,0.3005
19-04-2007,M&M,EQ,745.9,736,744.9,728,739,733.9,736.88,779775,5.74604E+13,,469772,0.6024
20-04-2007,M&M,EQ,733.9,743,752,735,744,743.7,744.57,706936,5.26365E+13,,331638,0.4691
23-04-2007,M&M,EQ,743.7,748,757.95,728,728.5,731.3,742.24,787464,5.84484E+13,,405363,0.5148
24-04-2007,M&M,EQ,731.3,731.3,755,725.4,744,744.35,744.68,599869,4.4671E+13,,256960,0.4284
25-04-2007,M&M,EQ,744.35,746,771,743.1,760.6,763.05,762.01,1124520,8.56894E+13,,598653,0.5324
26-04-2007,M&M,EQ,763.05,765,777.7,755.05,768,766.6,763.36,1079675,8.24181E+13,,617374,0.5718
27-04-2007,M&M,EQ,766.6,768,775,753.35,764,762.25,764.92,892131,6.82408E+13,,579996,0.6501
30-04-2007,M&M,EQ,762.25,762.25,780,750.05,775,777.7,768.91,498768,3.83509E+13,,285931,0.5733
03-05-2007,M&M,EQ,777.7,781.5,799,781.5,792,792.2,791.4,937683,7.42085E+13,,545391,0.5816
04-05-2007,M&M,EQ,792.2,793,803,783.2,790,790.05,790.41,706303,5.58271E+13,,376646,0.5333
07-05-2007,M&M,EQ,790.05,794.9,799.95,773.2,774.1,775.75,787.79,347022,2.73381E+13,,190102,0.5478
08-05-2007,M&M,EQ,775.75,793,793,755.15,756,759.6,766.42,614001,4.70585E+13,,344851,0.5616
09-05-2007,M&M,EQ,759.6,752,760.05,736.1,758,757.25,753.67,518476,3.90758E+13,,297615,0.574
10-05-2007,M&M,EQ,757.25,761,764.9,740,740.05,743.25,749.92,935962,7.01894E+13,,552640,0.5905
11-05-2007,M&M,EQ,743.25,738,738,709,723,720.3,720.17,1427634,1.02814E+14,,881035,0.6171
14-05-2007,M&M,EQ,720.3,734,735,722.5,726.9,728,728.14,538094,3.9181E+13,,348037,0.6468
15-05-2007,M&M,EQ,728,731,733,711,718.75,716.25,718.32,829951,5.96167E+13,,498145,0.6002
16-05-2007,M&M,EQ,716.25,722,727,712,720,720.5,719.23,1278670,9.19654E+13,,850725,0.6653
17-05-2007,M&M,EQ,720.5,724,732.7,714.75,727.5,728.1,723.74,1330690,9.63075E+13,,796563,0.5986
18-05-2007,M&M,EQ,728.1,734.5,735,720.1,730.35,732.6,731.18,934770,6.83485E+13,,626737,0.6705
21-05-2007,M&M,EQ,732.6,735.2,737.4,725.4,732,731.25,730.59,598384,4.37176E+13,,409611,0.6845
22-05-2007,M&M,EQ,731.25,726,746.05,720.35,734.1,734.1,736.09,806880,5.93935E+13,,413567,0.5126
23-05-2007,M&M,EQ,734.1,734.1,740.95,727.35,736,735.4,734.71,1236106,9.08181E+13,,923498,0.7471
24-05-2007,M&M,EQ,735.4,730,738.9,728,734,734.85,733.02,942303,6.90723E+13,,602370,0.6393
25-05-2007,M&M,EQ,734.85,722,735,710.35,733,731.85,729.12,837812,6.10869E+13,,568037,0.678
28-05-2007,M&M,EQ,731.85,743.7,745.4,733,738,739.5,741.59,834753,6.19041E+13,,501428,0.6007
29-05-2007,M&M,EQ,739.5,745,772.5,740.35,770,765.85,758.48,1405309,1.0659E+14,,885702,0.6303
30-05-2007,M&M,EQ,765.85,768.9,769.4,747.7,750.1,750.25,757.05,882196,6.67866E+13,,581185,0.6588
31-05-2007,M&M,EQ,750.25,750,767,748.2,762.25,757.45,757.65,929506,7.04237E+13,,540828,0.5818
01-06-2007,M&M,EQ,757.45,764.85,769.1,751.15,761,761.6,761.01,1013220,7.71069E+13,,583369,0.5758
04-06-2007,M&M,EQ,761.6,766.9,782.7,747.15,751.05,751.35,766.7,906462,6.94985E+13,,416752,0.4598
05-06-2007,M&M,EQ,751.35,759.7,759.7,749.2,752,752.5,752.89,690195,5.19641E+13,,420053,0.6086
06-06-2007,M&M,EQ,752.5,775.05,775.05,735.35,747,745.9,747.25,906869,6.7766E+13,,629871,0.6946
07-06-2007,M&M,EQ,745.9,701.25,751.65,701.25,743.75,740.45,743.35,420829,3.12824E+13,,259563,0.6168
08-06-2007,M&M,EQ,740.45,740,740,712.1,721.8,717.3,725.89,727675,5.2821E+13,,432727,0.5947
11-06-2007,M&M,EQ,717.3,725,728,715.15,720,719,720.49,413123,2.97651E+13,,220722,0.5343
12-06-2007,M&M,EQ,719,725,725,690,697,695.35,700.38,749294,5.2479E+13,,454987,0.6072
13-06-2007,M&M,EQ,695.35,693,704.8,679.5,687,685.9,688.37,900839,6.20114E+13,,465054,0.5162
14-06-2007,M&M,EQ,685.9,695,704.7,692,700,700.1,697.9,602697,4.20619E+13,,401324,0.6659
15-06-2007,M&M,EQ,700.1,707,714,697.7,699,700.35,704.92,381645,2.6903E+13,,171199,0.4486
18-06-2007,M&M,EQ,700.35,705,714.7,691,696.9,693.7,695.49,502885,3.49749E+13,,327627,0.6515
19-06-2007,M&M,EQ,693.7,693,703.5,686.5,700,701,698.76,823469,5.75404E+13,,586798,0.7126
20-06-2007,M&M,EQ,701,708,720.5,703,714.5,713.45,714.39,645372,4.61051E+13,,401220,0.6217
21-06-2007,M&M,EQ,713.45,715,733,712.4,727.5,729.2,726.62,995123,7.23072E+13,,773603,0.7774
22-06-2007,M&M,EQ,729.2,705.45,740,705.35,729.5,731.45,731.14,957628,7.00164E+13,,715444,0.7471
25-06-2007,M&M,EQ,731.45,738.7,749.2,723,739.05,741.9,742.58,773858,5.74653E+13,,510402,0.6596
26-06-2007,M&M,EQ,741.9,727,747.4,727,740,740.1,742.59,525929,3.90548E+13,,379940,0.7224
27-06-2007,M&M,EQ,740.1,740.5,740.5,715,721.05,719.25,723.65,295649,2.13946E+13,,161627,0.5467
28-06-2007,M&M,EQ,719.25,728,728,704,707,706.8,711.5,542517,3.85999E+13,,391361,0.7214
29-06-2007,M&M,EQ,706.8,709,730.4,707.1,722.1,723.15,723.01,594579,4.29889E+13,,439423,0.739
02-07-2007,M&M,EQ,723.15,728,744.5,720,731.15,731.6,736.03,678226,4.99193E+13,,439364,0.6478
03-07-2007,M&M,EQ,731.6,734.45,743.7,733.1,737.5,735.7,737.33,673924,4.96903E+13,,535974,0.7953
04-07-2007,M&M,EQ,735.7,743.7,750,736,747.5,748.9,745.99,542262,4.04521E+13,,285152,0.5259
05-07-2007,M&M,EQ,748.9,741,772.3,740.05,771,769.85,760.11,1554657,1.18171E+14,,1199022,0.7712
06-07-2007,M&M,EQ,769.85,751.2,796.95,701.25,791,787.65,781.19,1297054,1.01324E+14,,989139,0.7626
09-07-2007,M&M,EQ,787.65,795,795,776.5,779.5,779.2,780.62,494155,3.85747E+13,,317684,0.6429
10-07-2007,M&M,EQ,779.2,777.5,791.1,777,781.3,787.55,782.65,794677,6.21958E+13,,524457,0.66
11-07-2007,M&M,EQ,787.55,786,791.9,770.35,783,781.1,785.14,630013,4.94648E+13,,454944,0.7221
12-07-2007,M&M,EQ,781.1,786,811,772,809.1,802.2,783.12,1264630,9.90363E+13,,908016,0.718
13-07-2007,M&M,EQ,802.2,816,832.3,809,821,825.55,819.7,1240411,1.01677E+14,,792995,0.6393
16-07-2007,M&M,EQ,825.55,830,838.7,808.95,820,824.95,824.78,660840,5.4505E+13,,372371,0.5635
17-07-2007,M&M,EQ,824.95,825,827,794,800,800.55,809.68,1218591,9.86664E+13,,916389,0.752
18-07-2007,M&M,EQ,800.55,798,810,790.35,800,806.55,804.39,505904,4.06946E+13,,344904,0.6818
19-07-2007,M&M,EQ,806.55,809.8,824.95,791,821,814.5,801.68,921597,7.38824E+13,,564084,0.6121
20-07-2007,M&M,EQ,814.5,823.9,830,817.05,825.05,826.55,823.17,723479,5.95549E+13,,557443,0.7705
23-07-2007,M&M,EQ,826.55,817.05,832.05,802.35,827.1,825.55,824.97,518496,4.27746E+13,,384394,0.7414
24-07-2007,M&M,EQ,825.55,826,829,792,793.15,795,801.97,613151,4.91729E+13,,394131,0.6428
25-07-2007,M&M,EQ,795,790,795,775.35,784,781.55,783.15,409019,3.20322E+13,,270155,0.6605
26-07-2007,M&M,EQ,781.55,782.4,810,782.4,805,803.45,798.29,650890,5.196E+13,,360673,0.5541
27-07-2007,M&M,EQ,803.45,795,795,771,782.9,780.05,779.74,607833,4.73949E+13,,418239,0.6881
30-07-2007,M&M,EQ,780.05,788.1,788.1,738.15,753,750.5,755.51,1315312,9.93733E+13,,840252,0.6388
31-07-2007,M&M,EQ,750.5,746.35,765,714.05,732,728.8,727.22,1640645,1.19312E+14,,1047975,0.6388
01-08-2007,M&M,EQ,728.8,730.2,730.2,690,693,693.3,697.81,1328972,9.27372E+13,,900356,0.6775
02-08-2007,M&M,EQ,693.3,699,702.5,669.3,673.5,675.85,687.19,1388046,9.53858E+13,,840362,0.6054
03-08-2007,M&M,EQ,675.85,685,698.7,675,676.1,678.35,684.59,629589,4.31009E+13,,354961,0.5638
06-08-2007,M&M,EQ,678.35,674.7,685,654,685,679.75,667.11,832777,5.5555E+13,,600559,0.7212
07-08-2007,M&M,EQ,679.75,697.7,697.7,675,675.1,678,685.17,632301,4.33233E+13,,398563,0.6303
08-08-2007,M&M,EQ,678,681,694.9,680,689,689.95,689.46,752562,5.18861E+13,,528171,0.7018
09-08-2007,M&M,EQ,689.95,689.9,701,685.95,687,688.25,693.68,1090261,7.56292E+13,,723779,0.6639
10-08-2007,M&M,EQ,688.25,652.25,678,652.25,669.3,671.15,670.35,488761,3.27641E+13,,289678,0.5927
13-08-2007,M&M,EQ,671.15,676,691.5,672.1,690.7,689.65,683.84,783359,5.35695E+13,,533274,0.6808
14-08-2007,M&M,EQ,689.65,692.4,695,675.5,681.4,678.85,685.37,974040,6.67576E+13,,736871,0.7565
16-08-2007,M&M,EQ,678.85,654.65,664,626,651,653.9,657.1,834966,5.48657E+13,,607628,0.7277
17-08-2007,M&M,EQ,653.9,649,661,626.3,650,650.95,648.04,993953,6.44119E+13,,613912,0.6176
20-08-2007,M&M,EQ,650.95,665,675,638.25,639.9,642.5,649.7,1188162,7.71953E+13,,855031,0.7196
21-08-2007,M&M,EQ,642.5,643.5,650,608.35,614,614.55,633.56,1417573,8.98116E+13,,921217,0.6499
22-08-2007,M&M,EQ,614.55,616.1,634.8,614,629.95,629.05,624.58,532947,3.32869E+13,,319601,0.5997
23-08-2007,M&M,EQ,629.05,637.65,659.95,615.3,623,621.9,633.87,522852,3.31418E+13,,321883,0.6156
24-08-2007,M&M,EQ,621.9,605,642,591.65,641.9,640.05,635.5,335189,2.13011E+13,,192201,0.5734
27-08-2007,M&M,EQ,640.05,658,660.65,644,659,658.05,655.72,396603,2.60061E+13,,257015,0.648
28-08-2007,M&M,EQ,658.05,659,668.9,650,656,657.2,658.29,310575,2.0445E+13,,177330,0.571
29-08-2007,M&M,EQ,657.2,645.3,659,638.05,655,654.4,652.41,359553,2.34576E+13,,225488,0.6271
30-08-2007,M&M,EQ,654.4,650.1,681.9,650.1,673.15,677,672.92,940908,6.33151E+13,,698316,0.7422
31-08-2007,M&M,EQ,677,677,722.45,677,708,708.1,706.67,1242279,8.77879E+13,,572605,0.4609
03-09-2007,M&M,EQ,708.1,712,725.9,703.1,721.5,720.2,715.06,1020227,7.29525E+13,,574049,0.5627
04-09-2007,M&M,EQ,720.2,725,728,711.35,713.5,716.9,718.96,437712,3.14697E+13,,223537,0.5107
05-09-2007,M&M,EQ,716.9,728.5,728.5,700.4,709,711.6,710,674359,4.78797E+13,,451767,0.6699
06-09-2007,M&M,EQ,711.6,712,723,702.4,722,722.05,719.04,275225,1.97898E+13,,159435,0.5793
07-09-2007,M&M,EQ,722.05,724,732.5,702.2,707.95,705.85,716.2,478447,3.42663E+13,,277023,0.579
10-09-2007,M&M,EQ,705.85,700,706.2,690.45,701.8,701.15,698.11,383009,2.67381E+13,,176051,0.4597
11-09-2007,M&M,EQ,701.15,700.05,709.9,692.6,697.05,697.85,699.8,240027,1.67971E+13,,94194,0.3924
12-09-2007,M&M,EQ,697.85,704,706.6,695.25,700,698.15,701.63,293676,2.06052E+13,,146565,0.4991
13-09-2007,M&M,EQ,698.15,700,710,698.3,707.55,708.6,705.62,215195,1.51846E+13,,106147,0.4933
14-09-2007,M&M,EQ,708.6,710,719,695,697.75,698.5,709.49,241451,1.71308E+13,,106160,0.4397
17-09-2007,M&M,EQ,698.5,700,704.9,691.75,700,698.2,698.1,148518,1.03681E+13,,64057,0.4313
18-09-2007,M&M,EQ,698.2,695.1,711.7,695,706.95,709.1,703.56,434700,3.05835E+13,,274792,0.6321
19-09-2007,M&M,EQ,709.1,725,778.8,718,746.2,740.95,737.48,1512161,1.11519E+14,,994882,0.6579
20-09-2007,M&M,EQ,740.95,748,809.7,745,762,770.3,769.77,1338016,1.02996E+14,,767091,0.5733
21-09-2007,M&M,EQ,770.3,755,789,755,774,774.3,770.67,495171,3.81614E+13,,291639,0.589
24-09-2007,M&M,EQ,774.3,774.3,790,760.7,790,784,781.74,805815,6.29941E+13,,533531,0.6621
25-09-2007,M&M,EQ,784,783.75,793,752.35,762.25,765.45,773.05,994473,7.68776E+13,,737022,0.7411
26-09-2007,M&M,EQ,765.45,735.35,768.9,735.35,754,753.65,760.25,721065,5.48193E+13,,544620,0.7553
27-09-2007,M&M,EQ,753.65,760,787,743.25,750.05,751.95,757.5,1467952,1.11197E+14,,1132401,0.7714
28-09-2007,M&M,EQ,751.95,752.05,759.9,736.2,753,752,744.81,1141947,8.50539E+13,,765379,0.6702
01-10-2007,M&M,EQ,752,755,777.7,755,759,763.45,768.32,948514,7.28767E+13,,528594,0.5573
03-10-2007,M&M,EQ,763.45,765,801.5,749,772.2,772.8,776.13,1138954,8.83974E+13,,602406,0.5289
04-10-2007,M&M,EQ,772.8,772,778.7,725.05,759.45,759.45,762.73,1037784,7.91548E+13,,710458,0.6846
05-10-2007,M&M,EQ,759.45,759.45,779,742.95,746.9,752.25,752.38,1235522,9.29584E+13,,944232,0.7642
08-10-2007,M&M,EQ,752.25,752,758.7,717.15,725,726.35,729.61,658613,4.80529E+13,,437913,0.6649
09-10-2007,M&M,EQ,726.35,726,742.2,717,736.4,738.45,730.24,904702,6.60646E+13,,588789,0.6508
10-10-2007,M&M,EQ,738.45,740.2,766.1,740.2,755.1,756.5,756.09,738618,5.58464E+13,,421816,0.5711
11-10-2007,M&M,EQ,756.5,764,825,764,822,817.55,790.85,1439348,1.13831E+14,,830849,0.5772
12-10-2007,M&M,EQ,817.55,820,850.5,805.25,826,828.55,832.41,2063646,1.7178E+14,,1339588,0.6491
15-10-2007,M&M,EQ,828.55,830,857,826.05,832,834.25,839.61,1636484,1.37401E+14,,1128387,0.6895
16-10-2007,M&M,EQ,834.25,840,840,804,811.5,813.55,814.44,683810,5.56925E+13,,384726,0.5626
17-10-2007,M&M,EQ,813.55,795,795,740,779.8,784.85,768.25,713434,5.48093E+13,,445644,0.6246
18-10-2007,M&M,EQ,784.85,795,820,755,757,771,790.22,1639706,1.29573E+14,,1216347,0.7418
19-10-2007,M&M,EQ,771,755.4,784,723,728.55,731.95,742.09,811267,6.02037E+13,,501223,0.6178
22-10-2007,M&M,EQ,731.95,700,760,700,758,754.15,729.47,776116,5.66156E+13,,467222,0.602
23-10-2007,M&M,EQ,754.15,770,783.9,759,774,774.85,774.32,355203,2.75042E+13,,219657,0.6184
24-10-2007,M&M,EQ,774.85,780,786.9,744,760.05,759.8,759.32,770194,5.84826E+13,,451558,0.5863
25-10-2007,M&M,EQ,759.8,755,852,753,767,776.65,771.4,857835,6.61735E+13,,506058,0.5899
26-10-2007,M&M,EQ,776.65,782,809.4,760,802.5,801.4,794.39,535934,4.25743E+13,,238844,0.4457
29-10-2007,M&M,EQ,801.4,809.4,826.85,778,786.9,795.6,813.34,1535666,1.24902E+14,,1017696,0.6627
30-10-2007,M&M,EQ,795.6,795.6,795.6,734.5,745,738.85,751.14,1760168,1.32212E+14,,1344352,0.7638
31-10-2007,M&M,EQ,738.85,750,764,740,755,754.45,752.56,1299913,9.78263E+13,,1003387,0.7719
01-11-2007,M&M,EQ,754.45,763,769,751,765,765.2,761.56,1184841,9.02329E+13,,929982,0.7849
02-11-2007,M&M,EQ,765.2,819.2,819.2,746,754,754.6,753.98,515056,3.8834E+13,,324206,0.6295
05-11-2007,M&M,EQ,754.6,750.05,754.6,736.15,746.65,744.35,744.68,809241,6.02626E+13,,639614,0.7904
06-11-2007,M&M,EQ,744.35,750,754,736,742.1,742.4,745.51,751470,5.60226E+13,,551486,0.7339
07-11-2007,M&M,EQ,742.4,750,776,740.5,765,765.95,759.26,487610,3.70221E+13,,330788,0.6784
08-11-2007,M&M,EQ,765.95,749.95,765.9,746,751.4,754.25,757.83,302853,2.2951E+13,,204842,0.6764
09-11-2007,M&M,EQ,754.25,754.25,756,739,739,743.6,745.65,28522,2.12673E+12,,15053,0.5278
12-11-2007,M&M,EQ,743.6,740,740,701.35,723,726.95,722.43,716831,5.1786E+13,,516781,0.7209
13-11-2007,M&M,EQ,726.95,740,740,704.15,711,707.85,713.13,1508980,1.0761E+14,,1190258,0.7888
14-11-2007,M&M,EQ,707.85,720,724,710.1,716,715.6,716.22,443907,3.17933E+13,,307062,0.6917
15-11-2007,M&M,EQ,715.6,716,729.6,703.1,717,717.7,716.05,477593,3.41981E+13,,300232,0.6286
16-11-2007,M&M,EQ,717.7,723,740,713.5,735.05,733.8,728.15,375930,2.73733E+13,,253006,0.673
19-11-2007,M&M,EQ,733.8,738,756.9,738,752,750.8,749.41,280051,2.09873E+13,,187011,0.6678
20-11-2007,M&M,EQ,750.8,744,821,725.05,731,731.7,747.58,373112,2.78933E+13,,268852,0.7206
21-11-2007,M&M,EQ,731.7,735,739,684,687.95,698.85,706.39,537630,3.79774E+13,,397679,0.7397
22-11-2007,M&M,EQ,698.85,699.75,720,685.1,718,710.7,706.84,448103,3.16735E+13,,304754,0.6801
23-11-2007,M&M,EQ,710.7,717.7,724.95,700,711,711.1,711.15,155671,1.10705E+13,,77199,0.4959
26-11-2007,M&M,EQ,711.1,727,727,712,714.5,716.65,719.91,302149,2.17519E+13,,180233,0.5965
27-11-2007,M&M,EQ,716.65,691.65,723.8,691.65,711.35,713,711.23,465740,3.31246E+13,,375702,0.8067
28-11-2007,M&M,EQ,713,720,721.9,707,710,710.4,712.31,601880,4.28727E+13,,514556,0.8549
29-11-2007,M&M,EQ,710.4,720,730.95,714.05,724,720.55,722.9,1143309,8.26495E+13,,791164,0.692
30-11-2007,M&M,EQ,720.55,725,745.2,718,725.5,729.55,734.03,1159155,8.50849E+13,,898469,0.7751
03-12-2007,M&M,EQ,729.55,733,769,730,750,751.6,752.32,944973,7.10922E+13,,623823,0.6601
04-12-2007,M&M,EQ,751.6,760,779.95,751.55,774,773.65,766.91,424565,3.25604E+13,,243289,0.573
05-12-2007,M&M,EQ,773.65,769,792,769,771,774.2,781.47,844758,6.60151E+13,,548088,0.6488
06-12-2007,M&M,EQ,774.2,794.85,844.9,757,790,785.75,791.12,582041,4.60464E+13,,332490,0.5712
07-12-2007,M&M,EQ,785.75,791,800,773.35,782.15,780.15,782.02,852677,6.66811E+13,,604083,0.7085
10-12-2007,M&M,EQ,780.15,789.65,792,757.85,780,775.1,774.14,284363,2.20136E+13,,143984,0.5063
11-12-2007,M&M,EQ,775.1,776,792.9,767,792,784.85,780.75,361503,2.82244E+13,,235990,0.6528
12-12-2007,M&M,EQ,784.85,780,793.5,774,792,790.15,783.71,278005,2.17875E+13,,156242,0.562
13-12-2007,M&M,EQ,790.15,798,820,788,790,792.85,806,1219983,9.83303E+13,,843335,0.6913
14-12-2007,M&M,EQ,792.85,796,800,771.3,790.15,791.05,785.89,977100,7.67896E+13,,721086,0.738
17-12-2007,M&M,EQ,791.05,789.5,799.9,749.7,778,767.6,781.39,1072700,8.38194E+13,,775304,0.7228
18-12-2007,M&M,EQ,767.6,778,781,757.05,767.1,772.05,767.35,743538,5.70554E+13,,575662,0.7742
19-12-2007,M&M,EQ,772.05,789,821,764.05,778,776.15,797.21,1737719,1.38532E+14,,1239256,0.7132
20-12-2007,M&M,EQ,776.15,780,807.95,772.25,780,784.55,794.04,878122,6.97268E+13,,538291,0.613
24-12-2007,M&M,EQ,784.55,790,827.7,790,825,824.15,813.7,721055,5.86726E+13,,512031,0.7101
26-12-2007,M&M,EQ,824.15,825,849,825,833.85,833.9,839.57,622787,5.22871E+13,,375907,0.6036
27-12-2007,M&M,EQ,833.9,840,844.9,825,829,833.1,835.83,653601,5.46297E+13,,422459,0.6464
28-12-2007,M&M,EQ,833.1,823,840,823,836,835.75,835.49,303185,2.53308E+13,,201115,0.6633
31-12-2007,M&M,EQ,835.75,831.2,869.5,831.2,857,861.95,859.31,676233,5.81096E+13,,380145,0.5622
01-01-2008,M&M,EQ,861.95,862.9,873.9,851,865,865.1,864,294025,2.54038E+13,,147186,0.5006
02-01-2008,M&M,EQ,865.1,863.8,869.5,844,860.1,856.3,854.39,1585013,1.35422E+14,,1388005,0.8757
03-01-2008,M&M,EQ,856.3,849.05,859.9,826.25,826.25,831.95,841.6,658364,5.5408E+13,,475316,0.722
04-01-2008,M&M,EQ,831.95,859,859,811,823,823.75,822.05,925441,7.6076E+13,,715983,0.7737
07-01-2008,M&M,EQ,823.75,815,834.9,801,816,813.8,814.18,544002,4.42916E+13,,398486,0.7325
08-01-2008,M&M,EQ,813.8,790.55,843,790.55,829.05,830.05,830.93,924659,7.68324E+13,,516636,0.5587
09-01-2008,M&M,EQ,830.05,830,834.9,806,809,808.85,818.88,752564,6.16261E+13,,592435,0.7872
10-01-2008,M&M,EQ,808.85,810,829,798,804,805.1,811.09,855560,6.93936E+13,,552197,0.6454
11-01-2008,M&M,EQ,805.1,805,809.15,764.1,775,775.05,780.73,668989,5.22301E+13,,499897,0.7472
14-01-2008,M&M,EQ,775.05,778.05,786.55,740,758,757.25,758.26,715559,5.42578E+13,,485313,0.6782
15-01-2008,M&M,EQ,757.25,757.25,765,731,735,735.1,740.09,772971,5.72065E+13,,575684,0.7448
16-01-2008,M&M,EQ,735.1,735,755.6,711,750,738.5,723.94,718932,5.20466E+13,,515993,0.7177
17-01-2008,M&M,EQ,738.5,730.55,764,730.55,752.75,756.45,753.52,478149,3.60293E+13,,235249,0.492
18-01-2008,M&M,EQ,756.45,756.45,756.45,720.05,725,727.55,741.41,360758,2.67468E+13,,191923,0.532
21-01-2008,M&M,EQ,727.55,721.05,738,582.05,674,667.2,688.14,802394,5.52158E+13,,528616,0.6588
22-01-2008,M&M,EQ,667.2,670,714.4,525,600,609.9,599.3,935519,5.60659E+13,,714471,0.7637
23-01-2008,M&M,EQ,609.9,612,694.45,605.05,635.7,633.4,637.67,1430298,9.12053E+13,,835031,0.5838
24-01-2008,M&M,EQ,633.4,642,665,600,624,626,639.78,836824,5.35386E+13,,651047,0.778
25-01-2008,M&M,EQ,626,642,680,630,677.2,673.1,664.21,445770,2.96083E+13,,287026,0.6439
28-01-2008,M&M,EQ,673.1,677.2,696,623,691,689.5,652.56,372076,2.42802E+13,,254595,0.6843
29-01-2008,M&M,EQ,689.5,670,712,665,705,701.55,699.59,1013749,7.09205E+13,,777246,0.7667
30-01-2008,M&M,EQ,701.55,705,710,678.15,699.7,691.1,686.84,704453,4.83844E+13,,512312,0.7272
31-01-2008,M&M,EQ,691.1,700,709.9,650.25,690,664.85,678.86,1178349,7.99935E+13,,879884,0.7467
01-02-2008,M&M,EQ,664.85,690,694,646,668.1,671,666.29,485470,3.23465E+13,,279027,0.5748
04-02-2008,M&M,EQ,671,680,701,679.9,700,698.15,694.39,525269,3.64742E+13,,411949,0.7843
05-02-2008,M&M,EQ,698.15,698,698.95,676,679.1,679.5,684.25,490006,3.35286E+13,,405419,0.8274
06-02-2008,M&M,EQ,679.5,659,689.5,651.55,664,663.95,664.55,289051,1.92089E+13,,160519,0.5553
07-02-2008,M&M,EQ,663.95,665,666.4,650,660,659,658.72,378796,2.49521E+13,,254265,0.6712
08-02-2008,M&M,EQ,659,631.35,660,631.35,648.9,646,644.88,158956,1.02508E+13,,70863,0.4458
11-02-2008,M&M,EQ,646,641,648,580,595.1,598.95,602.65,599563,3.61329E+13,,430403,0.7179
12-02-2008,M&M,EQ,598.95,605,609,572,575,579.25,591.63,256180,1.51563E+13,,157675,0.6155
13-02-2008,M&M,EQ,579.25,581,594.5,575.05,580,578.95,580.76,607072,3.52562E+13,,499526,0.8228
14-02-2008,M&M,EQ,578.95,584,604,584,597,597.65,597.65,457466,2.73403E+13,,349662,0.7643
15-02-2008,M&M,EQ,597.65,590,623,590,618.15,621.05,606.85,378842,2.29901E+13,,205259,0.5418
18-02-2008,M&M,EQ,621.05,618.6,648.4,618.6,643,644.6,633.31,272748,1.72734E+13,,151285,0.5547
19-02-2008,M&M,EQ,644.6,642,665.5,642,662,658.55,650.58,699001,4.54756E+13,,524338,0.7501
20-02-2008,M&M,EQ,658.55,656.25,670.9,630,630,635.3,647.93,389402,2.52304E+13,,268844,0.6904
21-02-2008,M&M,EQ,635.3,635,651,625,646,638.4,640.68,206479,1.32288E+13,,94979,0.46
22-02-2008,M&M,EQ,638.4,640,640,614.15,626,629.1,625.07,269941,1.68732E+13,,117716,0.4361
25-02-2008,M&M,EQ,629.1,633,634.7,605,633,627.8,617.18,342926,2.11646E+13,,198761,0.5796
26-02-2008,M&M,EQ,627.8,555.55,644.8,555.55,631,632.05,634,262405,1.66366E+13,,153742,0.5859
27-02-2008,M&M,EQ,632.05,629.65,684.5,629.65,664,660.4,665.15,933978,6.21231E+13,,535709,0.5736
28-02-2008,M&M,EQ,660.4,660,686.7,660,681.4,681.1,674.49,1067899,7.20282E+13,,669834,0.6272
29-02-2008,M&M,EQ,681.1,682,706,670.1,695.25,691.75,691.97,1650277,1.14194E+14,,1099418,0.6662
03-03-2008,M&M,EQ,691.75,670,710,665,684,687.8,694.25,1709245,1.18664E+14,,1283895,0.7511
04-03-2008,M&M,EQ,687.8,693,703.8,686,697,697.15,694.21,907069,6.29693E+13,,675389,0.7446
05-03-2008,M&M,EQ,697.15,702,705,688,696,695.7,695.99,788910,5.49072E+13,,566559,0.7182
07-03-2008,M&M,EQ,695.7,688,692,651,675.5,667.25,670.33,424875,2.84805E+13,,278912,0.6565
10-03-2008,M&M,EQ,667.25,665,700.6,638.8,667.9,670.4,675.88,922814,6.2371E+13,,776980,0.842
11-03-2008,M&M,EQ,670.4,669.9,690,653,669.75,675.85,676.33,852836,5.76795E+13,,674399,0.7908
12-03-2008,M&M,EQ,675.85,670,700,670,684,682.85,683.26,406475,2.77728E+13,,229013,0.5634
13-03-2008,M&M,EQ,682.85,679.7,684,638.9,657,661.05,666.91,687747,4.58666E+13,,503561,0.7322
14-03-2008,M&M,EQ,661.05,666,685,632.5,647,649.2,654.7,765926,5.01452E+13,,589845,0.7701
17-03-2008,M&M,EQ,649.2,630.35,659.9,612.05,631,639,625.86,595870,3.72934E+13,,400097,0.6715
18-03-2008,M&M,EQ,639,634.9,640,620.2,640,638.05,632.02,711950,4.49963E+13,,471766,0.6626
19-03-2008,M&M,EQ,638.05,642.55,684.75,637.1,655.1,661.2,658.1,902042,5.93631E+13,,536873,0.5952
24-03-2008,M&M,EQ,661.2,694.25,694.25,640,652,667.8,669.82,968967,6.49034E+13,,750895,0.7749
25-03-2008,M&M,EQ,667.8,652,681.9,652,679,679.9,677.23,780175,5.2836E+13,,591021,0.7575
26-03-2008,M&M,EQ,679.9,675,690,670.35,679.4,679.55,680.43,343956,2.3404E+13,,203337,0.5912
27-03-2008,M&M,EQ,679.55,655,698,655,685,683.15,681.63,676258,4.60958E+13,,459227,0.6791
28-03-2008,M&M,EQ,683.15,680.1,699.95,658.5,694.25,692.5,677.72,365244,2.47531E+13,,223455,0.6118
31-03-2008,M&M,EQ,692.5,655,724,655,683,697.05,689.29,868722,5.988E+13,,680643,0.7835
01-04-2008,M&M,EQ,697.05,694.3,716.75,641,648.55,650.4,664.09,804027,5.33945E+13,,543304,0.6757
02-04-2008,M&M,EQ,650.4,675,675,655.15,672.4,666.7,664.3,355683,2.36281E+13,,212631,0.5978
03-04-2008,M&M,EQ,666.7,672,682,631.25,650,645.15,654.16,515873,3.37462E+13,,333642,0.6468
04-04-2008,M&M,EQ,645.15,645.25,645.25,603,605.95,605.2,612.31,1214678,7.43755E+13,,988077,0.8134
07-04-2008,M&M,EQ,605.2,606,625,603.6,610,615.1,615.98,646169,3.98025E+13,,374296,0.5793
08-04-2008,M&M,EQ,615.1,615.1,620,600.05,604,607.65,609.06,583272,3.55245E+13,,399191,0.6844
09-04-2008,M&M,EQ,607.65,607,617,592.1,616,608.9,604.85,657395,3.97628E+13,,398996,0.6069
10-04-2008,M&M,EQ,608.9,616,627.9,606.2,611.7,613.05,617.6,538634,3.3266E+13,,346491,0.6433
11-04-2008,M&M,EQ,613.05,617,625,615,618.8,618.75,618.96,373075,2.3092E+13,,270715,0.7256
15-04-2008,M&M,EQ,618.75,618,628,602.05,627.9,623.45,621.37,486985,3.02598E+13,,313955,0.6447
16-04-2008,M&M,EQ,623.45,625.05,633,614.65,622.9,620.75,620.19,669457,4.15188E+13,,492895,0.7363
17-04-2008,M&M,EQ,620.75,627,645.15,620.05,640,642.2,633.73,337690,2.14006E+13,,161263,0.4775
21-04-2008,M&M,EQ,642.2,643,648.05,625.3,630,637,639.88,190816,1.221E+13,,111849,0.5862
22-04-2008,M&M,EQ,637,635,635,623.15,630,629.15,628.99,828844,5.21337E+13,,593835,0.7165
23-04-2008,M&M,EQ,629.15,633,638.9,625,630,630,630.12,302918,1.90874E+13,,161574,0.5334
24-04-2008,M&M,EQ,630,635,638.9,625,630,630.45,629.51,911757,5.73958E+13,,667716,0.7323
25-04-2008,M&M,EQ,630.45,632.65,642,628.25,636.8,634.45,634,244020,1.54708E+13,,145473,0.5962
28-04-2008,M&M,EQ,634.45,638,644.7,630.1,636.9,635.45,635.3,281800,1.79028E+13,,210846,0.7482
29-04-2008,M&M,EQ,635.45,633.05,647.9,633.05,647,645.1,642.31,306950,1.97157E+13,,206978,0.6743
30-04-2008,M&M,EQ,645.1,647.05,682.45,645.1,659,670.2,665.06,551267,3.66628E+13,,279242,0.5065
02-05-2008,M&M,EQ,670.2,669,705,669,693,691.25,694.17,733735,5.09338E+13,,335631,0.4574
05-05-2008,M&M,EQ,691.25,699.95,700,671.1,674.5,678.65,681.64,456707,3.1131E+13,,251241,0.5501
06-05-2008,M&M,EQ,678.65,679.75,679.75,652,665,660.05,662.66,687821,4.55794E+13,,408947,0.5946
07-05-2008,M&M,EQ,660.05,670,679.9,653,675.15,676.5,669.84,293878,1.9685E+13,,117043,0.3983
08-05-2008,M&M,EQ,676.5,669,682.8,665,679,678.85,674.76,447810,3.02164E+13,,332864,0.7433
09-05-2008,M&M,EQ,678.85,678,680,667.6,674.15,672.85,674.11,284273,1.91632E+13,,207312,0.7293
12-05-2008,M&M,EQ,672.85,672.85,676,650.05,665.15,661.75,659.83,763867,5.04021E+13,,641073,0.8392
13-05-2008,M&M,EQ,661.75,669,672.8,657,657.5,666.05,666.45,842061,5.61187E+13,,666661,0.7917
14-05-2008,M&M,EQ,666.05,665,675.9,647.85,656.7,656.3,657.77,673402,4.42946E+13,,468417,0.6956
15-05-2008,M&M,EQ,656.3,660,669,658.25,661.5,662.15,663.51,332149,2.20384E+13,,220045,0.6625
16-05-2008,M&M,EQ,662.15,660.15,674.9,660.15,662,663.45,664.29,524508,3.48428E+13,,431241,0.8222
20-05-2008,M&M,EQ,663.45,659.9,662,647.1,654.05,653.8,653.26,543126,3.54801E+13,,370287,0.6818
21-05-2008,M&M,EQ,653.8,654,669.5,645.05,668,666.85,661.4,1026273,6.78773E+13,,909430,0.8861
22-05-2008,M&M,EQ,666.85,660,660,650,652,652.7,653,570513,3.72547E+13,,468409,0.821
23-05-2008,M&M,EQ,652.7,649,660,643.4,657,652,650.45,613215,3.98865E+13,,441696,0.7203
26-05-2008,M&M,EQ,652,651,659,639,643,643.2,644.17,564848,3.63856E+13,,479059,0.8481
27-05-2008,M&M,EQ,643.2,641,650,638.3,644.2,646.45,644.41,299219,1.9282E+13,,209458,0.7
28-05-2008,M&M,EQ,646.45,644,654,626,641,641.5,640.67,1241677,7.95504E+13,,888670,0.7157
29-05-2008,M&M,EQ,641.5,648,648,600.2,605.9,606.3,622.1,762148,4.74132E+13,,505772,0.6636
30-05-2008,M&M,EQ,606.3,610,623.8,583.05,588.5,590.15,604.39,590955,3.57168E+13,,378162,0.6399
02-06-2008,M&M,EQ,590.15,588,607,572,592,592,595.69,476526,2.83863E+13,,184299,0.3868
03-06-2008,M&M,EQ,592,586,604,586,594,593.85,591.99,217820,1.28946E+13,,126380,0.5802
04-06-2008,M&M,EQ,593.85,597,597,560.25,562.15,568.45,575.38,340481,1.95905E+13,,204292,0.6
05-06-2008,M&M,EQ,568.45,575.45,575.45,556.1,562.25,563.05,561.61,546571,3.06961E+13,,392382,0.7179
06-06-2008,M&M,EQ,563.05,562.5,589,562.5,580,580.65,580.89,298574,1.7344E+13,,144608,0.4843
09-06-2008,M&M,EQ,580.65,560,573.85,548,571.9,565.6,558.08,625375,3.4901E+13,,479044,0.766
10-06-2008,M&M,EQ,565.6,578.65,578.65,554,566.9,565.4,563.38,815590,4.59483E+13,,673052,0.8252
11-06-2008,M&M,EQ,565.4,566.3,584.8,566.3,580,579.15,576.52,179433,1.03448E+13,,113062,0.6301
12-06-2008,M&M,EQ,579.15,565.1,599.7,561.15,577,580.35,577.38,212833,1.22885E+13,,136524,0.6415
13-06-2008,M&M,EQ,580.35,575.05,577.85,566,574,570.25,574.07,955423,5.48483E+13,,824924,0.8634
16-06-2008,M&M,EQ,570.25,572.15,581,562.1,576.2,574.3,569.26,483803,2.75411E+13,,274227,0.5668
17-06-2008,M&M,EQ,574.3,576,581,565.25,570.1,571.65,575.76,416351,2.39718E+13,,260240,0.625
18-06-2008,M&M,EQ,571.65,572,577,568,570,570,570.31,448449,2.55754E+13,,372469,0.8306
19-06-2008,M&M,EQ,570,570,584,561,581,580,568.6,314094,1.78595E+13,,227393,0.724
20-06-2008,M&M,EQ,580,587,587,569,576,574.2,575.32,1168643,6.72338E+13,,1027052,0.8788
23-06-2008,M&M,EQ,574.2,569.05,574.2,545.5,549,548.9,554.44,579086,3.2107E+13,,415842,0.7181
24-06-2008,M&M,EQ,548.9,546.05,560,532.05,538,540.2,549.47,419964,2.30756E+13,,277501,0.6608
25-06-2008,M&M,EQ,540.2,540,549.8,522.65,538,540.1,537.77,544594,2.92867E+13,,349893,0.6425
26-06-2008,M&M,EQ,540.1,544,588,522,552.95,552.6,540.38,535490,2.89369E+13,,273589,0.5109
27-06-2008,M&M,EQ,552.6,530,530,503,503,512.55,512.77,428860,2.19905E+13,,239632,0.5588
30-06-2008,M&M,EQ,512.55,507,549.75,478,478,488.55,492.46,449064,2.21148E+13,,309243,0.6886
01-07-2008,M&M,EQ,488.55,488.55,498,427.1,438.9,447.55,469.61,282881,1.32845E+13,,180353,0.6376
02-07-2008,M&M,EQ,447.55,450,484.85,436,470,472.4,460.33,605506,2.78732E+13,,422153,0.6972
03-07-2008,M&M,EQ,472.4,450.05,478.8,429.9,472.25,469.3,453.81,360656,1.63668E+13,,266891,0.74
04-07-2008,M&M,EQ,469.3,452.45,489.85,452.45,466.1,475.1,478.13,401557,1.91997E+13,,242086,0.6029
07-07-2008,M&M,EQ,475.1,470.25,502,470.25,499.8,494.25,491.45,228731,1.1241E+13,,103031,0.4504
08-07-2008,M&M,EQ,494.25,480,524.8,475,517.5,518.65,505.27,1216569,6.14695E+13,,1040759,0.8555
09-07-2008,M&M,EQ,518.65,523.05,539.95,520.1,536,534.05,532.07,376305,2.00222E+13,,231109,0.6142
10-07-2008,M&M,EQ,534.05,533,541.95,520.3,536.1,536.45,532.01,125626,6.68339E+12,,36113,0.2875
11-07-2008,M&M,EQ,536.45,560,560,525,536,532.6,531.86,180535,9.60195E+12,,88859,0.4922
14-07-2008,M&M,EQ,532.6,530,556.75,520,550,546.1,537.13,211656,1.13688E+13,,98608,0.4659
15-07-2008,M&M,EQ,546.1,530,530,505.5,511.15,520.25,519.51,181226,9.41491E+12,,79365,0.4379
16-07-2008,M&M,EQ,520.25,515,524.5,490,497.5,493.35,501.83,289547,1.45302E+13,,157645,0.5445
17-07-2008,M&M,EQ,493.35,502,524,500,514,514.65,513.43,279386,1.43446E+13,,94035,0.3366
18-07-2008,M&M,EQ,514.65,505,529,505,519.1,520.6,520.32,283938,1.47739E+13,,167825,0.5911
21-07-2008,M&M,EQ,520.6,545,545,522,527.1,528.6,528.52,211936,1.12012E+13,,122458,0.5778
22-07-2008,M&M,EQ,528.6,521,552,521,549,546.35,533.17,274031,1.46105E+13,,163351,0.5961
23-07-2008,M&M,EQ,546.35,574,574.4,544.05,551,553.9,555.27,741268,4.11601E+13,,589874,0.7958
24-07-2008,M&M,EQ,553.9,560,574,525,537.15,542.85,547.16,614574,3.36273E+13,,399453,0.65
25-07-2008,M&M,EQ,542.85,521,559,520.2,540,540.5,543.28,207263,1.12602E+13,,112281,0.5417
28-07-2008,M&M,EQ,540.5,541,541,527.05,529.7,529.7,534.04,125199,6.68608E+12,,58582,0.4679
29-07-2008,M&M,EQ,529.7,524,528.5,488.55,498,499.85,501.95,220303,1.1058E+13,,109286,0.4961
30-07-2008,M&M,EQ,499.85,474.9,519.5,474.9,510.5,513.45,504.81,573390,2.89453E+13,,99855,0.1741
31-07-2008,M&M,EQ,513.45,518,534,507,522,522.75,519.57,618189,3.21195E+13,,369905,0.5984
01-08-2008,M&M,EQ,522.75,534,548,511,516,522.85,519.53,296185,1.53877E+13,,140756,0.4752
04-08-2008,M&M,EQ,522.85,515.95,529.4,511,519,520.4,521.54,174906,9.12203E+12,,79498,0.4545
05-08-2008,M&M,EQ,520.4,506,555,506,551.1,551.45,543.72,580315,3.15527E+13,,343801,0.5924
06-08-2008,M&M,EQ,551.45,572,575.3,537,567.05,563.75,566.3,193905,1.09808E+13,,76610,0.3951
07-08-2008,M&M,EQ,563.75,551.05,587,551.05,574,575.25,578.04,314876,1.82011E+13,,115308,0.3662
08-08-2008,M&M,EQ,575.25,568,580,557,577,575.75,568.2,124469,7.07239E+12,,30638,0.2461
11-08-2008,M&M,EQ,575.75,587,596,572.1,593,590.05,582.55,283958,1.65418E+13,,101475,0.3574
12-08-2008,M&M,EQ,590.05,592,603,578,600,594.5,587.54,364130,2.13941E+13,,164917,0.4529
13-08-2008,M&M,EQ,594.5,592.8,598.6,571,591,593.35,592.73,232411,1.37756E+13,,108514,0.4669
14-08-2008,M&M,EQ,593.35,585.05,589.5,581.15,588,585.4,584.64,167495,9.79246E+12,,99292,0.5928
18-08-2008,M&M,EQ,585.4,590,590,558.3,563.3,567.85,571.37,515358,2.94461E+13,,295567,0.5735
19-08-2008,M&M,EQ,567.85,560,565,552.1,559.5,561.35,559.35,153124,8.56495E+12,,59316,0.3874
20-08-2008,M&M,EQ,561.35,561.35,587.75,545.25,546,549.45,550.19,440130,2.42157E+13,,271061,0.6159
21-08-2008,M&M,EQ,549.45,550,553.25,535.1,540.05,539.85,543.39,223400,1.21393E+13,,87422,0.3913
22-08-2008,M&M,EQ,539.85,544,555,530.15,549.8,549.05,546.42,285929,1.56236E+13,,120738,0.4223
25-08-2008,M&M,EQ,549.05,554.9,578,531.7,564,565.15,561.16,163824,9.19318E+12,,64697,0.3949
26-08-2008,M&M,EQ,565.15,555,577.45,546.5,575.45,573.25,561.07,316349,1.77495E+13,,104559,0.3305
27-08-2008,M&M,EQ,573.25,576.15,580.7,566,573,575.85,574.73,244153,1.40323E+13,,109474,0.4484
28-08-2008,M&M,EQ,575.85,578.35,582,558,560,568.7,570.76,645062,3.68176E+13,,444445,0.689
29-08-2008,M&M,EQ,568.7,574.95,582,569.05,576.4,578.65,577.07,349917,2.01927E+13,,161461,0.4614
01-09-2008,M&M,EQ,578.65,570,578,565,576,572.9,572.02,207486,1.18686E+13,,121232,0.5843
02-09-2008,M&M,EQ,572.9,577,594.75,568.5,589,585.45,582.05,276052,1.60676E+13,,145336,0.5265
04-09-2008,M&M,EQ,585.45,580,594.8,580,585.3,589.2,586.5,438929,2.57432E+13,,289907,0.6605
05-09-2008,M&M,EQ,589.2,580,587.8,571.25,585,582.85,579.33,61463,3.56073E+12,,17776,0.2892
08-09-2008,M&M,EQ,582.85,590,618.7,589,589,594.15,595.28,347372,2.06784E+13,,211842,0.6098
09-09-2008,M&M,EQ,594.15,589,589.75,577.15,582,582.35,581.99,271112,1.57785E+13,,143349,0.5287
10-09-2008,M&M,EQ,582.35,580.85,582,573.4,576,577,577.57,503098,2.90572E+13,,388962,0.7731
11-09-2008,M&M,EQ,577,571,574.5,558.05,560,561.8,569.79,630781,3.59413E+13,,485988,0.7705
12-09-2008,M&M,EQ,561.8,567,573.85,538.15,542,548.15,557.06,629578,3.50713E+13,,394803,0.6271
15-09-2008,M&M,EQ,548.15,540,546.75,518.5,536.5,538.25,534.65,564971,3.02062E+13,,419386,0.7423
16-09-2008,M&M,EQ,538.25,521,542.95,501.05,535,533.45,525.99,710452,3.7369E+13,,477837,0.6726
17-09-2008,M&M,EQ,533.45,544.9,545,522,535,539.05,537.23,303264,1.62922E+13,,163973,0.5407
18-09-2008,M&M,EQ,539.05,520,560,503.95,558,549.7,527.71,788266,4.15977E+13,,509383,0.6462
19-09-2008,M&M,EQ,549.7,555,574,538.05,552.1,553.8,552.3,796073,4.39675E+13,,533337,0.67
22-09-2008,M&M,EQ,553.8,559.8,559.8,545,552.5,554.3,552.64,352064,1.94563E+13,,212851,0.6046
23-09-2008,M&M,EQ,554.3,553,559.95,542.5,554.45,550.4,553.17,180623,9.99156E+12,,85508,0.4734
24-09-2008,M&M,EQ,550.4,555,566.9,551,562.5,561,559.16,311916,1.7441E+13,,156652,0.5022
25-09-2008,M&M,EQ,561,564.95,570.05,545.1,558,559.55,559.39,771619,4.31636E+13,,434730,0.5634
26-09-2008,M&M,EQ,559.55,558.25,564.9,522.1,525,531.6,540.24,302334,1.63334E+13,,172607,0.5709
29-09-2008,M&M,EQ,531.6,525,533.3,495.2,497.05,503.65,515.38,422052,2.17515E+13,,240724,0.5704
30-09-2008,M&M,EQ,503.65,494,528.45,490,509.05,509.5,514.23,299457,1.53991E+13,,142095,0.4745
01-10-2008,M&M,EQ,509.5,510,534.75,505,505,508.75,517.45,529176,2.73821E+13,,276405,0.5223
03-10-2008,M&M,EQ,508.75,505,519.9,502,513.55,514.9,514.56,504067,2.59373E+13,,324222,0.6432
06-10-2008,M&M,EQ,514.9,513,516.5,485.1,503,503.7,504.11,363745,1.83367E+13,,190253,0.523
07-10-2008,M&M,EQ,503.7,505,521.95,457,485,474.3,474.72,1230818,5.84298E+13,,898884,0.7303
08-10-2008,M&M,EQ,474.3,485,489.7,446.1,484.4,484.95,473.49,1008871,4.77691E+13,,687464,0.6814
10-10-2008,M&M,EQ,484.95,469,499.5,391.15,470,468.25,471.1,1497779,7.05599E+13,,943202,0.6297
13-10-2008,M&M,EQ,468.25,480,535,475,517,519.75,504.34,444575,2.24216E+13,,277015,0.6231
14-10-2008,M&M,EQ,519.75,520,539,502.4,507.95,507.7,508.13,626780,3.18483E+13,,443363,0.7074
15-10-2008,M&M,EQ,507.7,490.55,507.9,477.1,487.5,486.45,491.88,393970,1.93788E+13,,229725,0.5831
16-10-2008,M&M,EQ,486.45,456.05,470,401.55,441.9,452.6,448.81,1106405,4.96562E+13,,814623,0.7363
17-10-2008,M&M,EQ,452.6,454.85,468,435.55,440,440.8,444.55,331796,1.47499E+13,,169107,0.5097
20-10-2008,M&M,EQ,440.8,453,453,406,419,417.05,431.6,400559,1.72882E+13,,189445,0.473
21-10-2008,M&M,EQ,417.05,425,428.9,382,400.1,409.3,400.14,1444288,5.7792E+13,,952248,0.6593
22-10-2008,M&M,EQ,409.3,391.05,405.5,375,377.9,380.75,392.61,1050938,4.12605E+13,,754493,0.7179
23-10-2008,M&M,EQ,380.75,368.25,385,331.1,345,341.05,360.1,798641,2.87587E+13,,360889,0.4519
24-10-2008,M&M,EQ,341.05,335,344,275,275,287.75,299.94,852491,2.55694E+13,,439813,0.5159
27-10-2008,M&M,EQ,287.75,287.75,302,237.1,242,250.9,275.52,832479,2.29363E+13,,447338,0.5374
28-10-2008,M&M,EQ,250.9,266.6,282.95,263,279.95,279.2,273.66,123008,3.36625E+12,,68723,0.5587
29-10-2008,M&M,EQ,279.2,286,310.8,275,300.05,302.05,295.04,1259648,3.71646E+13,,803561,0.6379
31-10-2008,M&M,EQ,302.05,314.95,395,307.2,374,374.5,354.91,1221097,4.33374E+13,,599855,0.4912
03-11-2008,M&M,EQ,374.5,380,399.9,368.05,387,382.95,378.77,990606,3.75216E+13,,499599,0.5043
04-11-2008,M&M,EQ,382.95,377.2,404,365.15,400,400.05,382.4,457417,1.74915E+13,,170946,0.3737
05-11-2008,M&M,EQ,400.05,390,412,367.1,380.5,375.55,391.53,469501,1.83824E+13,,230953,0.4919
06-11-2008,M&M,EQ,375.55,361,404,355.25,375.2,379.35,377.39,320834,1.21079E+13,,93951,0.2928
07-11-2008,M&M,EQ,379.35,380,380,347,370,369.8,365.23,509501,1.86084E+13,,210467,0.4131
10-11-2008,M&M,EQ,369.8,365.55,395,356.15,395,390,377.06,277596,1.0467E+13,,98419,0.3545
11-11-2008,M&M,EQ,390,385.1,394.8,352,360,356.25,369.81,224995,8.32048E+12,,51019,0.2268
12-11-2008,M&M,EQ,356.25,350,359,335.3,341,341,346.49,290107,1.00518E+13,,52298,0.1803
14-11-2008,M&M,EQ,341,349,356,316,342,333.6,332.07,659715,2.19073E+13,,293701,0.4452
17-11-2008,M&M,EQ,333.6,331.5,338.85,301,321.65,319,317.44,403562,1.28106E+13,,116567,0.2888
18-11-2008,M&M,EQ,319,306.5,314.9,295,303,300.9,305.2,506341,1.54536E+13,,215289,0.4252
19-11-2008,M&M,EQ,300.9,305,322.5,300,303.45,303.4,310.87,279478,8.68824E+12,,77266,0.2765
20-11-2008,M&M,EQ,303.4,297,314.4,286.15,308,302.7,298.69,415585,1.24129E+13,,217195,0.5226
21-11-2008,M&M,EQ,302.7,300,319,288.5,313.9,308.6,305.26,429019,1.30963E+13,,159396,0.3715
24-11-2008,M&M,EQ,308.6,312,317.55,294.4,300,299.7,303.53,286681,8.70161E+12,,95693,0.3338
25-11-2008,M&M,EQ,299.7,310,314,272.35,276.9,276.25,288.29,355990,1.0263E+13,,106499,0.2992
26-11-2008,M&M,EQ,276.25,282,282,258.9,267,269.7,267.15,614379,1.64129E+13,,238358,0.388
28-11-2008,M&M,EQ,269.7,265,286.85,256,279,280.8,276.47,707044,1.95479E+13,,322654,0.4563
01-12-2008,M&M,EQ,280.8,275,287,265,272,272.1,272.34,664611,1.80998E+13,,401525,0.6042
02-12-2008,M&M,EQ,272.1,268.5,268.5,245,245.05,248.9,250.09,866054,2.1659E+13,,449825,0.5194
03-12-2008,M&M,EQ,248.9,250,255,235,243.8,243.2,244.08,829675,2.02506E+13,,281916,0.3398
04-12-2008,M&M,EQ,243.2,248.95,255,240.1,254,253.7,246.72,691709,1.7066E+13,,199553,0.2885
05-12-2008,M&M,EQ,253.7,256,263.8,249.05,251,251.95,256.05,434250,1.11189E+13,,88927,0.2048
08-12-2008,M&M,EQ,251.95,260,273,244,245.5,248.85,258.17,411619,1.06266E+13,,116883,0.284
10-12-2008,M&M,EQ,248.85,250,305,243,287.5,284.5,267.56,1082866,2.89737E+13,,443877,0.4099
11-12-2008,M&M,EQ,284.5,286,296.8,278.1,285,287,287.63,790258,2.27305E+13,,343027,0.4341
12-12-2008,M&M,EQ,287,275.55,303,261.7,291.15,296.75,282.75,1041935,2.94609E+13,,477162,0.458
15-12-2008,M&M,EQ,296.75,300,316.5,295.1,304.95,303.9,306.94,650431,1.99644E+13,,285494,0.4389
16-12-2008,M&M,EQ,303.9,305,305,290,299.8,299.25,296.32,468250,1.38754E+13,,154403,0.3297
17-12-2008,M&M,EQ,299.25,300.55,314.9,295.05,307.2,306.9,306.84,727251,2.23149E+13,,357853,0.4921
18-12-2008,M&M,EQ,306.9,310,319.5,301.1,305.9,307.8,310.51,714392,2.21827E+13,,311249,0.4357
19-12-2008,M&M,EQ,307.8,305,347,305,316.2,322.85,329.25,1460211,4.80776E+13,,495179,0.3391
22-12-2008,M&M,EQ,322.85,325,329.9,300.35,306.15,306.75,312.38,654857,2.04563E+13,,203918,0.3114
23-12-2008,M&M,EQ,306.75,302.05,303.9,285.6,292,290.25,294.86,794737,2.34336E+13,,377720,0.4753
24-12-2008,M&M,EQ,290.25,292.05,296.9,274,278.9,277.95,282.96,956231,2.70579E+13,,467118,0.4885
26-12-2008,M&M,EQ,277.95,271.25,287.9,263.1,266.9,265.15,276.18,419059,1.15736E+13,,147532,0.3521
29-12-2008,M&M,EQ,265.15,256.05,266,247.1,256.5,255.8,253.2,773118,1.95752E+13,,376413,0.4869
30-12-2008,M&M,EQ,255.8,259.9,273.8,251.65,271.95,271.6,264.52,953733,2.52282E+13,,331607,0.3477
31-12-2008,M&M,EQ,271.6,275.05,281.95,268.3,277,274.5,275.65,565651,1.55921E+13,,133351,0.2357
01-01-2009,M&M,EQ,274.5,276,284.95,273,284.5,283.15,278.42,318950,8.88005E+12,,48624,0.1525
02-01-2009,M&M,EQ,283.15,288,294,278,291,288.6,286.62,533754,1.52985E+13,,87667,0.1642
05-01-2009,M&M,EQ,288.6,283,301,283,300,296.25,294.64,368366,1.08534E+13,,151996,0.4126
06-01-2009,M&M,EQ,296.25,300,329.9,295,324,318.3,310.71,1054943,3.27779E+13,,620756,0.5884
07-01-2009,M&M,EQ,318.3,303.65,324.95,295,301.95,302.6,308.79,566809,1.75028E+13,,288547,0.5091
09-01-2009,M&M,EQ,302.6,297,317.85,287,312.9,312.15,308.83,1208862,3.73336E+13,,933805,0.7725
12-01-2009,M&M,EQ,312.15,310,319.8,302.05,305,308.95,310.88,939038,2.91927E+13,,579608,0.6172
13-01-2009,M&M,EQ,308.95,305,315.65,301.1,304,306,308.17,543520,1.67495E+13,,282725,0.5202
14-01-2009,M&M,EQ,306,312,325.9,306,321,322.5,318.28,781724,2.48809E+13,,377103,0.4824
15-01-2009,M&M,EQ,322.5,313.1,327,306.5,322,321.65,316.58,847238,2.6822E+13,,494621,0.5838
16-01-2009,M&M,EQ,321.65,325,330,320.25,321,324.75,325.63,432219,1.40744E+13,,210601,0.4873
19-01-2009,M&M,EQ,324.75,320,326.1,305,305.05,309.45,313.51,369301,1.15781E+13,,133503,0.3615
20-01-2009,M&M,EQ,309.45,303,304,292,302,299.85,297.2,736023,2.18742E+13,,312659,0.4248
21-01-2009,M&M,EQ,299.85,299.8,301.4,290.1,293,296.35,294.46,647646,1.90706E+13,,267862,0.4136
22-01-2009,M&M,EQ,296.35,301.95,301.95,281.75,285,287.55,288.67,516779,1.4918E+13,,237439,0.4595
23-01-2009,M&M,EQ,287.55,271.5,284,258.6,265,264.65,268.49,576964,1.54909E+13,,227700,0.3947
27-01-2009,M&M,EQ,264.65,266.1,279.5,260.1,273,272.2,266.84,586773,1.56575E+13,,156359,0.2665
28-01-2009,M&M,EQ,272.2,274,286,273.05,283.55,283.3,281.05,276218,7.76305E+12,,117962,0.4271
29-01-2009,M&M,EQ,283.3,289.25,307,283.25,306,294.4,293.14,668301,1.95909E+13,,389547,0.5829
30-01-2009,M&M,EQ,294.4,290,305.7,288.7,300,302.25,295.39,489202,1.44507E+13,,284395,0.5813
02-02-2009,M&M,EQ,302.25,295,302,289.55,290,291.75,295.4,661115,1.95291E+13,,382112,0.578
03-02-2009,M&M,EQ,291.75,292,295,282,285.15,288.75,290.12,425893,1.23558E+13,,236477,0.5552
04-02-2009,M&M,EQ,288.75,289.35,294,278.6,279.7,281.2,286.23,278970,7.98483E+12,,84743,0.3038
05-02-2009,M&M,EQ,281.2,285,285,264,266.5,265.65,269.94,266778,7.20134E+12,,85637,0.321
06-02-2009,M&M,EQ,265.65,271.9,278,267.05,274.05,274.65,272.97,435194,1.18794E+13,,211939,0.487
09-02-2009,M&M,EQ,274.65,275,279.8,267.1,275.55,274.85,272.34,319399,8.69859E+12,,94978,0.2974
10-02-2009,M&M,EQ,274.85,278,289.4,276.2,284,282.55,284.43,540259,1.53665E+13,,225593,0.4176
11-02-2009,M&M,EQ,282.55,277,285.95,273.5,280.1,280.35,279.84,338083,9.46092E+12,,141365,0.4181
12-02-2009,M&M,EQ,280.35,275,304,275,300,299.65,294.97,994702,2.93409E+13,,400864,0.403
13-02-2009,M&M,EQ,299.65,284.55,323.8,284.55,320.55,320.6,315.84,955167,3.01679E+13,,218582,0.2288
16-02-2009,M&M,EQ,320.6,327.9,333.55,301.5,313,313.95,317.1,1415987,4.49016E+13,,506938,0.358
17-02-2009,M&M,EQ,313.95,302.05,314.7,294,297.25,298.45,299.1,968333,2.89632E+13,,513683,0.5305
18-02-2009,M&M,EQ,298.45,290.35,299,281.1,283,284.9,291.64,641549,1.87102E+13,,214714,0.3347
19-02-2009,M&M,EQ,284.9,286.65,299.8,282.3,290,290.45,292.58,1016668,2.97457E+13,,567773,0.5585
20-02-2009,M&M,EQ,290.45,288.7,292,270.55,279.1,281.55,280.04,935075,2.61859E+13,,508269,0.5436
24-02-2009,M&M,EQ,281.55,278,299.8,271.25,294,295.9,290.43,879702,2.55493E+13,,248533,0.2825
25-02-2009,M&M,EQ,295.9,301,320.9,300,317,317.2,314.93,1959975,6.17258E+13,,583081,0.2975
26-02-2009,M&M,EQ,317.2,318,326.8,310.5,317,318.75,320.12,2274483,7.28114E+13,,897354,0.3945
27-02-2009,M&M,EQ,318.75,316,319,303,312,311.7,308.71,1226572,3.78649E+13,,339971,0.2772
02-03-2009,M&M,EQ,311.7,305,325.5,290.05,319.75,319.85,319.04,1670444,5.32944E+13,,421410,0.2523
03-03-2009,M&M,EQ,319.85,316.05,328,308.55,310.1,310.7,319.57,1149200,3.6725E+13,,172292,0.1499
04-03-2009,M&M,EQ,310.7,316.35,319.8,310.25,314.5,314.3,314.68,717614,2.25817E+13,,131085,0.1827
05-03-2009,M&M,EQ,314.3,318.2,319.5,307.2,313.15,311.3,312.41,911526,2.84773E+13,,218838,0.2401
06-03-2009,M&M,EQ,311.3,315,320,306.65,318,317.9,315.42,730215,2.30325E+13,,242385,0.3319
09-03-2009,M&M,EQ,317.9,318,319.5,312.1,316.1,317.2,317.07,595029,1.88665E+13,,248021,0.4168
12-03-2009,M&M,EQ,317.2,329.8,334.7,318.1,334,328.45,325.43,1306397,4.25135E+13,,757694,0.58
13-03-2009,M&M,EQ,328.45,330.65,365.6,330.65,344.65,344.8,350.75,2488484,8.72847E+13,,919559,0.3695
16-03-2009,M&M,EQ,344.8,346.95,382.9,346.25,382.9,373.9,366.66,3492024,1.28038E+14,,1363496,0.3905
17-03-2009,M&M,EQ,373.9,377.65,384.45,369.15,372.25,375,377.74,2275240,8.59443E+13,,938477,0.4125
18-03-2009,M&M,EQ,375,380,380,360,365.5,363.6,367.84,1496713,5.50558E+13,,367120,0.2453
19-03-2009,M&M,EQ,363.6,362.6,375,348,350.15,352.6,358.61,1532312,5.49504E+13,,622323,0.4061
20-03-2009,M&M,EQ,352.6,350,359.7,346,358.25,355.5,354.96,2035471,7.22516E+13,,1330026,0.6534
23-03-2009,M&M,EQ,355.5,359.85,374.7,359.85,372.95,368.85,366.3,975089,3.5718E+13,,484256,0.4966
24-03-2009,M&M,EQ,368.85,375.2,392.5,370.15,372.3,374.7,381.86,1904828,7.27378E+13,,775337,0.407
25-03-2009,M&M,EQ,374.7,376.5,387.55,361.5,378.25,378.65,373.23,2075065,7.74468E+13,,689870,0.3325
26-03-2009,M&M,EQ,378.65,371.25,393.95,371.25,381.05,385.6,384.61,1681069,6.4655E+13,,663974,0.395
27-03-2009,M&M,EQ,385.6,384.85,395,373.65,387,385.6,384.17,1159104,4.45288E+13,,318714,0.275
30-03-2009,M&M,EQ,385.6,380,384,364.6,370,369.5,372.98,1023181,3.81627E+13,,398303,0.3893
31-03-2009,M&M,EQ,369.5,366,397.7,363.35,385,383.65,380.17,844276,3.2097E+13,,346140,0.41
01-04-2009,M&M,EQ,383.65,384.85,411.9,377.5,394,394.95,397.11,1607650,6.38409E+13,,521136,0.3242
02-04-2009,M&M,EQ,394.95,405,436,400.3,421.2,420.55,421.6,1490164,6.28257E+13,,373143,0.2504
06-04-2009,M&M,EQ,420.55,425,471,425,471,459.7,450.68,2617930,1.17985E+14,,1320721,0.5045
08-04-2009,M&M,EQ,459.7,455,460,441,449.1,448.2,447.18,1714208,7.66557E+13,,1021490,0.5959
09-04-2009,M&M,EQ,448.2,452,460,434.1,436,436.4,442.78,1891486,8.37508E+13,,1019690,0.5391
13-04-2009,M&M,EQ,436.4,437.1,458,437.1,450.15,449,451.86,1287860,5.81938E+13,,702885,0.5458
15-04-2009,M&M,EQ,449,441,504.55,440,476,473.25,476.45,3750132,1.78675E+14,,1914808,0.5106
16-04-2009,M&M,EQ,473.25,479,484.8,449.5,455.2,454.5,461.55,1658812,7.6563E+13,,936159,0.5644
17-04-2009,M&M,EQ,454.5,455.5,469.75,448.1,452.9,452.1,460.91,761066,3.50783E+13,,355919,0.4677
20-04-2009,M&M,EQ,452.1,454,466,440,451.5,449.75,454.71,655606,2.98109E+13,,186498,0.2845
21-04-2009,M&M,EQ,449.75,440,451.95,425.3,441,438.05,442.71,643281,2.84786E+13,,229285,0.3564
22-04-2009,M&M,EQ,438.05,440.2,446.9,413,430,424.25,427.91,554376,2.37224E+13,,109745,0.198
23-04-2009,M&M,EQ,424.25,429.85,448.9,422,446.1,444.25,435.17,857298,3.73066E+13,,313697,0.3659
24-04-2009,M&M,EQ,444.25,446,485.9,444.5,477.05,471.3,467.52,1590563,7.43621E+13,,763118,0.4798
27-04-2009,M&M,EQ,471.3,470,496.6,469.25,478.5,476.3,481.92,1113320,5.36532E+13,,470697,0.4228
28-04-2009,M&M,EQ,476.3,476,503.5,470.1,471.8,473.7,488.73,2533853,1.23836E+14,,1344465,0.5306
29-04-2009,M&M,EQ,473.7,484.9,492.85,475.1,490.8,487.95,485.36,1289237,6.25749E+13,,528971,0.4103
04-05-2009,M&M,EQ,487.95,501,571.3,500.85,537.75,545.8,545.47,3123910,1.70401E+14,,1395297,0.4467
05-05-2009,M&M,EQ,545.8,538,543,525.2,531.65,535.35,533.83,1172591,6.25966E+13,,297478,0.2537
06-05-2009,M&M,EQ,535.35,522,540,516.6,535.2,531.85,526.18,1117694,5.88108E+13,,420566,0.3763
07-05-2009,M&M,EQ,531.85,528.9,539.65,510.15,516,516.65,520.1,1269011,6.60011E+13,,438139,0.3453
08-05-2009,M&M,EQ,516.65,516,525,484.6,494.65,493.4,502.46,1378926,6.92856E+13,,485624,0.3522
11-05-2009,M&M,EQ,493.4,495.05,512.8,490.9,503.45,503.05,498.39,1127384,5.6188E+13,,329089,0.2919
12-05-2009,M&M,EQ,503.05,503.05,526,497.05,524.1,524.25,514.19,946917,4.86892E+13,,198800,0.2099
13-05-2009,M&M,EQ,524.25,525,527.9,505.1,510,511.25,516.87,732173,3.78437E+13,,183825,0.2511
14-05-2009,M&M,EQ,511.25,503.4,523.2,498.1,509.55,509.8,510.82,782917,3.9993E+13,,221167,0.2825
15-05-2009,M&M,EQ,509.8,512,522.8,507.1,514,513.45,515.59,696401,3.59054E+13,,234954,0.3374
18-05-2009,M&M,EQ,513.45,614.9,666.6,567,599.9,635.95,624.64,5770,3.60417E+11,,5720,0.9913
19-05-2009,M&M,EQ,635.95,629,690,580,634.5,629.2,638.62,2046944,1.30722E+14,,1153289,0.5634
20-05-2009,M&M,EQ,629.2,630,685,610.05,670,678.15,666.8,839332,5.59664E+13,,318475,0.3794
21-05-2009,M&M,EQ,678.15,670.1,677.8,637,652.5,654.7,655.28,722020,4.73124E+13,,333644,0.4621
22-05-2009,M&M,EQ,654.7,650,650,618.5,630,630.3,630.09,1093972,6.89298E+13,,579567,0.5298
25-05-2009,M&M,EQ,630.3,630,654.75,622.2,634.6,633.95,638.59,576295,3.68017E+13,,277147,0.4809
26-05-2009,M&M,EQ,633.95,635,648.2,599,615.95,610.8,625.96,552823,3.46044E+13,,192682,0.3485
27-05-2009,M&M,EQ,610.8,629.45,633.55,615,632.8,626.1,624.44,571680,3.56982E+13,,285807,0.4999
28-05-2009,M&M,EQ,626.1,636,665.9,624.2,641.5,637,647.72,1809224,1.17187E+14,,658409,0.3639
29-05-2009,M&M,EQ,637,646,698,643,666,668.9,676.36,1672851,1.13146E+14,,567538,0.3393
01-06-2009,M&M,EQ,668.9,674,719,660.15,715,712.7,700.43,1171939,8.20859E+13,,513438,0.4381
02-06-2009,M&M,EQ,712.7,713,737,712.7,722.15,725.1,723.79,2014175,1.45784E+14,,1148290,0.5701
03-06-2009,M&M,EQ,725.1,732.5,738,684,701.4,696.85,702.04,1446766,1.01569E+14,,675059,0.4666
04-06-2009,M&M,EQ,696.85,696.85,713,680,687,689.1,690.86,2206627,1.52447E+14,,1311882,0.5945
05-06-2009,M&M,EQ,689.1,695,724.9,690,710.3,709.9,712.36,2455974,1.74953E+14,,1380820,0.5622
08-06-2009,M&M,EQ,709.9,719.9,719.9,690,696.2,698.45,700,1017285,7.12098E+13,,524635,0.5157
09-06-2009,M&M,EQ,698.45,694,750,672.5,747,743.05,714.3,2782850,1.9878E+14,,1413107,0.5078
10-06-2009,M&M,EQ,743.05,750,776,743.2,775,767.1,761.83,1346747,1.02599E+14,,832642,0.6183
11-06-2009,M&M,EQ,767.1,770,819.9,761.5,816.55,811.4,800.35,2130078,1.7048E+14,,968079,0.4545
12-06-2009,M&M,EQ,811.4,816,829,778.6,786.2,783.8,791.51,918039,7.26636E+13,,369533,0.4025
15-06-2009,M&M,EQ,783.8,778.9,778.9,745,762,754.65,758.06,778230,5.89943E+13,,431107,0.554
16-06-2009,M&M,EQ,754.65,738,782.9,730.5,782.9,775.05,763.96,679993,5.19484E+13,,184956,0.272
17-06-2009,M&M,EQ,775.05,775,783,742,752,749.65,753.68,897443,6.76386E+13,,507303,0.5653
18-06-2009,M&M,EQ,749.65,750,758.45,731.1,744,742.5,745.65,586672,4.37453E+13,,235510,0.4014
19-06-2009,M&M,EQ,742.5,748.15,757.8,721.5,734,735.75,732.21,959531,7.02581E+13,,475017,0.4951
22-06-2009,M&M,EQ,735.75,740,749.8,696.1,710,710.85,719.49,867705,6.24305E+13,,333572,0.3844
23-06-2009,M&M,EQ,710.85,698.85,714,681.65,705.4,703.4,699.4,1109137,7.75735E+13,,485469,0.4377
24-06-2009,M&M,EQ,703.4,709,734.9,683,730.5,724.55,703.4,1194380,8.40127E+13,,509659,0.4267
25-06-2009,M&M,EQ,724.55,730.25,735.4,695,700.25,701.7,703.27,1807811,1.27137E+14,,1160852,0.6421
26-06-2009,M&M,EQ,701.7,709.8,714.4,685,699.5,698.1,696.46,1876662,1.30703E+14,,1240009,0.6608
29-06-2009,M&M,EQ,698.1,705,711,694.4,705.05,704.35,701.21,1308864,9.17789E+13,,818610,0.6254
30-06-2009,M&M,EQ,704.35,710.1,711.8,685,694,691.25,696.83,1167014,8.13213E+13,,701280,0.6009
01-07-2009,M&M,EQ,691.25,698.7,721,687.1,713.95,714.3,708.43,2452378,1.73734E+14,,1678296,0.6844
02-07-2009,M&M,EQ,714.3,722,724.7,695.65,710.9,713.85,711.18,1140240,8.10919E+13,,547169,0.4799
03-07-2009,M&M,EQ,713.85,706,748,702,740,738.7,729.68,1501265,1.09545E+14,,784370,0.5225
06-07-2009,M&M,EQ,738.7,741,745,700.05,712.15,711.7,722.7,967814,6.99443E+13,,551586,0.5699
07-07-2009,M&M,EQ,711.7,720,759.4,718,750.1,751.85,745.75,1509440,1.12566E+14,,876987,0.581
08-07-2009,M&M,EQ,751.85,735,755.7,727.65,737,737.4,741.89,1471062,1.09137E+14,,802249,0.5454
09-07-2009,M&M,EQ,737.4,730,743.4,704,725,722.25,719.29,1017033,7.31544E+13,,561309,0.5519
10-07-2009,M&M,EQ,722.25,727,727,685,701.5,694.2,706.21,1269310,8.96396E+13,,726970,0.5727
13-07-2009,M&M,EQ,694.2,686,693.95,644.1,680.55,678.25,663.56,1129938,7.49779E+13,,644569,0.5704
14-07-2009,M&M,EQ,678.25,685,712,676.1,712,705.2,693.03,1178115,8.1647E+13,,506100,0.4296
15-07-2009,M&M,EQ,705.2,738.75,738.75,700,721.65,718.5,711.79,952242,6.77798E+13,,459760,0.4828
16-07-2009,M&M,EQ,718.5,723,741,706.1,724,720.55,725.76,1547141,1.12285E+14,,830429,0.5368
17-07-2009,M&M,EQ,720.55,727,790,727,786,778.05,764.14,1563006,1.19435E+14,,713052,0.4562
20-07-2009,M&M,EQ,778.05,778,809,778,794.95,797.9,796.63,948779,7.55823E+13,,307618,0.3242
21-07-2009,M&M,EQ,797.9,798,800,766.35,771.1,776.25,777.88,745087,5.79592E+13,,300185,0.4029
22-07-2009,M&M,EQ,776.25,779.4,806.45,759.85,761,765.25,780.97,1115425,8.71116E+13,,518367,0.4647
23-07-2009,M&M,EQ,765.25,768,808,768,806.9,802.1,790.67,1292710,1.0221E+14,,703802,0.5444
24-07-2009,M&M,EQ,802.1,818.15,835.8,805.3,831.1,830.9,819.76,1997241,1.63726E+14,,848794,0.425
27-07-2009,M&M,EQ,830.9,839,845,806.05,814.5,816.6,821.51,645544,5.3032E+13,,254307,0.3939
28-07-2009,M&M,EQ,816.6,817.35,839,810.55,828.05,824,826.27,1162816,9.60805E+13,,578145,0.4972
29-07-2009,M&M,EQ,824,825,853.45,806,842,842.3,835.8,1373052,1.1476E+14,,502870,0.3662
30-07-2009,M&M,EQ,842.3,845.2,859,832.35,853.75,853.05,848.73,1979577,1.68013E+14,,613474,0.3099
31-07-2009,M&M,EQ,853.05,887.85,889.8,837.5,851.2,859.05,862.91,2009881,1.73435E+14,,927600,0.4615
03-08-2009,M&M,EQ,859.05,876.65,932.5,861.25,927.9,918.9,894.41,2071165,1.85248E+14,,1066753,0.515
04-08-2009,M&M,EQ,918.9,920,943.95,900.35,929.05,926.95,924.51,1875231,1.73368E+14,,716504,0.3821
05-08-2009,M&M,EQ,926.95,925,937.75,907,919.1,921.15,919.42,1107773,1.01851E+14,,450119,0.4063
06-08-2009,M&M,EQ,921.15,915,927.85,849.95,862.15,880.5,890.92,1788976,1.59384E+14,,852817,0.4767
07-08-2009,M&M,EQ,880.5,874.85,875,819.05,830.5,835.45,839.82,2024781,1.70045E+14,,873979,0.4316
10-08-2009,M&M,EQ,835.45,841,850,749,757,760.1,777.15,3912874,3.04091E+14,,1791860,0.4579
11-08-2009,M&M,EQ,760.1,778.8,806.4,760,791,786.05,788.08,2472786,1.94875E+14,,847077,0.3426
12-08-2009,M&M,EQ,786.05,774,789,745.85,786.35,777.65,763.8,1797241,1.37273E+14,,623665,0.347
13-08-2009,M&M,EQ,777.65,814,814,772.5,795,794.95,787.78,2694054,2.12233E+14,,1084797,0.4027
14-08-2009,M&M,EQ,794.95,791.1,812.5,783,786,790.1,798.55,2095320,1.67321E+14,,672147,0.3208
17-08-2009,M&M,EQ,790.1,780.5,780.5,742,743.5,747.45,756.01,1453125,1.09857E+14,,775665,0.5338
18-08-2009,M&M,EQ,747.45,745,772,741.25,767,768.9,763.45,916424,6.99643E+13,,256530,0.2799
19-08-2009,M&M,EQ,768.9,770,781,734,741,740.15,752.72,1377176,1.03662E+14,,608293,0.4417
20-08-2009,M&M,EQ,740.15,750,779.95,749.3,777.1,773.85,769.82,846070,6.5132E+13,,235371,0.2782
21-08-2009,M&M,EQ,773.85,769.85,805,761.3,800.9,800.6,786.51,1530087,1.20344E+14,,515456,0.3369
24-08-2009,M&M,EQ,800.6,809.8,817.7,802.5,808,813.4,811.6,751489,6.09907E+13,,234555,0.3121
25-08-2009,M&M,EQ,813.4,803,823.8,798.9,809.3,810.25,812.18,919269,7.46609E+13,,306290,0.3332
26-08-2009,M&M,EQ,810.25,820.5,825,806,813,813.2,815.17,876949,7.14863E+13,,303341,0.3459
27-08-2009,M&M,EQ,813.2,782.35,829.9,782.35,823.1,822.95,821.5,613993,5.04395E+13,,188425,0.3069
28-08-2009,M&M,EQ,822.95,820.3,833.35,805.55,822.8,827.4,822.06,622743,5.11934E+13,,158911,0.2552
31-08-2009,M&M,EQ,827.4,829.7,873,814.1,864.4,863.65,839.71,1071529,8.99776E+13,,463042,0.4321
01-09-2009,M&M,EQ,863.65,865.05,906,824,848,846.8,865.83,1841531,1.59445E+14,,465165,0.2526
02-09-2009,M&M,EQ,846.8,840,869.3,821.9,826,825.2,840.48,1060118,8.91013E+13,,281274,0.2653
03-09-2009,M&M,EQ,825.2,848,849,808,809,813.05,824.03,699361,5.76293E+13,,239471,0.3424
04-09-2009,M&M,EQ,813.05,818.85,879,815.8,860,867.45,855.07,2390890,2.04438E+14,,748563,0.3131
07-09-2009,M&M,EQ,867.45,865,876.8,850.1,857,857.3,858.37,1669849,1.43334E+14,,716270,0.4289
08-09-2009,M&M,EQ,857.3,865,870,835.1,835.8,838.15,852.74,1681867,1.43419E+14,,899175,0.5346
09-09-2009,M&M,EQ,838.15,840,852.9,830.25,835,836.95,839.72,1436234,1.20603E+14,,642359,0.4473
10-09-2009,M&M,EQ,836.95,848,852.8,813.1,827,822.1,829.67,1389448,1.15278E+14,,711867,0.5123
11-09-2009,M&M,EQ,822.1,833.15,843.8,813.15,825,821.3,827.53,1007091,8.33399E+13,,348459,0.346
14-09-2009,M&M,EQ,821.3,820.3,836,812,832.6,829.45,826.9,913137,7.5507E+13,,270731,0.2965
15-09-2009,M&M,EQ,829.45,836.9,847.8,832.25,843.6,841.65,841.48,2536544,2.13446E+14,,1957770,0.7718
16-09-2009,M&M,EQ,841.65,850,865,849,857,859.9,858.69,1060685,9.10795E+13,,449853,0.4241
17-09-2009,M&M,EQ,859.9,863.8,876,847.3,866.25,869.3,866.93,933434,8.0922E+13,,386338,0.4139
18-09-2009,M&M,EQ,869.3,865,898.6,858.3,885.25,885.9,881.49,1368019,1.2059E+14,,361972,0.2646
22-09-2009,M&M,EQ,885.9,893,910,880.1,886,889.15,895.24,1226035,1.0976E+14,,525245,0.4284
23-09-2009,M&M,EQ,889.15,890,894.55,861,866.45,865.35,874.86,616260,5.39141E+13,,206273,0.3347
24-09-2009,M&M,EQ,865.35,859.95,877.8,844.05,871,862.7,854.83,1093440,9.34708E+13,,579151,0.5297
25-09-2009,M&M,EQ,862.7,862.7,883.9,845.35,850,849.9,862.43,928993,8.01193E+13,,322424,0.3471
29-09-2009,M&M,EQ,849.9,869.7,869.7,848,851,852.05,855.15,494231,4.22643E+13,,245206,0.4961
30-09-2009,M&M,EQ,852.05,855,893.1,851.1,887,883.2,869.24,1249976,1.08652E+14,,628998,0.5032
01-10-2009,M&M,EQ,883.2,892,897.6,866,890,890.1,884.86,1369602,1.21191E+14,,543833,0.3971
05-10-2009,M&M,EQ,890.1,880,920,875,903.4,899.8,903.74,1511614,1.36611E+14,,601366,0.3978
06-10-2009,M&M,EQ,899.8,900.25,917,883.25,914.5,912.35,903.82,998659,9.02604E+13,,349821,0.3503
07-10-2009,M&M,EQ,912.35,919.5,926.8,886.25,895.5,892.3,908.67,1192158,1.08328E+14,,330430,0.2772
08-10-2009,M&M,EQ,892.3,894,917,887.1,905.4,911.45,904.62,1103558,9.98299E+13,,433305,0.3926
09-10-2009,M&M,EQ,911.45,912,918.45,885,885,891.4,900.37,681704,6.13787E+13,,307336,0.4508
12-10-2009,M&M,EQ,891.4,894,921,884.2,916.1,915.1,910.58,799589,7.28086E+13,,399472,0.4996
14-10-2009,M&M,EQ,915.1,918,981.4,918,975.25,970.95,962.9,1729041,1.6649E+14,,819026,0.4737
15-10-2009,M&M,EQ,970.95,980,980,952.6,962.6,959.5,961.29,1047996,1.00743E+14,,519868,0.4961
16-10-2009,M&M,EQ,959.5,965,965,932.6,934,939.4,945.41,682896,6.45618E+13,,338088,0.4951
17-10-2009,M&M,EQ,939.4,906.15,948,906.15,932,933.8,938.71,152033,1.42715E+13,,45245,0.2976
20-10-2009,M&M,EQ,933.8,938,940.25,897.4,907.5,905.6,909.71,1866231,1.69774E+14,,1164405,0.6239
21-10-2009,M&M,EQ,905.6,915,918,885.1,890,890.6,897.52,1149487,1.03168E+14,,626314,0.5449
22-10-2009,M&M,EQ,890.6,885,909.5,885,906.9,896.65,898.45,1626332,1.46118E+14,,1060119,0.6518
23-10-2009,M&M,EQ,896.65,915,934.1,909,927.5,927,923.12,1021131,9.42627E+13,,432668,0.4237
26-10-2009,M&M,EQ,927,927,944,913.8,919.85,919.65,928.28,795943,7.38855E+13,,311820,0.3918
27-10-2009,M&M,EQ,919.65,909.8,943,875.25,896.25,897.4,914.3,1453642,1.32906E+14,,563553,0.3877
28-10-2009,M&M,EQ,897.4,885,926,881.1,883,891.55,903.15,1881511,1.69928E+14,,974485,0.5179
29-10-2009,M&M,EQ,891.55,875,942,868,925,928.3,915.31,3245563,2.97069E+14,,1129079,0.3479
30-10-2009,M&M,EQ,928.3,943.35,969.3,901.1,916.2,921.95,942.5,3307740,3.11754E+14,,1638773,0.4954
03-11-2009,M&M,EQ,921.95,930,951.8,879,888.35,894.3,923.28,2048757,1.89158E+14,,982070,0.4793
04-11-2009,M&M,EQ,894.3,905,936,880,932.45,929.5,915.79,1488580,1.36322E+14,,650290,0.4369
05-11-2009,M&M,EQ,929.5,930,965,911.4,961,961.1,938.2,1282561,1.2033E+14,,443537,0.3458
06-11-2009,M&M,EQ,961.1,968.25,989,963.1,971.55,972.7,974.86,1564246,1.52493E+14,,708111,0.4527
09-11-2009,M&M,EQ,972.7,980,1011.9,956,1009,1003.65,985.91,1404543,1.38475E+14,,478381,0.3406
10-11-2009,M&M,EQ,1003.65,1010,1044.9,991.65,1006.7,1002.7,1016.83,2150349,2.18654E+14,,923334,0.4294
11-11-2009,M&M,EQ,1002.7,1002.6,1043,1000,1039.15,1032.9,1020.79,1060852,1.08291E+14,,411307,0.3877
12-11-2009,M&M,EQ,1032.9,1039.9,1054.4,1023.15,1036,1037.35,1036.91,1219276,1.26427E+14,,578290,0.4743
13-11-2009,M&M,EQ,1037.35,1030,1049.9,1017.3,1035,1029.7,1034.69,641791,6.64058E+13,,144838,0.2257
16-11-2009,M&M,EQ,1029.7,1040,1058.5,1035.35,1050,1048.9,1048.66,850578,8.91967E+13,,427277,0.5023
17-11-2009,M&M,EQ,1048.9,1063.35,1063.35,1018.45,1034.9,1034.65,1034.12,657607,6.80044E+13,,209433,0.3185
18-11-2009,M&M,EQ,1034.65,1042,1053.7,1016.2,1025,1028.65,1033.41,708376,7.32045E+13,,250635,0.3538
19-11-2009,M&M,EQ,1028.65,1025.1,1028,1005,1014.05,1013.9,1016.07,608667,6.1845E+13,,286859,0.4713
20-11-2009,M&M,EQ,1013.9,991.65,1048,985,1046.9,1040.2,1013.69,702172,7.11783E+13,,280449,0.3994
23-11-2009,M&M,EQ,1040.2,1045,1052.05,1035.2,1040,1043.5,1042.72,281712,2.93745E+13,,97860,0.3474
24-11-2009,M&M,EQ,1043.5,1048,1082.45,1037,1068,1070.3,1069.15,1457406,1.55819E+14,,815288,0.5594
25-11-2009,M&M,EQ,1070.3,1075,1091,1056.15,1058,1059.8,1077.96,1142787,1.23188E+14,,591244,0.5174
26-11-2009,M&M,EQ,1059.8,1060,1060,1017.1,1050,1025.65,1039.47,1492954,1.55187E+14,,1060415,0.7103
27-11-2009,M&M,EQ,1025.65,1032,1044.85,990,1016.3,1019.1,1013.82,889959,9.02259E+13,,361698,0.4064
30-11-2009,M&M,EQ,1019.1,1029,1047,1020,1036,1029.35,1037.16,882510,9.15303E+13,,389986,0.4419
01-12-2009,M&M,EQ,1029.35,1079,1094,1036,1074.1,1080.15,1062.47,1346568,1.43069E+14,,603750,0.4484
02-12-2009,M&M,EQ,1080.15,1093.2,1093.2,1060,1070,1070.35,1073.51,970763,1.04212E+14,,567169,0.5843
03-12-2009,M&M,EQ,1070.35,1071,1087.7,1063,1064.2,1067.75,1074.97,725299,7.79672E+13,,326112,0.4496
04-12-2009,M&M,EQ,1067.75,1074.8,1074.8,1040,1050,1046.7,1054.24,418705,4.41415E+13,,138188,0.33
07-12-2009,M&M,EQ,1046.7,1047,1058.4,1015.1,1018.95,1027.1,1038.86,558393,5.80092E+13,,219515,0.3931
08-12-2009,M&M,EQ,1027.1,1025,1039.7,1011.5,1031.25,1033.6,1028.2,780468,8.02474E+13,,362545,0.4645
09-12-2009,M&M,EQ,1033.6,1035,1044.3,1018,1026.7,1030.45,1032.29,471727,4.86959E+13,,137894,0.2923
10-12-2009,M&M,EQ,1030.45,1035,1046.5,1022.2,1043.1,1043.2,1036.9,802263,8.31864E+13,,416745,0.5195
11-12-2009,M&M,EQ,1043.2,1050,1055.8,1022.1,1026.05,1029.45,1036.32,546575,5.66428E+13,,242784,0.4442
14-12-2009,M&M,EQ,1029.45,1028,1059.95,1028,1039.45,1039.9,1049.33,723927,7.59635E+13,,296779,0.41
15-12-2009,M&M,EQ,1039.9,1060,1068.9,1008,1016,1016.55,1044.75,1055869,1.10312E+14,,435016,0.412
16-12-2009,M&M,EQ,1016.55,1030,1054.9,1012,1050.6,1046.65,1034.44,893451,9.24218E+13,,302045,0.3381
17-12-2009,M&M,EQ,1046.65,1045,1062,1040.55,1055,1057.25,1054.69,898829,9.4799E+13,,460675,0.5125
18-12-2009,M&M,EQ,1057.25,1054.5,1074,1045,1051,1054.65,1062.58,750090,7.9703E+13,,293595,0.3914
21-12-2009,M&M,EQ,1054.65,1056,1062.5,1015,1017.05,1017.7,1034.9,471019,4.87457E+13,,211752,0.4496
22-12-2009,M&M,EQ,1017.7,1028,1037.7,1005,1015,1009.75,1021.13,825618,8.43067E+13,,454767,0.5508
23-12-2009,M&M,EQ,1009.75,1017,1047.9,1012.6,1044.2,1042.15,1035.51,568488,5.88676E+13,,238349,0.4193
24-12-2009,M&M,EQ,1042.15,1045,1068,1041,1061.8,1064.95,1058.53,907485,9.60605E+13,,585357,0.645
29-12-2009,M&M,EQ,1064.95,1075,1075,1050.1,1059,1059.65,1060.63,466252,4.94521E+13,,170701,0.3661
30-12-2009,M&M,EQ,1059.65,1059,1072,1052.8,1065,1064.4,1062.63,366279,3.89218E+13,,130532,0.3564
31-12-2009,M&M,EQ,1064.4,1060,1086.45,1060,1085,1080.85,1080.4,755394,8.16129E+13,,355729,0.4709
04-01-2010,M&M,EQ,1080.85,1085.5,1138,1085.5,1130,1129.85,1123.16,934837,1.04997E+14,,291153,0.3114
05-01-2010,M&M,EQ,1129.85,1135,1176,1121,1154.9,1150.65,1158.27,1299341,1.50498E+14,,583501,0.4491
06-01-2010,M&M,EQ,1150.65,1159.7,1186.9,1152.3,1179.5,1178.25,1170.43,1706808,1.99769E+14,,907505,0.5317
07-01-2010,M&M,EQ,1178.25,1183,1184.45,1141.15,1157,1155.8,1155.71,826099,9.54734E+13,,438912,0.5313
08-01-2010,M&M,EQ,1155.8,1165,1166,1146.55,1157,1155.9,1154.85,631818,7.29656E+13,,318443,0.504
11-01-2010,M&M,EQ,1155.9,1162,1176,1150,1155,1159.2,1161.22,791967,9.1965E+13,,466984,0.5897
12-01-2010,M&M,EQ,1159.2,1142.55,1199,1142.55,1185,1192.2,1173.86,1235617,1.45044E+14,,583132,0.4719
13-01-2010,M&M,EQ,1192.2,1182.1,1190,1134.6,1166,1153.6,1157.59,1146225,1.32686E+14,,571390,0.4985
14-01-2010,M&M,EQ,1153.6,1160,1182,1151.1,1170.8,1171.65,1172.13,1027371,1.20421E+14,,643778,0.6266
15-01-2010,M&M,EQ,1171.65,1175.55,1182.1,1150.05,1155.15,1157.2,1159.6,766740,8.89113E+13,,461925,0.6025
18-01-2010,M&M,EQ,1157.2,1155,1190.9,1150.15,1175.1,1183.65,1178.22,890516,1.04922E+14,,499636,0.5611
19-01-2010,M&M,EQ,1183.65,1179,1184.9,1150.7,1162,1159.6,1160.69,624251,7.24561E+13,,299109,0.4791
20-01-2010,M&M,EQ,1159.6,1165,1174.9,1140.25,1146.8,1145.45,1156,847629,9.79855E+13,,496965,0.5863
21-01-2010,M&M,EQ,1145.45,1143,1172,1139,1149.15,1144.85,1155.34,1245541,1.43902E+14,,817966,0.6567
22-01-2010,M&M,EQ,1144.85,1127,1143.8,1099,1137.95,1133.1,1125.94,968435,1.0904E+14,,485936,0.5018
25-01-2010,M&M,EQ,1133.1,1140,1152.55,1056.1,1056.1,1071.25,1102.36,2706125,2.98313E+14,,1389451,0.5134
27-01-2010,M&M,EQ,1071.25,1064.8,1074,995,1010,1010.9,1017.83,2752932,2.80202E+14,,1394172,0.5064
28-01-2010,M&M,EQ,1010.9,1020,1046.7,1016.75,1026.5,1022.3,1028.22,1122843,1.15453E+14,,591326,0.5266
29-01-2010,M&M,EQ,1022.3,1020,1032,987.75,1029.2,1017.55,1010.12,979543,9.89456E+13,,424758,0.4336
01-02-2010,M&M,EQ,1017.55,1021.2,1055.4,1007.4,1049,1047.15,1040.35,840047,8.7394E+13,,310030,0.3691
02-02-2010,M&M,EQ,1047.15,1055,1065.5,1015,1015,1019.8,1042.16,632825,6.59505E+13,,179023,0.2829
03-02-2010,M&M,EQ,1019.8,1025,1057.65,1024.2,1055.8,1054.2,1044.24,657639,6.86735E+13,,267263,0.4064
04-02-2010,M&M,EQ,1054.2,1052.7,1053.4,1006,1016.2,1017,1030.34,751323,7.74121E+13,,436295,0.5807
05-02-2010,M&M,EQ,1017,999,1005,965.9,972.4,976.25,989.34,937944,9.27946E+13,,414458,0.4419
06-02-2010,M&M,EQ,976.25,985,990,976.15,987,987.1,984.87,82415,8.11682E+12,,19564,0.2374
08-02-2010,M&M,EQ,987.1,995,1010,967.2,1003.1,999.8,990.2,991231,9.81516E+13,,282677,0.2852
09-02-2010,M&M,EQ,999.8,981.3,1014.35,981.3,990.25,991.2,1002.12,592548,5.93807E+13,,195774,0.3304
10-02-2010,M&M,EQ,991.2,1003,1005,950,965,958.35,975.43,1064646,1.03848E+14,,409727,0.3848
11-02-2010,M&M,EQ,958.35,969.9,996,963,987.55,986.8,979.69,741581,7.26522E+13,,254538,0.3432
15-02-2010,M&M,EQ,986.8,1000,1009.75,990,994.9,995.65,997.86,778347,7.76683E+13,,427413,0.5491
16-02-2010,M&M,EQ,995.65,996.3,1023,990.5,1022,1015.55,1006.65,324982,3.27144E+13,,99832,0.3072
17-02-2010,M&M,EQ,1015.55,1026,1040.85,1022,1030.5,1029.05,1032.53,582138,6.01077E+13,,268859,0.4618
18-02-2010,M&M,EQ,1029.05,1034.8,1034.8,1001.1,1015.25,1013.2,1013.7,464353,4.70713E+13,,187936,0.4047
19-02-2010,M&M,EQ,1013.2,1001,1017,993.15,995.95,1001.7,1003.03,537462,5.39089E+13,,167600,0.3118
22-02-2010,M&M,EQ,1001.7,1010,1024.9,986.1,993.5,992.4,995.16,685315,6.81996E+13,,334715,0.4884
23-02-2010,M&M,EQ,992.4,989,994.05,972,980,980.6,981.35,758293,7.44152E+13,,361783,0.4771
24-02-2010,M&M,EQ,980.6,975,978.9,951,959.1,957.3,958.68,949872,9.10627E+13,,525663,0.5534
25-02-2010,M&M,EQ,957.3,953.2,972.8,952.5,958,957.1,962.6,911196,8.77121E+13,,366750,0.4025
26-02-2010,M&M,EQ,957.1,965,1031.85,957.35,1010.4,1007.75,1000.96,2035515,2.03746E+14,,801309,0.3937
02-03-2010,M&M,EQ,1007.75,1018,1066.5,1018,1065.75,1057,1051.94,1527368,1.6067E+14,,835497,0.547
03-03-2010,M&M,EQ,1057,1062,1081.65,1046.75,1078.1,1076.4,1065.13,945433,1.00701E+14,,392858,0.4155
04-03-2010,M&M,EQ,1076.4,1074,1084.6,1057.1,1080,1077.5,1068.3,656076,7.00886E+13,,249327,0.38
05-03-2010,M&M,EQ,1077.5,1077,1089.8,1068,1076,1076.65,1080.49,538499,5.81845E+13,,264689,0.4915
08-03-2010,M&M,EQ,1076.65,1085,1132,1085,1122.7,1122.1,1117.43,1824490,2.03874E+14,,1091890,0.5985
09-03-2010,M&M,EQ,1122.1,1122,1140.5,1109.1,1132,1129.6,1129.4,1339745,1.51311E+14,,669639,0.4998
10-03-2010,M&M,EQ,1129.6,1120,1139.65,1120,1131,1132.6,1130.03,850516,9.6111E+13,,356269,0.4189
11-03-2010,M&M,EQ,1132.6,1112.3,1133.9,1112.3,1128.2,1125.05,1125.75,1393469,1.5687E+14,,1071478,0.7689
12-03-2010,M&M,EQ,1125.05,1125,1154.95,1125,1140,1140.85,1145.08,1004291,1.15E+14,,580590,0.5781
15-03-2010,M&M,EQ,1140.85,1140,1140,1101.1,1104.05,1105,1115.92,664173,7.41164E+13,,318854,0.4801
16-03-2010,M&M,EQ,1105,1104,1140,1094,1133,1134.25,1119.95,611858,6.85248E+13,,199572,0.3262
17-03-2010,M&M,EQ,1134.25,1125,1149,1071.3,1125,1123.3,1130.4,582048,6.57945E+13,,267684,0.4599
18-03-2010,M&M,EQ,1123.3,1123.5,1123.5,1076.25,1089.9,1088.05,1091.78,1311454,1.43182E+14,,674931,0.5146
19-03-2010,M&M,EQ,1088.05,1075.1,1099,1068.4,1070,1073.45,1078.31,1108049,1.19482E+14,,560774,0.5061
22-03-2010,M&M,EQ,1073.45,1065,1069,1043,1051.5,1048.55,1051.54,980708,1.03125E+14,,606658,0.6186
23-03-2010,M&M,EQ,1048.55,1055,1059,1031,1049.8,1048.95,1042.05,784875,8.17882E+13,,380744,0.4851
25-03-2010,M&M,EQ,1048.95,1049.6,1068,1038.3,1054,1056.9,1051.87,1608934,1.6924E+14,,1052374,0.6541
26-03-2010,M&M,EQ,1056.9,1068,1088.9,1060,1079,1080.9,1078.78,901359,9.72369E+13,,494706,0.5488
29-03-2010,M&M,EQ,1080.9,546.2,565,515,554.9,553.6,555.53,1644904,9.13793E+13,,600859,0.3653
30-03-2010,M&M,EQ,553.6,558,570,545,548,549.65,562.56,1249613,7.02977E+13,,497629,0.3982
31-03-2010,M&M,EQ,549.65,556.9,559,533.25,548.35,541.35,546.61,2174664,1.1887E+14,,1026003,0.4718
01-04-2010,M&M,EQ,541.35,552,555.9,528.55,534.5,534.25,536.72,2835029,1.52163E+14,,1302723,0.4595
05-04-2010,M&M,EQ,534.25,537,549.9,533.7,549.45,548.8,543.83,1370878,7.45525E+13,,598437,0.4365
06-04-2010,M&M,EQ,548.8,551.05,553.9,532.6,533.3,533.5,539.08,1730628,9.32945E+13,,1044048,0.6033
07-04-2010,M&M,EQ,533.5,538.2,541.25,524.4,530.5,529.9,533.26,1868243,9.96258E+13,,1069142,0.5723
08-04-2010,M&M,EQ,529.9,536,543.7,520.6,521.95,524,531.22,2141450,1.13758E+14,,992851,0.4636
09-04-2010,M&M,EQ,524,527,532.5,521.8,530,528.95,527.54,1520209,8.01967E+13,,711921,0.4683
12-04-2010,M&M,EQ,528.95,476.35,531.65,476.35,517.95,517.9,522.07,1358190,7.09077E+13,,711421,0.5238
13-04-2010,M&M,EQ,517.9,520,524.9,505.1,508.4,508.3,509.25,2970588,1.51277E+14,,1804949,0.6076
15-04-2010,M&M,EQ,508.3,518,524,508,510.25,510.8,513.45,2863880,1.47047E+14,,1757823,0.6138
16-04-2010,M&M,EQ,510.8,511,513.75,500,500.5,502.85,507.45,2342006,1.18845E+14,,1347949,0.5756
19-04-2010,M&M,EQ,502.85,495,509.45,490.5,504,503.6,500.7,1982362,9.92562E+13,,855560,0.4316
20-04-2010,M&M,EQ,503.6,512,519.2,503.5,511,510.85,512.17,2196750,1.12511E+14,,1125820,0.5125
21-04-2010,M&M,EQ,510.85,516,516,507,508,508.25,511.46,1179153,6.03086E+13,,482265,0.409
22-04-2010,M&M,EQ,508.25,509,519,501.1,507.7,508.4,512.56,2930839,1.50224E+14,,1245480,0.425
23-04-2010,M&M,EQ,508.4,510,523.25,504,522.95,521.1,511.58,3114304,1.59321E+14,,1865361,0.599
26-04-2010,M&M,EQ,521.1,525,532.5,524,530.1,529.35,528.93,2323899,1.22918E+14,,1310271,0.5638
27-04-2010,M&M,EQ,529.35,530,540.7,530,536.4,536.75,536.58,2692451,1.44473E+14,,1463161,0.5434
28-04-2010,M&M,EQ,536.75,526,536.75,520,524,524.9,529.71,1753695,9.28958E+13,,844569,0.4816
29-04-2010,M&M,EQ,524.9,529,533.9,516.15,527.25,523.5,527.6,2043701,1.07826E+14,,1130827,0.5533
30-04-2010,M&M,EQ,523.5,525.1,531.85,519.5,531,526.15,524.59,2542774,1.33392E+14,,1430217,0.5625
03-05-2010,M&M,EQ,526.15,525,535.65,521.1,525.45,525.25,527.81,1322815,6.98197E+13,,601121,0.4544
04-05-2010,M&M,EQ,525.25,530,535.95,512,517,517.85,528.33,2172051,1.14756E+14,,1164203,0.536
05-05-2010,M&M,EQ,517.85,510.1,528,502.6,523,518.4,518.71,2159212,1.12E+14,,916318,0.4244
06-05-2010,M&M,EQ,518.4,518,521.3,507.45,519.05,517.8,514.59,1752117,9.01616E+13,,742839,0.424
07-05-2010,M&M,EQ,517.8,510,528.7,505.4,526.1,524,517.26,1759371,9.1005E+13,,886378,0.5038
10-05-2010,M&M,EQ,524,534.5,555,528.05,551.2,553.65,543.76,2606639,1.41739E+14,,1337969,0.5133
11-05-2010,M&M,EQ,553.65,557,567.7,551,561,563.7,561.51,3913543,2.19748E+14,,2169084,0.5543
12-05-2010,M&M,EQ,563.7,562.5,566,536,546.25,548.05,549.33,2069014,1.13658E+14,,729130,0.3524
13-05-2010,M&M,EQ,548.05,553.9,574.9,552.1,567.65,566.7,566.2,2348370,1.32964E+14,,856226,0.3646
14-05-2010,M&M,EQ,566.7,562.9,566.65,554.35,562.5,559.8,560.47,1881784,1.05468E+14,,922351,0.4901
17-05-2010,M&M,EQ,559.8,552,560.9,542.2,552.75,555.4,551.62,1308072,7.21556E+13,,342864,0.2621
18-05-2010,M&M,EQ,555.4,556.05,568.5,547.4,561,560.45,558.59,1334379,7.45376E+13,,474908,0.3559
19-05-2010,M&M,EQ,560.45,555,558.95,514.6,530,525.4,538.14,2608063,1.4035E+14,,1383894,0.5306
20-05-2010,M&M,EQ,525.4,532,541.2,517.2,522,521.7,528.9,1188257,6.2847E+13,,376482,0.3168
21-05-2010,M&M,EQ,521.7,510,541.9,505.2,541,538.35,529.02,1664299,8.80446E+13,,371547,0.2232
24-05-2010,M&M,EQ,538.35,575,575,524.05,527.75,529.2,542.3,1261028,6.83855E+13,,378502,0.3002
25-05-2010,M&M,EQ,529.2,521.1,538.5,507.25,518.15,515.95,518.74,1691448,8.77418E+13,,484941,0.2867
26-05-2010,M&M,EQ,515.95,530,536.7,511.75,518,517.35,523.34,2406502,1.25943E+14,,897170,0.3728
27-05-2010,M&M,EQ,517.35,520.05,541.5,514,531.1,528.45,532.68,2420987,1.28961E+14,,706756,0.2919
28-05-2010,M&M,EQ,528.45,535.8,549.75,535,546.15,545.95,542.3,1339451,7.26389E+13,,368071,0.2748
31-05-2010,M&M,EQ,545.95,555,578.1,553,575,572.7,564.06,2485110,1.40175E+14,,1063538,0.428
01-06-2010,M&M,EQ,572.7,572,584,558.1,561.7,564.25,572.77,2859084,1.63761E+14,,987228,0.3453
02-06-2010,M&M,EQ,564.25,567.4,578.8,564,575,574.55,573.27,2411044,1.38219E+14,,1086099,0.4505
03-06-2010,M&M,EQ,574.55,585,589,576.65,583,582.95,583.55,1903358,1.11071E+14,,747181,0.3926
04-06-2010,M&M,EQ,582.95,587,587.5,572.15,585,585.2,581,1768555,1.02753E+14,,816593,0.4617
07-06-2010,M&M,EQ,585.2,572.95,586.9,561,580,580.25,576.82,1647703,9.50434E+13,,505751,0.3069
08-06-2010,M&M,EQ,580.25,580,586,569.75,570.05,570.75,578.7,1236641,7.1564E+13,,439212,0.3552
09-06-2010,M&M,EQ,570.75,574.8,584,570.8,577.9,578.35,579.35,1131521,6.55542E+13,,422196,0.3731
10-06-2010,M&M,EQ,578.35,580,599.9,578,599.1,592.75,587.22,1310475,7.69541E+13,,538405,0.4108
11-06-2010,M&M,EQ,592.75,599.95,616.5,599.95,605,606.7,608.98,2709307,1.64992E+14,,1033001,0.3813
14-06-2010,M&M,EQ,606.7,606,618.5,602.25,616.2,615.7,613,1502547,9.21055E+13,,670004,0.4459
15-06-2010,M&M,EQ,615.7,618,618,605,607.3,608.15,609.21,1113221,6.78186E+13,,431069,0.3872
16-06-2010,M&M,EQ,608.15,611,635.95,610.5,635.2,629.3,624.11,3311617,2.0668E+14,,1648251,0.4977
17-06-2010,M&M,EQ,629.3,625,641.2,625,633.1,634.7,635.31,3407529,2.16484E+14,,1685034,0.4945
18-06-2010,M&M,EQ,634.7,633.5,643,615,620,619.2,631.99,2739265,1.73119E+14,,1382783,0.5048
21-06-2010,M&M,EQ,619.2,627,640,625,637.5,636.95,635.01,1400804,8.89524E+13,,674097,0.4812
22-06-2010,M&M,EQ,636.95,637,645,628.4,634.05,633.15,635.34,1594232,1.01287E+14,,641884,0.4026
23-06-2010,M&M,EQ,633.15,630,636.9,627.1,631.7,630.9,632.05,1275852,8.06405E+13,,518838,0.4067
24-06-2010,M&M,EQ,630.9,632,637.8,620.1,630,632.05,631.17,1755227,1.10785E+14,,778028,0.4433
25-06-2010,M&M,EQ,632.05,620,635.5,603.1,613.75,613.35,624.22,1124843,7.02146E+13,,432464,0.3845
28-06-2010,M&M,EQ,613.35,610,627,608,623.25,622.85,621.12,1221085,7.58446E+13,,427036,0.3497
29-06-2010,M&M,EQ,622.85,622,625.5,609,614.8,613.9,615.38,826058,5.08343E+13,,286767,0.3472
30-06-2010,M&M,EQ,613.9,609,632.95,609,631,627.35,621.81,1736655,1.07986E+14,,810060,0.4664
01-07-2010,M&M,EQ,627.35,625,630.1,613,615.65,615.15,619,1051156,6.50666E+13,,407203,0.3874
02-07-2010,M&M,EQ,615.15,618.9,621.4,601,601.65,602.35,611.16,1571017,9.60149E+13,,869146,0.5532
05-07-2010,M&M,EQ,602.35,602,614,598.6,611,610.1,609.56,752326,4.58587E+13,,263813,0.3507
06-07-2010,M&M,EQ,610.1,610.25,629.25,610.25,624.55,627.05,620.8,1320812,8.19956E+13,,549465,0.416
07-07-2010,M&M,EQ,627.05,629.95,630,619,621,621.65,623.52,1202358,7.49695E+13,,546167,0.4542
08-07-2010,M&M,EQ,621.65,622.75,632.9,615.2,621,622.15,626.36,1618083,1.0135E+14,,782769,0.4838
09-07-2010,M&M,EQ,622.15,625.2,640.9,625.2,637,638.55,633.69,1371573,8.69155E+13,,722023,0.5264
12-07-2010,M&M,EQ,638.55,642,648,632.15,637.3,637.8,640.57,871489,5.58246E+13,,389027,0.4464
13-07-2010,M&M,EQ,637.8,640,641.9,622.4,631,632.1,630.09,1390951,8.76424E+13,,749927,0.5391
14-07-2010,M&M,EQ,632.1,628,641,614,617.05,616.7,624.56,1648435,1.02955E+14,,821210,0.4982
15-07-2010,M&M,EQ,616.7,620,620.8,609.3,620.8,616.25,612.96,1737400,1.06496E+14,,872895,0.5024
16-07-2010,M&M,EQ,616.25,615.5,622.9,601.8,605,603.95,609.99,2306807,1.40714E+14,,1396631,0.6054
19-07-2010,M&M,EQ,603.95,605,613.9,595,606.6,606.45,608.66,1557509,9.47999E+13,,788641,0.5063
20-07-2010,M&M,EQ,606.45,610.5,615,600,600.5,602.1,607.08,1133421,6.88079E+13,,516656,0.4558
21-07-2010,M&M,EQ,602.1,606,620.95,603.5,618,616.75,616.61,2862051,1.76477E+14,,1520240,0.5312
22-07-2010,M&M,EQ,616.75,618.5,634,611,632.8,633.25,628.59,1976122,1.24218E+14,,962200,0.4869
23-07-2010,M&M,EQ,633.25,632,641,626,627,627.9,632.39,986060,6.23574E+13,,371989,0.3772
26-07-2010,M&M,EQ,627.9,620,637.95,618.5,619.9,620.5,625.09,777722,4.86143E+13,,343035,0.4411
27-07-2010,M&M,EQ,620.5,625,642.65,619.2,641.25,639.85,631.03,2042294,1.28875E+14,,1181533,0.5785
28-07-2010,M&M,EQ,639.85,641.25,658,639,645,648.05,649.96,3099372,2.01447E+14,,1047480,0.338
29-07-2010,M&M,EQ,648.05,646,652.2,636.65,644.2,643.9,644.31,1083336,6.98003E+13,,353072,0.3259
30-07-2010,M&M,EQ,643.9,641,664.9,640,660.25,661.5,656.57,2342977,1.53833E+14,,1210114,0.5165
02-08-2010,M&M,EQ,661.5,668.05,670,653.5,660,661.4,661.6,1201713,7.95051E+13,,453895,0.3777
03-08-2010,M&M,EQ,661.4,664,665,650,651.85,651.8,654.58,707332,4.63006E+13,,267057,0.3776
04-08-2010,M&M,EQ,651.8,651.1,660,642.6,660,656.85,651,1081767,7.04229E+13,,388326,0.359
05-08-2010,M&M,EQ,656.85,659.8,659.9,643.2,644.2,645.3,649.59,926671,6.01958E+13,,472291,0.5097
06-08-2010,M&M,EQ,645.3,643,658,642,648.95,648.75,652.62,1137795,7.42544E+13,,414265,0.3641
09-08-2010,M&M,EQ,648.75,657.7,679.7,622.65,650,649.3,648.46,857519,5.56065E+13,,338901,0.3952
10-08-2010,M&M,EQ,649.3,650,656.8,636.25,642.5,641.1,643.91,1096371,7.05967E+13,,493240,0.4499
11-08-2010,M&M,EQ,641.1,645,647,620.45,627.4,626.95,628.01,2060215,1.29383E+14,,1147693,0.5571
12-08-2010,M&M,EQ,626.95,620,645,615.1,632,633.05,627.96,2575802,1.61749E+14,,860262,0.334
13-08-2010,M&M,EQ,633.05,636.45,637.65,623.8,627,627.45,627.84,1374664,8.63063E+13,,775790,0.5643
16-08-2010,M&M,EQ,627.45,628,635.45,618.1,624.45,625.2,625.79,1237302,7.74287E+13,,628731,0.5081
17-08-2010,M&M,EQ,625.2,625.25,629.8,615.1,620.05,620.2,621.46,1009808,6.27554E+13,,481057,0.4764
18-08-2010,M&M,EQ,620.2,624,625,611,616.65,618.15,617.52,1491777,9.21197E+13,,755040,0.5061
19-08-2010,M&M,EQ,618.15,621.1,624.35,615,616.45,616.05,617.78,1278363,7.89752E+13,,790246,0.6182
20-08-2010,M&M,EQ,616.05,612,622,608.3,620,617.7,616.45,2239149,1.38032E+14,,1490420,0.6656
23-08-2010,M&M,EQ,617.7,625,634.5,620.05,624,624.15,626.95,1929049,1.20942E+14,,958111,0.4967
24-08-2010,M&M,EQ,624.15,627.25,629.8,614.1,615.25,616.1,619.53,888733,5.50599E+13,,451905,0.5085
25-08-2010,M&M,EQ,616.1,618,619.75,607.3,616,615.15,613.1,1128758,6.92038E+13,,600077,0.5316
26-08-2010,M&M,EQ,615.15,618,624.4,608.9,620,619.1,618.78,1407799,8.71115E+13,,644098,0.4575
27-08-2010,M&M,EQ,619.1,619.5,620.5,609,610.3,611.8,614.41,1333249,8.19163E+13,,734354,0.5508
30-08-2010,M&M,EQ,611.8,614.5,619.3,604.25,609.2,609.35,612.21,773033,4.73257E+13,,293940,0.3802
31-08-2010,M&M,EQ,609.35,611,629.5,605,628,626.7,617.68,2160846,1.33471E+14,,1184787,0.5483
01-09-2010,M&M,EQ,626.7,632,636.9,625.2,627.75,630.15,631.81,1717763,1.08531E+14,,853276,0.4967
02-09-2010,M&M,EQ,630.15,633.7,634.7,624.1,625,626.25,628.91,641271,4.03303E+13,,263348,0.4107
03-09-2010,M&M,EQ,626.25,627.9,640.8,624,630.5,630.65,636.04,1672218,1.06359E+14,,830103,0.4964
06-09-2010,M&M,EQ,630.65,633.1,637.8,630.05,635,634.25,634.46,980004,6.2177E+13,,563797,0.5753
07-09-2010,M&M,EQ,634.25,615,639.95,615,629,629.25,631.35,1077223,6.80108E+13,,671500,0.6234
08-09-2010,M&M,EQ,629.25,630,638,627.5,637,635.25,634.45,1009837,6.40688E+13,,580141,0.5745
09-09-2010,M&M,EQ,635.25,640,658,637.45,655.55,655.6,649.57,2212059,1.43688E+14,,1185239,0.5358
13-09-2010,M&M,EQ,655.6,658,668.1,651.65,661.95,664.85,661.02,1463349,9.67296E+13,,824314,0.5633
14-09-2010,M&M,EQ,664.85,666,678.5,657.45,670.3,670.95,671.75,1701498,1.14298E+14,,799135,0.4697
15-09-2010,M&M,EQ,670.95,671,685,667,670.05,676.1,679.37,1609164,1.09322E+14,,852291,0.5296
16-09-2010,M&M,EQ,676.1,676.1,683,666,676,674.55,676.44,1470237,9.94533E+13,,798802,0.5433
17-09-2010,M&M,EQ,674.55,680,686,677.2,679,680,682.06,1115731,7.61E+13,,627023,0.562
20-09-2010,M&M,EQ,680,686,694,673.9,688,687.8,685.29,1354948,9.28533E+13,,827138,0.6105
21-09-2010,M&M,EQ,687.8,690,706.45,680,684.15,685.3,692.67,1886534,1.30674E+14,,1049639,0.5564
22-09-2010,M&M,EQ,685.3,687,701.65,671.5,682.2,681.9,685.79,2084542,1.42956E+14,,996979,0.4783
23-09-2010,M&M,EQ,681.9,688,694,683.1,691.8,690.8,689.92,1000848,6.90503E+13,,509328,0.5089
24-09-2010,M&M,EQ,690.8,691.15,694.5,685.1,690,690.95,690.11,1089173,7.51649E+13,,673486,0.6183
27-09-2010,M&M,EQ,690.95,700,704,689.6,694.5,694.5,697.11,1244208,8.67347E+13,,745477,0.5992
28-09-2010,M&M,EQ,694.5,695.8,716,695.8,710,711.3,706.44,1825277,1.28945E+14,,848028,0.4646
29-09-2010,M&M,EQ,711.3,715,720.2,696.3,698,698.75,707.05,1213387,8.57922E+13,,505253,0.4164
30-09-2010,M&M,EQ,698.75,698.75,704.6,682.1,692.6,691.5,693.28,2347876,1.62773E+14,,1305318,0.556
01-10-2010,M&M,EQ,691.5,698.8,719.8,696.3,717,715.75,712.19,1568089,1.11678E+14,,782694,0.4991
04-10-2010,M&M,EQ,715.75,720,743.5,716,730.3,731,735.13,1823546,1.34054E+14,,1004077,0.5506
05-10-2010,M&M,EQ,731,733,749.75,732.5,749,744.35,741.82,1511865,1.12154E+14,,974419,0.6445
06-10-2010,M&M,EQ,744.35,748,759.5,735.8,738,740.45,746.58,1173032,8.75759E+13,,726030,0.6189
07-10-2010,M&M,EQ,740.45,744.9,747,719,725,725.45,731.07,1156127,8.45207E+13,,765195,0.6619
08-10-2010,M&M,EQ,725.45,729.05,732.1,694.1,706.25,705.05,705.56,2570936,1.81395E+14,,1648328,0.6411
11-10-2010,M&M,EQ,705.05,708.1,719.8,701,711.45,707.5,706.68,1133466,8.00999E+13,,597997,0.5276
12-10-2010,M&M,EQ,707.5,709,718.7,705,716.95,715.35,712.01,1462193,1.04109E+14,,616716,0.4218
13-10-2010,M&M,EQ,715.35,718.8,739.75,714.2,736,735.85,729.26,1720061,1.25437E+14,,861936,0.5011
14-10-2010,M&M,EQ,735.85,736,744,710,717,718.25,727.22,1592094,1.1578E+14,,855068,0.5371
15-10-2010,M&M,EQ,718.25,724.05,726.5,705.55,714,710.65,715.21,1172936,8.38898E+13,,607234,0.5177
18-10-2010,M&M,EQ,710.65,724,724,688,701.1,701.2,698.2,2354167,1.64367E+14,,1322500,0.5618
19-10-2010,M&M,EQ,701.2,708.25,711.75,696.1,699,701.5,703.24,2101860,1.4781E+14,,1180118,0.5615
20-10-2010,M&M,EQ,701.5,699.9,709.9,695,697.9,699.1,702.35,1449369,1.01796E+14,,854509,0.5896
21-10-2010,M&M,EQ,699.1,700.95,715,698.1,713,712.8,705.53,2182411,1.53975E+14,,1474930,0.6758
22-10-2010,M&M,EQ,712.8,715,718.4,699.1,700.55,701.6,705.68,912969,6.44263E+13,,449213,0.492
25-10-2010,M&M,EQ,701.6,703.5,720.25,701.1,718,714.7,710.83,2027668,1.44133E+14,,1630331,0.804
26-10-2010,M&M,EQ,714.7,719.2,728.4,715,717.4,716.95,721.21,2211115,1.59467E+14,,1149898,0.5201
27-10-2010,M&M,EQ,716.95,719.9,734.2,716.1,730,728.95,728.44,2008293,1.46292E+14,,1164508,0.5798
28-10-2010,M&M,EQ,728.95,733,739.7,721.35,735,733.05,730.65,3230290,2.3602E+14,,2330698,0.7215
29-10-2010,M&M,EQ,733.05,742.35,745.3,705.6,728,733.7,726.27,2819550,2.04775E+14,,936170,0.332
01-11-2010,M&M,EQ,733.7,744,771,739.85,767.6,766.5,755.17,3629242,2.74071E+14,,2052843,0.5656
02-11-2010,M&M,EQ,766.5,770,772,750,758.7,757.6,758.1,1505279,1.14115E+14,,754313,0.5011
03-11-2010,M&M,EQ,757.6,759.35,770,753,762.75,759.9,759.95,1742560,1.32426E+14,,1071935,0.6151
04-11-2010,M&M,EQ,759.9,767.05,795.95,765.4,777.15,777.5,782.91,2621815,2.05265E+14,,1464013,0.5584
05-11-2010,M&M,EQ,777.5,789.2,793,785,790.3,790.9,790.8,448917,3.55001E+13,,281049,0.6261
08-11-2010,M&M,EQ,790.9,798.4,798.4,774.35,778.1,776.85,782.89,1309593,1.02527E+14,,767186,0.5858
09-11-2010,M&M,EQ,776.85,798.5,798.5,771.15,783,781.05,781.09,1788285,1.39681E+14,,1184831,0.6626
10-11-2010,M&M,EQ,781.05,785.9,809.85,780.9,808,806.35,795.65,3334959,2.65347E+14,,2002260,0.6004
11-11-2010,M&M,EQ,806.35,807,826.7,807,815.8,813.65,817.24,2936560,2.39987E+14,,1777279,0.6052
12-11-2010,M&M,EQ,813.65,813,815,768,769.9,773.15,790.97,2941205,2.3264E+14,,1703868,0.5793
15-11-2010,M&M,EQ,773.15,773.8,803.8,766.25,802.2,799.95,789.75,1323340,1.0451E+14,,550244,0.4158
16-11-2010,M&M,EQ,799.95,799,801.9,775,778.5,778.3,784.78,1933039,1.51702E+14,,1150408,0.5951
18-11-2010,M&M,EQ,778.3,787.8,787.8,760,780,780.4,773.07,1768838,1.36743E+14,,913598,0.5165
19-11-2010,M&M,EQ,780.4,786,786,747,751.05,753,762.49,1617790,1.23354E+14,,820507,0.5072
22-11-2010,M&M,EQ,753,756,772,734.4,771.25,766.55,752.64,1738756,1.30867E+14,,910021,0.5234
23-11-2010,M&M,EQ,766.55,770,779.5,744,759.5,762.15,763.16,2818349,2.15086E+14,,1271285,0.4511
24-11-2010,M&M,EQ,762.15,770,797.85,767.95,785,784.65,788.15,2830549,2.23089E+14,,1299770,0.4592
25-11-2010,M&M,EQ,784.65,789,798.8,767.8,794.9,780.55,781.01,4167018,3.2545E+14,,2968105,0.7123
26-11-2010,M&M,EQ,780.55,786.9,789.5,750.2,753.5,757.45,763.32,1606603,1.22636E+14,,633507,0.3943
29-11-2010,M&M,EQ,757.45,760,774.8,742.45,769.85,770.45,767.31,1260451,9.6716E+13,,640267,0.508
30-11-2010,M&M,EQ,770.45,774.3,783.5,757,767,765.3,767.89,1678558,1.28894E+14,,775821,0.4622
01-12-2010,M&M,EQ,765.3,772,807.9,767,803,802.5,792.93,1999445,1.58542E+14,,809657,0.4049
02-12-2010,M&M,EQ,802.5,810,814.8,781.6,785,789.55,794.38,2011484,1.59789E+14,,1050459,0.5222
03-12-2010,M&M,EQ,789.55,794,804,789,799.65,799.9,799.22,2074963,1.65835E+14,,1111314,0.5356
06-12-2010,M&M,EQ,799.9,805.8,809.5,792,794,794.8,799.77,847883,6.78115E+13,,273445,0.3225
07-12-2010,M&M,EQ,794.8,794.1,805.3,793,801.5,800.95,799.98,1034600,8.27664E+13,,516796,0.4995
08-12-2010,M&M,EQ,800.95,790,797,784,788,789.3,790.08,1372036,1.08401E+14,,905035,0.6596
09-12-2010,M&M,EQ,789.3,790,793,751,766,760.35,765.71,1860808,1.42484E+14,,1005127,0.5402
10-12-2010,M&M,EQ,760.35,760,784.95,750,783,780.75,771.25,2477157,1.91052E+14,,1558953,0.6293
13-12-2010,M&M,EQ,780.75,790,790,759.3,765,768.4,768.82,2723955,2.09423E+14,,1683844,0.6182
14-12-2010,M&M,EQ,768.4,769,769,753.05,759,757.85,757.77,2207696,1.67293E+14,,1340899,0.6074
15-12-2010,M&M,EQ,757.85,757.15,769.3,747.1,750,752.9,755.96,2502007,1.89141E+14,,1532485,0.6125
16-12-2010,M&M,EQ,752.9,752,752,721,732.25,732.95,729.75,5987715,4.36953E+14,,4057546,0.6776
20-12-2010,M&M,EQ,732.95,734.9,754.8,725,746.9,745.8,742.95,1950171,1.44887E+14,,981359,0.5032
21-12-2010,M&M,EQ,745.8,746.1,757.8,746.1,755,754.1,753.94,865786,6.52754E+13,,400677,0.4628
22-12-2010,M&M,EQ,754.1,754,764.9,752.2,758,756.2,759.36,1067755,8.10806E+13,,518530,0.4856
23-12-2010,M&M,EQ,756.2,762.5,762.5,744.1,752.25,751.35,752.04,997976,7.50516E+13,,550967,0.5521
24-12-2010,M&M,EQ,751.35,750,765,742.55,762,761.8,752.42,738179,5.55423E+13,,325072,0.4404
27-12-2010,M&M,EQ,761.8,760.2,766.9,756,762.9,760.15,760.03,400423,3.04333E+13,,190015,0.4745
28-12-2010,M&M,EQ,760.15,760,768.9,751.25,764,764.35,762.98,711724,5.43028E+13,,260039,0.3654
29-12-2010,M&M,EQ,764.35,760.55,774.9,754.2,773.4,773.15,766.78,1034128,7.92949E+13,,423442,0.4095
30-12-2010,M&M,EQ,773.15,777.9,782.7,772.75,774.9,776.1,776.95,2089722,1.62361E+14,,1436547,0.6874
31-12-2010,M&M,EQ,776.1,774.35,784.9,774.35,778.5,778.2,780.13,491638,3.83539E+13,,183208,0.3726
03-01-2011,M&M,EQ,778.2,794.75,801.7,784.2,784.9,787.55,792.3,1837107,1.45554E+14,,1126892,0.6134
04-01-2011,M&M,EQ,787.55,787.1,792,775.2,778.55,781.25,783.6,1600858,1.25443E+14,,1021936,0.6384
05-01-2011,M&M,EQ,781.25,781.25,789,765.2,770.9,771.05,778.4,1271074,9.894E+13,,664245,0.5226
06-01-2011,M&M,EQ,771.05,777,778,758,770.15,771.25,765.31,1681233,1.28666E+14,,959161,0.5705
07-01-2011,M&M,EQ,771.25,764.2,765.9,732.05,737,740.3,743.38,2500373,1.85872E+14,,1540874,0.6163
10-01-2011,M&M,EQ,740.3,741,750,722.05,730,728.55,731.78,1437758,1.05212E+14,,669096,0.4654
11-01-2011,M&M,EQ,728.55,729.5,742.95,726,739,734.95,732.94,1096274,8.03498E+13,,508695,0.464
12-01-2011,M&M,EQ,734.95,737.3,753.9,725,751.8,751.25,739.59,1466758,1.08479E+14,,859860,0.5862
13-01-2011,M&M,EQ,751.25,747.3,759.3,733.75,737.5,737.7,744.78,1064549,7.92859E+13,,587757,0.5521
14-01-2011,M&M,EQ,737.7,733.1,753.4,729.7,740.35,739.55,742.7,1610390,1.19603E+14,,995165,0.618
17-01-2011,M&M,EQ,739.55,730.55,746.2,730.55,736,737.65,737.43,1038429,7.65768E+13,,607964,0.5855
18-01-2011,M&M,EQ,737.65,739.95,751.95,737.4,747,746.4,744.45,1476940,1.0995E+14,,902324,0.6109
19-01-2011,M&M,EQ,746.4,746,765.8,745.5,753.15,750.85,758.25,2028240,1.53791E+14,,1264542,0.6235
20-01-2011,M&M,EQ,750.85,751.4,764.75,750,760,760.3,755.95,2009966,1.51943E+14,,1465570,0.7292
21-01-2011,M&M,EQ,760.3,752.45,775.6,752.45,772.15,770.2,770.06,2302070,1.77273E+14,,1727724,0.7505
24-01-2011,M&M,EQ,770.2,771.1,796.8,771.1,793,791.6,784.61,2214648,1.73762E+14,,1627726,0.735
25-01-2011,M&M,EQ,791.6,791.05,798.7,766.5,769.95,771.3,780.53,1530020,1.19423E+14,,946452,0.6186
27-01-2011,M&M,EQ,771.3,777.9,777.9,725.5,735,733.55,739.76,3838112,2.83927E+14,,2521963,0.6571
28-01-2011,M&M,EQ,733.55,735,735.05,677,698,697.9,693.3,5086403,3.52639E+14,,3005442,0.5909
31-01-2011,M&M,EQ,697.9,679,717.8,677,715,713.35,702,2148861,1.5085E+14,,989537,0.4605
01-02-2011,M&M,EQ,713.35,716,718,697.15,705.15,705.8,704.55,1783443,1.25652E+14,,1005544,0.5638
02-02-2011,M&M,EQ,705.8,716.9,719.9,692.5,701.85,700.55,706.79,1528401,1.08026E+14,,636517,0.4165
03-02-2011,M&M,EQ,700.55,694.1,711.9,694.1,704,705.65,704.36,1497303,1.05464E+14,,797745,0.5328
04-02-2011,M&M,EQ,705.65,699,704,661,675,669.5,681.1,2846680,1.93888E+14,,1468690,0.5159
07-02-2011,M&M,EQ,669.5,679,681.8,663.3,672.8,669.2,673.34,1855582,1.24943E+14,,891565,0.4805
08-02-2011,M&M,EQ,669.2,678.5,678.5,624.15,628,627.7,644.51,3241305,2.08906E+14,,1862011,0.5745
09-02-2011,M&M,EQ,627.7,629.5,666.7,618.9,659,655.2,650.91,6402308,4.16734E+14,,3151394,0.4922
10-02-2011,M&M,EQ,655.2,655,661.9,642.4,654.95,652.6,653.69,1860844,1.21641E+14,,757322,0.407
11-02-2011,M&M,EQ,652.6,648.55,669.5,636.35,667.05,665.2,654.02,2478175,1.62078E+14,,1165378,0.4703
14-02-2011,M&M,EQ,665.2,665.1,689.6,665.1,679.85,680.1,678.11,2157755,1.4632E+14,,1176976,0.5455
15-02-2011,M&M,EQ,680.1,678.1,679.8,654.7,665.8,668.05,664.09,1998970,1.32751E+14,,903942,0.4522
16-02-2011,M&M,EQ,668.05,668,668,646.55,657,655.8,654.61,1738381,1.13797E+14,,779832,0.4486
17-02-2011,M&M,EQ,655.8,660,673.5,648.55,668.1,669.55,662.45,2298913,1.52292E+14,,1253192,0.5451
18-02-2011,M&M,EQ,669.55,669.1,677.8,646.15,650.25,649.6,657.34,1478451,9.71842E+13,,556385,0.3763
21-02-2011,M&M,EQ,649.6,650,654.05,635,650.25,651,644.33,1072511,6.91047E+13,,477948,0.4456
22-02-2011,M&M,EQ,651,644.9,645,631.05,637.2,639.75,637.34,1220352,7.77782E+13,,621590,0.5094
23-02-2011,M&M,EQ,639.75,641,648.8,633.5,639,640.6,641.18,1318666,8.45508E+13,,592893,0.4496
24-02-2011,M&M,EQ,640.6,634.25,640,606.05,614.75,616,617.8,3456157,2.13523E+14,,2172354,0.6285
25-02-2011,M&M,EQ,616,626.35,627,587.2,599.7,595.2,601.18,2979971,1.79151E+14,,1697102,0.5695
28-02-2011,M&M,EQ,595.2,593.5,642.5,585,611,615.75,617.29,5755071,3.55256E+14,,2477192,0.4304
01-03-2011,M&M,EQ,615.75,624,670.9,619.8,670,664.3,654.07,6164276,4.03187E+14,,3016138,0.4893
03-03-2011,M&M,EQ,664.3,657,676.9,653.45,673.05,671.85,668.58,3891289,2.60162E+14,,1928166,0.4955
04-03-2011,M&M,EQ,671.85,683.55,692,672.2,675,676.15,683.51,3017222,2.06231E+14,,1538185,0.5098
07-03-2011,M&M,EQ,676.15,670,670,648.15,660.45,661.75,658.98,1301389,8.57588E+13,,358111,0.2752
08-03-2011,M&M,EQ,661.75,667.85,670,660.4,664,664.7,664.79,957632,6.36623E+13,,344156,0.3594
09-03-2011,M&M,EQ,664.7,665.35,673.75,664,668.1,669.1,669.54,1561348,1.04539E+14,,897730,0.575
10-03-2011,M&M,EQ,669.1,664.9,674,662.25,669.95,669.85,669.16,1458681,9.7609E+13,,961408,0.6591
11-03-2011,M&M,EQ,669.85,664.5,665.8,651.5,655.95,656.3,657.66,1078186,7.09074E+13,,535739,0.4969
14-03-2011,M&M,EQ,656.3,655.25,667.5,652.75,661,661.45,660.04,1099230,7.25535E+13,,591810,0.5384
15-03-2011,M&M,EQ,661.45,646.2,657,635.2,645.5,644.4,645.11,1810247,1.1678E+14,,822347,0.4543
16-03-2011,M&M,EQ,644.4,650,662.6,647.1,660,660,657.76,1112635,7.31842E+13,,494461,0.4444
17-03-2011,M&M,EQ,660,652.1,664.75,652.1,658,656.2,658.54,1075454,7.08226E+13,,495078,0.4603
18-03-2011,M&M,EQ,656.2,658,662.95,624.6,629.9,631.1,641.82,1928494,1.23775E+14,,1005736,0.5215
21-03-2011,M&M,EQ,631.1,639.4,644.9,627.7,643.8,641.1,638.47,1180123,7.5347E+13,,397237,0.3366
22-03-2011,M&M,EQ,641.1,644,656.95,640,655,654.1,651.14,860140,5.60075E+13,,300595,0.3495
23-03-2011,M&M,EQ,654.1,655.5,655.5,640.95,645,646.1,647.4,1921987,1.2443E+14,,1138610,0.5924
24-03-2011,M&M,EQ,646.1,650,668.45,648.5,666,665.5,659.54,1495645,9.86434E+13,,691804,0.4625
25-03-2011,M&M,EQ,665.5,684.55,684.55,662.95,673.75,673.45,670.31,1590568,1.06618E+14,,796517,0.5008
28-03-2011,M&M,EQ,673.45,678.9,684.45,670.1,679.25,677.95,678.01,1414138,9.58801E+13,,769980,0.5445
29-03-2011,M&M,EQ,677.95,679.35,690,674.25,687.55,686.35,685.38,965405,6.61666E+13,,467592,0.4843
30-03-2011,M&M,EQ,686.35,689.2,712,689.2,708.6,709.95,705.79,2036232,1.43715E+14,,1029219,0.5055
31-03-2011,M&M,EQ,709.95,709,716.6,685.05,698,700.35,697.51,3239150,2.25933E+14,,1710374,0.528
01-04-2011,M&M,EQ,700.35,700.5,716,697.15,714,711.05,706.63,1416103,1.00066E+14,,649497,0.4587
04-04-2011,M&M,EQ,711.05,713,748,710.05,745.9,744,730.57,2445930,1.78692E+14,,1442935,0.5899
05-04-2011,M&M,EQ,744,748.9,748.9,727.1,734,733.45,734.1,1021330,7.49762E+13,,415332,0.4067
06-04-2011,M&M,EQ,733.45,730.1,741,718.65,726,726.65,728.04,922897,6.7191E+13,,361252,0.3914
07-04-2011,M&M,EQ,726.65,727.5,738.9,721,732,733.3,730.78,908222,6.63708E+13,,397137,0.4373
08-04-2011,M&M,EQ,733.3,733,736.5,721,727,729.3,728.19,950520,6.92161E+13,,395869,0.4165
11-04-2011,M&M,EQ,729.3,725.25,725.25,707.65,710,710,712.62,1147691,8.1787E+13,,605930,0.528
13-04-2011,M&M,EQ,710,708,732.7,702.95,729.9,729,720.4,1197060,8.62365E+13,,517916,0.4327
15-04-2011,M&M,EQ,729,723.3,734.9,718.2,722.3,724.45,725.74,1070923,7.77216E+13,,603194,0.5632
18-04-2011,M&M,EQ,724.45,725,739.4,719.25,725,722.15,728.98,1298447,9.46537E+13,,638024,0.4914
19-04-2011,M&M,EQ,722.15,714.1,735.7,714.1,726.5,726,726.75,1774554,1.28965E+14,,1097510,0.6185
20-04-2011,M&M,EQ,726,734.9,770,733,762,763.25,755,3311753,2.50036E+14,,1757418,0.5307
21-04-2011,M&M,EQ,763.25,763.25,774.8,753.6,764,764.65,766.25,2123650,1.62725E+14,,1105421,0.5205
25-04-2011,M&M,EQ,764.65,766.7,778.95,760,766.75,767.85,768.71,1175128,9.03332E+13,,621813,0.5291
26-04-2011,M&M,EQ,767.85,765,768,748.05,756.15,756.65,754.83,1226548,9.25838E+13,,604815,0.4931
27-04-2011,M&M,EQ,756.65,759.85,775,758,769,770.4,769.39,1479005,1.13793E+14,,732676,0.4954
28-04-2011,M&M,EQ,770.4,767.1,774.65,760.6,769.55,770.25,768.62,1141463,8.77356E+13,,595606,0.5218
29-04-2011,M&M,EQ,770.25,766.1,771,744.25,761,756.4,756.62,1072667,8.11605E+13,,518823,0.4837
02-05-2011,M&M,EQ,756.4,762,765.8,737.4,737.55,741.65,747.18,1249735,9.3378E+13,,611899,0.4896
03-05-2011,M&M,EQ,741.65,736.25,739.35,700.6,707.2,708.1,714.87,2653287,1.89676E+14,,1595224,0.6012
04-05-2011,M&M,EQ,708.1,710,712.9,684.3,707,703.95,698.01,1728149,1.20627E+14,,657985,0.3807
05-05-2011,M&M,EQ,703.95,706,714.3,685,690,692.5,698.37,1075258,7.50923E+13,,407351,0.3788
06-05-2011,M&M,EQ,692.5,692.2,721,692.2,711.35,714.4,711.93,1589849,1.13186E+14,,710753,0.4471
09-05-2011,M&M,EQ,714.4,720,724,704.5,705.5,710.25,715.26,1093847,7.82387E+13,,358825,0.328
10-05-2011,M&M,EQ,710.25,710.05,716.65,695.2,697.2,699.6,706.55,1120638,7.91792E+13,,419574,0.3744
11-05-2011,M&M,EQ,699.6,697.1,704.55,692.3,698.05,698.1,698.28,1247405,8.71044E+13,,670021,0.5371
12-05-2011,M&M,EQ,698.1,695,705.35,685,687.8,689.25,694.47,1143052,7.93816E+13,,521073,0.4559
13-05-2011,M&M,EQ,689.25,687,699.05,675.8,694.6,690.85,689.27,1923000,1.32546E+14,,735978,0.3827
16-05-2011,M&M,EQ,690.85,689,689,668.9,673,672.65,673.36,1471441,9.90816E+13,,725702,0.4932
17-05-2011,M&M,EQ,672.65,671.5,683.75,665.05,671.5,670.5,672.62,1429425,9.61466E+13,,747929,0.5232
18-05-2011,M&M,EQ,670.5,675.8,675.8,655.9,674,670.4,665.62,1272844,8.47235E+13,,633958,0.4981
19-05-2011,M&M,EQ,670.4,677.9,682.75,672,678.15,676.15,677.77,853697,5.78611E+13,,321985,0.3772
20-05-2011,M&M,EQ,676.15,682,693.7,673.5,691.5,690.85,687.11,845370,5.80862E+13,,253986,0.3004
23-05-2011,M&M,EQ,690.85,680.5,689.8,679.15,687.35,686.85,685.19,732253,5.0173E+13,,405515,0.5538
24-05-2011,M&M,EQ,686.85,682.2,690,674.5,689.9,687.15,682.37,815737,5.56638E+13,,365317,0.4478
25-05-2011,M&M,EQ,687.15,692,692,678.4,681,681.25,682.68,576575,3.93614E+13,,284243,0.493
26-05-2011,M&M,EQ,681.25,682.55,701,661.4,686.9,684.85,676.01,3371549,2.27919E+14,,1754664,0.5204
27-05-2011,M&M,EQ,684.85,681.25,707.9,681.25,703,704.9,699.07,1792470,1.25305E+14,,1073549,0.5989
30-05-2011,M&M,EQ,704.9,707,712.45,659.25,663.55,663.05,682.71,4815101,3.28731E+14,,1853654,0.385
31-05-2011,M&M,EQ,663.05,667,680,648.95,676,672.1,664.04,6173712,4.09959E+14,,3040454,0.4925
01-06-2011,M&M,EQ,672.1,673,683.45,672.1,673.95,675.85,678.2,1531251,1.0385E+14,35776,527513,0.3445
02-06-2011,M&M,EQ,675.85,669,669.65,657,662,661.5,662.46,1641293,1.0873E+14,57557,830644,0.5061
03-06-2011,M&M,EQ,661.5,663,673.45,663,670.5,669.05,668.81,1240502,8.29656E+13,30910,679204,0.5475
06-06-2011,M&M,EQ,669.05,663,665,653.25,657.35,657.6,657.91,1293013,8.50684E+13,28599,654591,0.5063
07-06-2011,M&M,EQ,657.6,655,666.7,654.1,664.4,664.25,662.42,1304519,8.64134E+13,32319,592111,0.4539
08-06-2011,M&M,EQ,664.25,655.9,666.95,651.95,664.45,664.3,662.36,1400981,9.27957E+13,44596,714749,0.5102
09-06-2011,M&M,EQ,664.3,660.2,669.35,660.2,662.6,665.45,665.38,1206647,8.02882E+13,35238,797691,0.6611
10-06-2011,M&M,EQ,665.45,665.3,668.25,657.8,663,662.2,662.95,812922,5.38931E+13,21646,475560,0.585
13-06-2011,M&M,EQ,662.2,663.4,670.5,657.95,664.5,664.2,665.22,1258255,8.37011E+13,28100,749190,0.5954
14-06-2011,M&M,EQ,664.2,665.1,675.9,665.1,671.7,671.65,672.52,1166288,7.8435E+13,30231,685347,0.5876
15-06-2011,M&M,EQ,671.65,668.2,679.85,663.1,664.45,664.85,668.61,884690,5.91511E+13,23013,505050,0.5709
16-06-2011,M&M,EQ,664.85,650.6,665.7,650.6,659.8,657.1,658.5,1463067,9.63428E+13,40097,825639,0.5643
17-06-2011,M&M,EQ,657.1,653.3,660,641.85,644,644.1,649.81,1754293,1.13995E+14,34837,1073500,0.6119
20-06-2011,M&M,EQ,644.1,647,647,616.7,634.05,633.25,630.08,2271553,1.43125E+14,47624,1316751,0.5797
21-06-2011,M&M,EQ,633.25,638.6,642.5,632,633,634.45,636.5,804645,5.12154E+13,21293,415771,0.5167
22-06-2011,M&M,EQ,634.45,639.2,650.55,634.25,649,648.7,646.38,1417503,9.16239E+13,30079,794792,0.5607
23-06-2011,M&M,EQ,648.7,644.75,656,642.6,652.5,653.45,652.96,1353839,8.84003E+13,23377,895457,0.6614
24-06-2011,M&M,EQ,653.45,657,676.25,656.05,673.5,673.8,667.82,1291651,8.62594E+13,28103,777189,0.6017
27-06-2011,M&M,EQ,673.8,669.4,701.6,666,693,693.3,694.3,3895477,2.70462E+14,71641,2793893,0.7172
28-06-2011,M&M,EQ,693.3,692.5,700.9,687.1,694,694.25,694.49,1309178,9.09215E+13,31138,757700,0.5788
29-06-2011,M&M,EQ,694.25,696,704.8,689,692,691.45,697.6,1133833,7.90966E+13,31717,574410,0.5066
30-06-2011,M&M,EQ,691.45,693.1,705,691.2,700,701.9,698.65,1899913,1.32737E+14,34948,1140676,0.6004
01-07-2011,M&M,EQ,701.9,711.8,711.8,688.35,691.5,691.8,696.56,1074044,7.48136E+13,31246,471350,0.4389
04-07-2011,M&M,EQ,691.8,702,706.95,698.55,703,703.2,702.99,1564065,1.09952E+14,46024,1062766,0.6795
05-07-2011,M&M,EQ,703.2,705.85,722.8,702.4,721.65,717.2,713.23,1968355,1.40388E+14,35589,1125348,0.5717
06-07-2011,M&M,EQ,717.2,717.5,720,709,714.4,715.2,714.51,1291511,9.22797E+13,33671,909114,0.7039
07-07-2011,M&M,EQ,715.2,717,728,714.2,725.2,726.15,724.11,1410214,1.02115E+14,37405,998291,0.7079
08-07-2011,M&M,EQ,726.15,724.4,738.45,711.1,711.6,717.6,730.72,1553465,1.13515E+14,37861,984114,0.6335
11-07-2011,M&M,EQ,717.6,717,734.8,712.3,727,726.75,727.81,1376552,1.00186E+14,47493,815074,0.5921
12-07-2011,M&M,EQ,726.75,716.3,724.8,700.1,701,703.35,709.97,1198754,8.51077E+13,35071,611327,0.51
13-07-2011,M&M,EQ,703.35,704.55,723.4,704.55,720.55,718.3,713.31,1071141,7.64055E+13,27761,616613,0.5757
14-07-2011,M&M,EQ,718.3,710.9,722.9,703,713,715.25,712.24,1074228,7.65108E+13,32453,515758,0.4801
15-07-2011,M&M,EQ,715.25,713.15,723.8,707.15,723,721.15,715.81,1048866,7.50788E+13,21109,553336,0.5276
18-07-2011,M&M,EQ,721.15,717.75,720.1,704.5,705.7,706.8,710.06,790048,5.6098E+13,18520,429651,0.5438
19-07-2011,M&M,EQ,706.8,709.95,717,702.5,716.4,716.35,711.31,768903,5.46931E+13,21505,327716,0.4262
20-07-2011,M&M,EQ,716.35,717.6,719.8,704,705.2,705.65,709.38,536069,3.80279E+13,20658,269359,0.5025
21-07-2011,M&M,EQ,705.65,702,710.55,697.1,705,702.65,703.96,589715,4.15137E+13,19710,220082,0.3732
22-07-2011,M&M,EQ,702.65,708.9,726,705.5,724.1,724.35,718.62,718890,5.16607E+13,20416,335492,0.4667
25-07-2011,M&M,EQ,724.35,721,753,721,748,748.3,741.1,2044486,1.51516E+14,49637,1315490,0.6434
26-07-2011,M&M,EQ,748.3,747.7,753.45,713.45,715,717.75,729.8,2050961,1.4968E+14,56563,1106722,0.5396
27-07-2011,M&M,EQ,717.75,718,720.5,708.65,720.5,718.3,714.85,1197045,8.55702E+13,23311,726560,0.607
28-07-2011,M&M,EQ,718.3,709,726.45,702,716.8,716.1,714.82,1537573,1.09908E+14,29188,579631,0.377
29-07-2011,M&M,EQ,716.1,715,724.45,708.4,721.15,720.75,719.64,961291,6.91784E+13,26182,537532,0.5592
01-08-2011,M&M,EQ,720.75,724.5,735.6,724.5,730.65,730.95,731.49,1643959,1.20254E+14,34785,1009818,0.6143
02-08-2011,M&M,EQ,730.95,726.55,734.75,720.15,725,723.4,727.08,1414365,1.02835E+14,35097,914546,0.6466
03-08-2011,M&M,EQ,723.4,715.3,720,701.45,712.55,708.9,707.12,1552260,1.09763E+14,27654,969459,0.6245
04-08-2011,M&M,EQ,708.9,706.2,709.7,676.6,680.85,679.45,690.95,2588861,1.78878E+14,66140,1285761,0.4967
05-08-2011,M&M,EQ,679.45,660,669,638.25,657,653.35,651.04,3024155,1.96884E+14,64905,1628820,0.5386
08-08-2011,M&M,EQ,653.35,640.9,679.9,632.6,671,668.25,660.63,2564829,1.69439E+14,51676,863972,0.3369
09-08-2011,M&M,EQ,668.25,636.2,700,636.2,699.8,693.1,686.39,4747917,3.25894E+14,93691,2606979,0.5491
10-08-2011,M&M,EQ,693.1,710,733.5,704.15,726.5,730.4,722.96,3899834,2.81943E+14,97950,2517503,0.6455
11-08-2011,M&M,EQ,730.4,719,739.4,714.35,724.95,728.6,727.38,1796271,1.30657E+14,44929,753812,0.4197
12-08-2011,M&M,EQ,728.6,733.7,742.9,730,741.15,739.95,738.4,2539135,1.8749E+14,66011,1675410,0.6598
16-08-2011,M&M,EQ,739.95,743.1,745.6,728.6,732,732,738.07,1941795,1.43319E+14,37534,1454388,0.749
17-08-2011,M&M,EQ,732,726.75,730,713.75,721,719.15,720.28,1614704,1.16304E+14,26395,837335,0.5186
18-08-2011,M&M,EQ,719.15,719.9,734.8,705.2,717.7,717.2,719.85,1621345,1.16712E+14,39765,651282,0.4017
19-08-2011,M&M,EQ,717.2,703.65,727.55,703.65,717.35,718.5,719.28,1573527,1.13181E+14,32063,698828,0.4441
22-08-2011,M&M,EQ,718.5,719,723.5,698.65,713.2,713.8,707.66,4034477,2.85503E+14,52443,2363887,0.5859
23-08-2011,M&M,EQ,713.8,715,718.85,692.55,706.1,709.25,706.17,3250061,2.2951E+14,72807,1966276,0.605
24-08-2011,M&M,EQ,709.25,702.2,712.5,694.6,695.1,697.45,703.64,3175792,2.23461E+14,80125,2293676,0.7222
25-08-2011,M&M,EQ,697.45,704.7,707.4,690.05,692.5,697.4,698.88,3147019,2.19939E+14,84366,1948516,0.6192
26-08-2011,M&M,EQ,697.4,695.2,719.8,695.15,706,704.35,710.5,2257013,1.60362E+14,43997,1224198,0.5424
29-08-2011,M&M,EQ,704.35,707.5,742,707.5,732,733.3,730.07,2418110,1.76539E+14,53116,1507464,0.6234
30-08-2011,M&M,EQ,733.3,740,744.6,734.1,736.35,738.15,738.78,1386693,1.02446E+14,28258,760784,0.5486
02-09-2011,M&M,EQ,738.15,748,769.9,740.8,768.5,765.1,760.14,3093863,2.35176E+14,78812,1928283,0.6233
05-09-2011,M&M,EQ,765.1,762.7,774.7,755,769,769.05,768.37,1807156,1.38857E+14,37035,1078112,0.5966
06-09-2011,M&M,EQ,769.05,762,800,761.35,799.95,797.3,787.48,4506192,3.54855E+14,96812,2941325,0.6527
07-09-2011,M&M,EQ,797.3,800.55,810.65,779.65,786.95,785.4,793.78,2480050,1.96861E+14,65071,1123114,0.4529
08-09-2011,M&M,EQ,785.4,792.9,796.95,780.9,790.75,790.75,791.38,1915074,1.51556E+14,31367,1016768,0.5309
09-09-2011,M&M,EQ,790.75,791.9,801.9,788,789.35,791.45,793.32,1821141,1.44474E+14,30420,1112560,0.6109
12-09-2011,M&M,EQ,791.45,779.45,789,773.75,784.85,783.4,782.62,2221533,1.73861E+14,54031,1437029,0.6469
13-09-2011,M&M,EQ,783.4,785.75,795.4,765.5,783,781.8,782.58,1434609,1.12269E+14,28667,541903,0.3777
14-09-2011,M&M,EQ,781.8,785.4,804.4,783.35,793,793.45,792.73,2956127,2.3434E+14,74819,1732567,0.5861
15-09-2011,M&M,EQ,793.45,800,811,793.05,811,805.4,799.19,2467011,1.97161E+14,44254,1397946,0.5667
16-09-2011,M&M,EQ,805.4,810.5,815.4,793,794.2,796.55,805.13,2984175,2.40266E+14,62495,1924559,0.6449
19-09-2011,M&M,EQ,796.55,795,803.35,788.4,799.6,799.9,798.24,1373203,1.09615E+14,34035,845269,0.6155
20-09-2011,M&M,EQ,799.9,802.7,819.5,797.25,813.95,814.4,813.02,2006225,1.63109E+14,40657,1176355,0.5864
21-09-2011,M&M,EQ,814.4,816.9,816.9,805.1,816,814.5,811.81,1917878,1.55696E+14,34040,1286414,0.6707
22-09-2011,M&M,EQ,814.5,803.45,808.25,778.6,787,783.55,791.2,1297357,1.02647E+14,37278,635989,0.4902
23-09-2011,M&M,EQ,783.55,777.5,788,770.9,777.7,775.55,779.33,1586862,1.23669E+14,38853,661564,0.4169
26-09-2011,M&M,EQ,775.55,780,780.45,759.2,772.75,771.1,769.36,1391340,1.07044E+14,34614,680974,0.4894
27-09-2011,M&M,EQ,771.1,780.1,801.55,778.65,798.45,797.8,790.68,1478169,1.16875E+14,42894,827454,0.5598
28-09-2011,M&M,EQ,797.8,803.8,804,777.3,789.75,790.95,786.54,1162819,9.14605E+13,25619,637171,0.548
29-09-2011,M&M,EQ,790.95,787.25,823.9,779.95,813.55,813.9,805.8,3627289,2.92287E+14,83009,2302064,0.6347
30-09-2011,M&M,EQ,813.9,811,820,802.25,804,804.75,811.95,1419157,1.15228E+14,43709,679235,0.4786
03-10-2011,M&M,EQ,804.75,800,818.35,796.15,811.25,810.4,808.04,1998497,1.61486E+14,47547,890169,0.4454
04-10-2011,M&M,EQ,810.4,804.25,813,773.8,775.45,776.8,793.59,2007211,1.5929E+14,39459,1081781,0.5389
05-10-2011,M&M,EQ,776.8,778.6,794.9,776.65,784.1,784.25,785.74,1819625,1.42975E+14,37661,1042715,0.573
07-10-2011,M&M,EQ,784.25,797.2,804.8,791,793.45,796.3,797.75,1386008,1.10569E+14,49294,852053,0.6148
10-10-2011,M&M,EQ,796.3,792,811,792,810.45,806.85,804.55,1409193,1.13377E+14,27637,799708,0.5675
11-10-2011,M&M,EQ,806.85,815,815,794.05,794.5,798.75,806.11,1067770,8.60744E+13,23245,500325,0.4686
12-10-2011,M&M,EQ,798.75,799.1,811.15,783.2,809.75,807.65,794.41,2457053,1.95191E+14,56163,1469436,0.598
13-10-2011,M&M,EQ,807.65,815,815,793.3,797.25,798.9,803.11,1863660,1.49672E+14,47897,1151044,0.6176
14-10-2011,M&M,EQ,798.9,793.6,809.05,793.6,806.25,805.65,804.82,740795,5.9621E+13,24684,315815,0.4263
17-10-2011,M&M,EQ,805.65,811.5,819.45,808.2,813.3,812.75,814.2,895589,7.29185E+13,26127,386621,0.4317
18-10-2011,M&M,EQ,812.75,802.1,809.65,796.95,808.9,807.5,804.06,746163,5.99962E+13,17526,339436,0.4549
19-10-2011,M&M,EQ,807.5,810.5,817.5,807.85,809.3,810.45,812,714286,5.79998E+13,17689,377867,0.529
20-10-2011,M&M,EQ,810.45,806,815,786.5,799.2,801.6,795.45,1137992,9.05221E+13,29798,565603,0.497
21-10-2011,M&M,EQ,801.6,803.7,810.5,795,804,802.05,804.86,594015,4.78102E+13,19095,222577,0.3747
24-10-2011,M&M,EQ,802.05,813.4,815,808,809.9,809.85,810.6,832041,6.74456E+13,21055,514948,0.6189
25-10-2011,M&M,EQ,809.85,814.5,858.55,809,851,853.85,833.14,2674852,2.22852E+14,51169,1310074,0.4898
26-10-2011,M&M,EQ,853.85,852.1,856.05,845,850.45,849.4,850.88,219409,1.8669E+13,6295,70424,0.321
28-10-2011,M&M,EQ,849.4,868.25,877.3,858.55,871.05,870.5,867.37,1721598,1.49327E+14,59861,1151157,0.6687
31-10-2011,M&M,EQ,870.5,875,875,851.15,869,865.35,860.17,905967,7.79288E+13,24620,439392,0.485
01-11-2011,M&M,EQ,865.35,859.2,863,831.8,832.9,834.05,843.66,2051894,1.73109E+14,50539,1152256,0.5616
02-11-2011,M&M,EQ,834.05,831.5,849.9,829.7,838.8,840.55,844.26,1247594,1.0533E+14,39382,547681,0.439
03-11-2011,M&M,EQ,840.55,838.7,845.65,827.05,842,839.7,837.65,1152650,9.65519E+13,34641,508972,0.4416
04-11-2011,M&M,EQ,839.7,848.8,849.7,831.3,836.7,836.35,839.69,952259,7.99599E+13,28573,467187,0.4906
08-11-2011,M&M,EQ,836.35,840,846.5,830.2,833.5,835.65,836.89,795161,6.65462E+13,24099,321825,0.4047
09-11-2011,M&M,EQ,835.65,838.25,840,810,815,813,824.71,946726,7.80777E+13,30958,498628,0.5267
11-11-2011,M&M,EQ,813,813,847.45,805.8,839,841.4,826.26,3247987,2.68368E+14,57983,2034339,0.6263
14-11-2011,M&M,EQ,841.4,846,850.7,782.2,790,791.05,815.21,4755449,3.87671E+14,92371,2236055,0.4702
15-11-2011,M&M,EQ,791.05,790.8,794.85,752.55,760,759.25,774.28,2493060,1.93033E+14,73467,1180918,0.4737
16-11-2011,M&M,EQ,759.25,763.25,780.7,755.15,775.25,775.25,772.35,2142694,1.6549E+14,46728,1009014,0.4709
17-11-2011,M&M,EQ,775.25,772.9,778.7,754.6,759.25,758.45,767.82,1483019,1.13869E+14,31088,811092,0.5469
18-11-2011,M&M,EQ,758.45,753,757.8,722.55,737.7,737.95,739.41,2535039,1.87444E+14,69912,1555257,0.6135
21-11-2011,M&M,EQ,737.95,731,744.4,712,723.35,719.2,727.6,2077131,1.51133E+14,50773,1014336,0.4883
22-11-2011,M&M,EQ,719.2,725.1,731,703,710,709.65,714.06,2288500,1.63412E+14,50076,1027908,0.4492
23-11-2011,M&M,EQ,709.65,707,707,681.2,696.1,697.05,692.79,2053587,1.42271E+14,53828,960003,0.4675
24-11-2011,M&M,EQ,697.05,696.1,719.4,686.5,715,713.25,707.06,3606039,2.5497E+14,58774,1464683,0.4062
25-11-2011,M&M,EQ,713.25,708,724.95,696.7,705,706.25,713.03,1852675,1.32101E+14,65794,837425,0.452
28-11-2011,M&M,EQ,706.25,716.1,723.35,702.5,716,713.65,711.61,1594787,1.13486E+14,53008,703654,0.4412
29-11-2011,M&M,EQ,713.65,719.9,729.7,708.1,727.5,725.6,722.67,2337263,1.68907E+14,51203,1081479,0.4627
30-11-2011,M&M,EQ,725.6,720.8,732,703.6,728,725.2,717.56,2313946,1.6604E+14,68074,1129476,0.4881
01-12-2011,M&M,EQ,725.2,749.5,755,725.4,727,729.9,740.83,2704904,2.00387E+14,57169,1350944,0.4994
02-12-2011,M&M,EQ,729.9,733.65,752.1,721.25,748.75,749.85,738.01,1766369,1.30359E+14,43922,708194,0.4009
05-12-2011,M&M,EQ,749.85,747,757,742.4,749.45,748.9,750.28,941954,7.06726E+13,28374,351106,0.3727
07-12-2011,M&M,EQ,748.9,752,762.95,750.5,756,757.75,757.45,1944248,1.47267E+14,61136,997875,0.5132
08-12-2011,M&M,EQ,757.75,757.8,759.7,722.65,724,729.9,737.31,1742723,1.28493E+14,46232,930659,0.534
09-12-2011,M&M,EQ,729.9,715.2,719.85,697.2,702.15,703.25,708.85,2447462,1.73489E+14,52745,1181036,0.4826
12-12-2011,M&M,EQ,703.25,707.65,711.8,681,682.7,683.15,693.37,2134102,1.47972E+14,42131,924405,0.4332
13-12-2011,M&M,EQ,683.15,679,706,675.1,705,701,688.54,2100930,1.44658E+14,55773,891838,0.4245
14-12-2011,M&M,EQ,701,698.25,704.5,671.7,673.4,676.05,691.05,2257993,1.56038E+14,48592,1140274,0.505
15-12-2011,M&M,EQ,676.05,665.25,674.5,659,665.8,664.85,665.77,2762610,1.83925E+14,60098,1587237,0.5745
16-12-2011,M&M,EQ,664.85,663.5,688.5,648,659.55,660.05,672.21,2451460,1.64789E+14,67946,1152067,0.47
19-12-2011,M&M,EQ,660.05,658.2,664.4,642.75,650,652.3,651.67,1749310,1.13997E+14,42816,852214,0.4872
20-12-2011,M&M,EQ,652.3,656,658.4,632.2,647.5,649.85,648.03,2584294,1.6747E+14,53945,1093246,0.423
21-12-2011,M&M,EQ,649.85,662.75,697,656.75,689.35,690.35,678.66,2587608,1.75611E+14,69163,1093328,0.4225
22-12-2011,M&M,EQ,690.35,672.3,696,672.3,695.2,692.75,684.81,1410825,9.66147E+13,35757,549274,0.3893
23-12-2011,M&M,EQ,692.75,706,707.25,692,695.95,696.45,698.78,1446420,1.01073E+14,41160,601324,0.4157
26-12-2011,M&M,EQ,696.45,693.55,706,693.15,701.5,701.8,699.75,906767,6.34508E+13,28338,282027,0.311
27-12-2011,M&M,EQ,701.8,701,711.5,692.95,705,703.55,705.37,1094480,7.72018E+13,26816,310443,0.2836
28-12-2011,M&M,EQ,703.55,704.8,708,683.35,683.5,687.4,693.34,1129466,7.83105E+13,27393,432713,0.3831
29-12-2011,M&M,EQ,687.4,684.8,696.9,677.35,686,686.3,688.01,1640985,1.12901E+14,33913,793274,0.4834
30-12-2011,M&M,EQ,686.3,686.7,694.5,675.35,680,681.8,685.04,1313271,8.99641E+13,37687,571642,0.4353
02-01-2012,M&M,EQ,681.8,687.8,692,669.8,673.75,674,676.3,1530512,1.03509E+14,39157,574712,0.3755
03-01-2012,M&M,EQ,674,678.5,680,655.55,663.5,664.4,664.59,3127820,2.07873E+14,85728,1260533,0.403
04-01-2012,M&M,EQ,664.4,667,667.55,636.1,637,639.05,644.95,3585823,2.31269E+14,97497,1800971,0.5022
05-01-2012,M&M,EQ,639.05,640,651.7,628.1,650.3,650.15,643.51,4257922,2.74E+14,93751,1706279,0.4007
06-01-2012,M&M,EQ,650.15,646,659,638.6,658.65,655.6,646.79,2225704,1.43956E+14,58737,848680,0.3813
07-01-2012,M&M,EQ,655.6,657.4,660,652.6,653.9,653.8,654.95,151097,9.89606E+12,3728,41033,0.2716
09-01-2012,M&M,EQ,653.8,653.85,655.85,639.45,654,653.05,647.83,1260574,8.16637E+13,43228,494597,0.3924
10-01-2012,M&M,EQ,653.05,658.9,694.6,656.65,686.25,689.2,678.16,2359545,1.60015E+14,54353,1263723,0.5356
11-01-2012,M&M,EQ,689.2,691.5,692.5,669.1,677.35,680.35,678.96,2175076,1.47679E+14,53273,1052879,0.4841
12-01-2012,M&M,EQ,680.35,678,688.95,672,687,686,678.5,1784937,1.21109E+14,40123,839145,0.4701
13-01-2012,M&M,EQ,686,690,698.7,682,692,692.35,689.84,1464820,1.01049E+14,36823,516838,0.3528
16-01-2012,M&M,EQ,692.35,686.7,690.9,681.8,688,687.8,686.23,1490395,1.02276E+14,63780,891844,0.5984
17-01-2012,M&M,EQ,687.8,694.5,709,690,703.25,705.6,702.14,2443036,1.71535E+14,51763,1489298,0.6096
18-01-2012,M&M,EQ,705.6,708,709.65,673,685,684.05,684.92,2734415,1.87287E+14,70755,1310746,0.4794
19-01-2012,M&M,EQ,684.05,693,696.7,670.4,674,672.95,681.08,3031357,2.06458E+14,67038,2073928,0.6842
20-01-2012,M&M,EQ,672.95,677.8,678.9,646.05,658.8,657,659.58,4820273,3.17935E+14,112787,3201252,0.6641
23-01-2012,M&M,EQ,657,655.55,666.7,654.2,660.55,661.55,661.09,2056490,1.35953E+14,46378,1198504,0.5828
24-01-2012,M&M,EQ,661.55,665,689.25,657,683,685.45,675.58,2542051,1.71736E+14,58885,1143295,0.4498
25-01-2012,M&M,EQ,685.45,692.4,692.4,681.35,687.5,686.5,686.9,1435252,9.8588E+13,40064,674765,0.4701
27-01-2012,M&M,EQ,686.5,693.95,704.9,665,697,700.1,698.2,2817723,1.96735E+14,62931,1459776,0.5181
30-01-2012,M&M,EQ,700.1,696,699.75,660.5,667.95,665.1,673.93,2185817,1.47308E+14,65730,1224064,0.56
31-01-2012,M&M,EQ,665.1,673.8,679.05,664.1,678.05,673.8,670.99,2076477,1.3933E+14,45598,997360,0.4803
01-02-2012,M&M,EQ,673.8,674.5,700,673.5,690,688.9,686.31,6055967,4.15628E+14,90254,3409463,0.563
02-02-2012,M&M,EQ,688.9,699.9,711,690.8,697.85,700.6,701.26,5142891,3.60649E+14,82847,3482249,0.6771
03-02-2012,M&M,EQ,700.6,703,717.75,696.6,710.5,710.8,708.21,4097392,2.9018E+14,80826,2317240,0.5655
06-02-2012,M&M,EQ,710.8,722.7,723.95,701.6,709.65,710.2,715.6,2365137,1.6925E+14,53487,1101297,0.4656
07-02-2012,M&M,EQ,710.2,721,721,685.3,687,689.65,699.37,4483386,3.13555E+14,87043,1573748,0.351
08-02-2012,M&M,EQ,689.65,680,697.7,672,690,686.95,687.33,4347521,2.98817E+14,83158,2356681,0.5421
09-02-2012,M&M,EQ,686.95,689,707,682,705,702.05,692.41,2516145,1.7422E+14,44894,1443670,0.5738
10-02-2012,M&M,EQ,702.05,701,712,684.3,690.45,691.55,697.63,2388472,1.66628E+14,67624,1103856,0.4622
13-02-2012,M&M,EQ,691.55,694.8,708.9,692.15,704.7,705.2,702.85,1362198,9.57415E+13,44852,469211,0.3445
14-02-2012,M&M,EQ,705.2,705,720,704,718.5,717.3,716.14,2348428,1.68181E+14,63501,1169466,0.498
15-02-2012,M&M,EQ,717.3,725,750.7,725,734,734.55,740.36,4880847,3.6136E+14,95758,3175626,0.6506
16-02-2012,M&M,EQ,734.55,733.8,736.7,712.6,726,724.25,722.95,2096694,1.5158E+14,53025,1040181,0.4961
17-02-2012,M&M,EQ,724.25,734.9,752.7,730,750,748.6,743.49,3458688,2.57148E+14,85107,1939529,0.5608
21-02-2012,M&M,EQ,748.6,749.35,769.3,738.25,759.5,762.6,757.84,2835203,2.14862E+14,58818,1553147,0.5478
22-02-2012,M&M,EQ,762.6,763.55,766.4,736,741.5,742.8,749.55,2469120,1.85073E+14,57801,1583370,0.6413
23-02-2012,M&M,EQ,742.8,738,745.25,718,730,723.5,727.78,2196946,1.59889E+14,36619,1234769,0.562
24-02-2012,M&M,EQ,723.5,730,739.35,720.1,728.15,729.95,728.24,1497133,1.09027E+14,25699,686840,0.4588
27-02-2012,M&M,EQ,729.95,733,733,691.2,694.9,696.65,706.19,1469157,1.0375E+14,39701,700486,0.4768
28-02-2012,M&M,EQ,696.65,701.75,711,697.5,706,704.1,705.71,2212173,1.56115E+14,44718,1147474,0.5187
29-02-2012,M&M,EQ,704.1,710,717.9,689,711,709.85,707.38,1607425,1.13706E+14,36644,791769,0.4926
01-03-2012,M&M,EQ,709.85,703.2,708.9,668.75,681.85,681.75,683.81,3217975,2.20048E+14,63323,1549448,0.4815
02-03-2012,M&M,EQ,681.75,683.85,689.05,674.2,677.25,679.95,680.56,3302592,2.24761E+14,102269,2251873,0.6819
03-03-2012,M&M,EQ,679.95,683,683.1,676.4,677,678.3,679.14,116681,7.9243E+12,2462,35642,0.3055
05-03-2012,M&M,EQ,678.3,675,683.8,668.65,675,675.3,674.84,2729795,1.84219E+14,51699,1900956,0.6964
06-03-2012,M&M,EQ,675.3,675,691.9,671,685,681.15,682.44,2287038,1.56077E+14,59674,1299353,0.5681
07-03-2012,M&M,EQ,681.15,680,682.25,667.25,675.7,674.9,675,2392163,1.6147E+14,32311,1642778,0.6867
09-03-2012,M&M,EQ,674.9,684.8,684.9,661,675,676.95,671.28,2811782,1.8875E+14,66260,1466426,0.5215
12-03-2012,M&M,EQ,676.95,685,685.3,661.5,662.6,663.8,668.01,2436810,1.6278E+14,70855,1567412,0.6432
13-03-2012,M&M,EQ,663.8,666.55,668.3,652.55,657.65,657.1,657.92,2896811,1.90588E+14,75474,1794541,0.6195
14-03-2012,M&M,EQ,657.1,663.15,682.1,660.3,670,668.95,672.63,3319215,2.23259E+14,80070,1691753,0.5097
15-03-2012,M&M,EQ,668.95,669.8,669.8,655.75,656.5,657.55,660.83,1589658,1.05049E+14,43450,794842,0.5
16-03-2012,M&M,EQ,657.55,654.8,697.6,650,680.1,677.95,673.99,6267624,4.22434E+14,140681,2779820,0.4435
19-03-2012,M&M,EQ,677.95,684,697.85,683.2,691.55,691,691.38,3870178,2.67576E+14,68149,2503662,0.6469
20-03-2012,M&M,EQ,691,688,698.8,680.4,685.9,686.7,691.59,3017617,2.08696E+14,40688,1951945,0.6468
21-03-2012,M&M,EQ,686.7,684.9,701.9,683.8,699.5,699.6,696.16,1625711,1.13175E+14,39794,905795,0.5572
22-03-2012,M&M,EQ,699.6,697.4,705.6,679,679.95,686,693.43,3125841,2.16754E+14,45015,1899706,0.6077
23-03-2012,M&M,EQ,686,686,695,674.85,688.1,687.75,687.27,1426524,9.80408E+13,30797,694999,0.4872
26-03-2012,M&M,EQ,687.75,684.05,688,674.1,682.6,681.45,679.07,2030725,1.37901E+14,51002,1377175,0.6782
27-03-2012,M&M,EQ,681.45,693,693,677.55,685.65,684.9,684.07,1610649,1.10179E+14,42805,828760,0.5146
28-03-2012,M&M,EQ,684.9,681.1,693.6,677.05,679.5,681.25,687.38,1493650,1.0267E+14,23107,898287,0.6014
29-03-2012,M&M,EQ,681.25,675,683.5,672.5,681.05,679.45,677.68,2083810,1.41217E+14,22985,1634357,0.7843
30-03-2012,M&M,EQ,679.45,681,705,677,699,700.2,693.04,1447774,1.00336E+14,36461,873580,0.6034
02-04-2012,M&M,EQ,700.2,707.65,713.9,698.05,710.4,710.65,707.8,1440147,1.01934E+14,31904,585136,0.4063
03-04-2012,M&M,EQ,710.65,714.2,715.3,703.05,708.4,706.6,707.16,956013,6.76054E+13,21711,548104,0.5733
04-04-2012,M&M,EQ,706.6,701,704.95,694,702,697.8,698.44,915396,6.39352E+13,15136,558791,0.6104
09-04-2012,M&M,EQ,697.8,692,696.6,681.1,684.5,683.6,688.06,546089,3.75743E+13,15040,233657,0.4279
10-04-2012,M&M,EQ,683.6,687.5,695.7,682,694.9,694.3,689.76,922650,6.36403E+13,27144,491556,0.5328
11-04-2012,M&M,EQ,694.3,690,701,686.7,692,694.45,695.52,1713129,1.19152E+14,39574,1132927,0.6613
12-04-2012,M&M,EQ,694.45,692.6,701.7,690,692.3,695.35,697.16,966248,6.73628E+13,20119,508197,0.5259
13-04-2012,M&M,EQ,695.35,698,710.75,690.05,693.5,691.85,700.11,1160694,8.12619E+13,24086,544054,0.4687
16-04-2012,M&M,EQ,691.85,689,691.8,680.2,686.8,686.05,685.41,841995,5.77111E+13,20189,415330,0.4933
17-04-2012,M&M,EQ,686.05,683,692,678.6,686.45,684.4,682.92,1451251,9.91091E+13,28315,840491,0.5791
18-04-2012,M&M,EQ,684.4,687,694.5,686.25,692,692.2,690.43,1163804,8.03524E+13,25595,637486,0.5478
19-04-2012,M&M,EQ,692.2,698.9,709.5,692.5,709,706.55,701.87,1416174,9.93973E+13,26749,702955,0.4964
20-04-2012,M&M,EQ,706.55,705,729.35,704.75,725.55,726.45,720.59,3107534,2.23925E+14,48444,1609797,0.518
23-04-2012,M&M,EQ,726.45,725,733.8,708.05,708.15,714.6,720.74,1632455,1.17657E+14,39187,925089,0.5667
24-04-2012,M&M,EQ,714.6,714.1,719.55,698.65,712.8,716.75,707.52,1595634,1.12894E+14,76448,948965,0.5947
25-04-2012,M&M,EQ,716.75,710.5,715.75,700.2,705,703.3,709.08,881094,6.2477E+13,32008,484645,0.55
26-04-2012,M&M,EQ,703.3,708.8,713.8,700.1,705.75,703.85,706.43,2036299,1.4385E+14,45684,1541927,0.7572
27-04-2012,M&M,EQ,703.85,705.5,722,705.5,710,712.65,712.84,1415986,1.00937E+14,30289,811950,0.5734
28-04-2012,M&M,EQ,712.65,712,716,710.05,715,714.6,714.53,57069,4.07777E+12,1747,13388,0.2346
30-04-2012,M&M,EQ,714.6,718.7,721.65,702.3,708.4,710.05,708.61,1469884,1.04157E+14,40863,1006429,0.6847
02-05-2012,M&M,EQ,710.05,715,720.95,711.2,715,715.5,716.65,1753553,1.25669E+14,35111,1182201,0.6742
03-05-2012,M&M,EQ,715.5,711.8,715,701.4,703.1,705.65,708.6,855005,6.05859E+13,29213,521342,0.6098
04-05-2012,M&M,EQ,705.65,698.75,702.45,681.7,683.15,687.05,692.97,2053454,1.42298E+14,47949,1615509,0.7867
07-05-2012,M&M,EQ,687.05,680,699,669.05,697,690,676.13,2115905,1.43063E+14,42280,1510347,0.7138
08-05-2012,M&M,EQ,690,694.5,699,674.15,675.3,676.65,681.89,932757,6.36038E+13,30231,531855,0.5702
09-05-2012,M&M,EQ,676.65,668.2,672.6,648,652.5,655.3,661.98,1554542,1.02907E+14,49299,960153,0.6176
10-05-2012,M&M,EQ,655.3,653.6,677,653.05,657,660.75,666.08,2118066,1.4108E+14,49081,1481656,0.6995
11-05-2012,M&M,EQ,660.75,654,662,642,655.65,655.05,652.54,1761076,1.14918E+14,55400,1123264,0.6378
14-05-2012,M&M,EQ,655.05,656,669.9,654.6,659.8,656.9,661.04,1186059,7.84038E+13,27951,660652,0.557
15-05-2012,M&M,EQ,656.9,650.25,659.8,648.45,658,654.9,653.52,1117243,7.30139E+13,32014,476955,0.4269
16-05-2012,M&M,EQ,654.9,640,659,639.85,658,656.45,650,1457121,9.47135E+13,37746,799064,0.5484
17-05-2012,M&M,EQ,656.45,661.8,664.5,633.15,634.5,636.65,645.74,1321515,8.53352E+13,28917,632524,0.4786
18-05-2012,M&M,EQ,636.65,628,649.45,621.1,642.9,641.45,635.62,1154976,7.34122E+13,34663,475436,0.4116
21-05-2012,M&M,EQ,641.45,636.25,653.9,636.25,646,647.3,647.49,429136,2.77861E+13,14667,147989,0.3449
22-05-2012,M&M,EQ,647.3,651.15,656,635.4,636.25,638.45,645.49,734090,4.7385E+13,22457,310268,0.4227
23-05-2012,M&M,EQ,638.45,638.45,648.2,633.95,647,644.65,641.7,1734558,1.11307E+14,46505,1137495,0.6558
24-05-2012,M&M,EQ,644.65,648.5,656.8,634.1,652,652.7,645.76,1476621,9.53538E+13,47715,711820,0.4821
25-05-2012,M&M,EQ,652.7,650,651.4,636,639,638.3,641.56,1087946,6.97985E+13,42787,589550,0.5419
28-05-2012,M&M,EQ,638.3,640.35,656,640.35,655.5,653.9,650.44,787337,5.12112E+13,21408,403050,0.5119
29-05-2012,M&M,EQ,653.9,656.55,660.7,652.3,655,655.35,657.19,883271,5.80477E+13,20598,530137,0.6002
30-05-2012,M&M,EQ,655.35,655,662.8,647.5,661,657.5,655.49,2510679,1.64573E+14,59525,748587,0.2982
31-05-2012,M&M,EQ,657.5,654.6,657.5,648.05,649.55,652.6,652.16,2201367,1.43564E+14,41951,1296996,0.5892
01-06-2012,M&M,EQ,652.6,650,654.8,639,646,645.15,649.03,2239760,1.45367E+14,27294,1517266,0.6774
04-06-2012,M&M,EQ,645.15,639.9,650.5,636.25,650,649.85,645.36,808379,5.21695E+13,22492,434613,0.5376
05-06-2012,M&M,EQ,649.85,652,657.9,650,653.65,654.75,654.89,779737,5.10643E+13,21883,483626,0.6202
06-06-2012,M&M,EQ,654.75,660.05,676,656.6,671.5,674.55,667.26,1537228,1.02573E+14,43320,735302,0.4783
07-06-2012,M&M,EQ,674.55,675.65,691.85,666,691,688.55,677.24,1338212,9.06286E+13,49556,776031,0.5799
08-06-2012,M&M,EQ,688.55,694,694,676.8,693,688.7,682.76,1263111,8.624E+13,49584,757843,0.6
11-06-2012,M&M,EQ,688.7,693,696.25,675.9,678.7,679.5,688.82,731648,5.03976E+13,22191,406714,0.5559
12-06-2012,M&M,EQ,679.5,675,699.55,674.3,693.65,695.55,690.24,709231,4.89542E+13,15911,332659,0.469
13-06-2012,M&M,EQ,695.55,690.1,691.25,675.45,682.75,683.4,681.12,1473721,1.00379E+14,29022,864978,0.5869
14-06-2012,M&M,EQ,683.4,684.8,694,677.6,681.5,680.4,684.01,908063,6.21121E+13,36084,457072,0.5033
15-06-2012,M&M,EQ,680.4,686,700.9,683.1,698.8,698.45,695.24,1827078,1.27025E+14,32327,1335470,0.7309
18-06-2012,M&M,EQ,698.45,703,709.9,684.25,694,693.15,696.8,1054714,7.3492E+13,36084,535871,0.5081
19-06-2012,M&M,EQ,693.15,691,700,690.05,699,695.6,695.03,913813,6.35124E+13,23167,581498,0.6363
20-06-2012,M&M,EQ,695.6,699,702.35,692.5,695.8,694.15,696.06,907487,6.31669E+13,32193,608465,0.6705
21-06-2012,M&M,EQ,694.15,689.15,697,682.8,695,694.9,690,953966,6.58237E+13,25402,548909,0.5754
22-06-2012,M&M,EQ,694.9,688,703.8,688,697.4,697.8,697.82,909295,6.34526E+13,71320,525628,0.5781
25-06-2012,M&M,EQ,697.8,701.4,707.5,686.2,690.75,689.05,699.53,977185,6.83568E+13,45995,654324,0.6696
26-06-2012,M&M,EQ,689.05,688,697,686.2,696.9,692.9,690.95,541159,3.73916E+13,27586,263660,0.4872
27-06-2012,M&M,EQ,692.9,697,700.9,685.35,695.9,692.6,690.74,695201,4.80201E+13,27216,408447,0.5875
28-06-2012,M&M,EQ,692.6,697,701.55,685,691,691.6,692.62,1548984,1.07286E+14,36552,981195,0.6334
29-06-2012,M&M,EQ,691.6,700,712.8,699.2,702.8,707.25,708.35,1342776,9.51158E+13,34270,867495,0.646
02-07-2012,M&M,EQ,707.25,709,718,701.1,716.4,714.9,709.99,1208212,8.57814E+13,45137,541338,0.448
03-07-2012,M&M,EQ,714.9,719,721.75,713,717.5,717.9,718.28,752593,5.4057E+13,18821,389963,0.5182
04-07-2012,M&M,EQ,717.9,720,727.7,716.35,717.05,718.55,720.74,1375696,9.91518E+13,53283,1028869,0.7479
05-07-2012,M&M,EQ,718.55,717,726,716.4,718.95,722.05,723.14,912743,6.60041E+13,33726,611707,0.6702
06-07-2012,M&M,EQ,722.05,722.05,733.5,722.05,732.2,731.55,730.44,1879707,1.37301E+14,30954,1354964,0.7208
09-07-2012,M&M,EQ,731.55,728.4,736.95,726.5,727.85,729.95,731.11,1696902,1.24062E+14,37443,1307911,0.7708
10-07-2012,M&M,EQ,729.95,730,737,730,731.6,733.5,734.45,1477163,1.0849E+14,50540,1108757,0.7506
11-07-2012,M&M,EQ,733.5,728.9,738.95,728,732.5,730.55,731.3,1884419,1.37807E+14,44225,1502704,0.7974
12-07-2012,M&M,EQ,730.55,720,723.75,716,718,718.55,720.03,1575505,1.1344E+14,28913,1206841,0.766
13-07-2012,M&M,EQ,718.55,718.55,725,716.6,717.1,719.85,720.09,634728,4.57063E+13,10921,424241,0.6684
16-07-2012,M&M,EQ,719.85,720,728,716.15,718,717.7,721.72,981620,7.08452E+13,20380,688991,0.7019
17-07-2012,M&M,EQ,717.7,721.05,725.15,703.2,705.4,708.1,715.14,781138,5.58626E+13,21620,429292,0.5496
18-07-2012,M&M,EQ,708.1,710.95,712.9,694,712,708.7,702.79,790467,5.5553E+13,22291,418884,0.5299
19-07-2012,M&M,EQ,708.7,715,717.95,706.55,709.75,710.15,711.34,861542,6.12846E+13,24849,613356,0.7119
20-07-2012,M&M,EQ,710.15,707,712.3,700,703.2,703.15,704.92,417031,2.93973E+13,9830,217909,0.5225
23-07-2012,M&M,EQ,703.15,698,706,691,693,692.05,696.19,450166,3.134E+13,8718,218082,0.4844
24-07-2012,M&M,EQ,692.05,693.5,699.55,683,685.7,686,690.31,532132,3.67337E+13,19824,274038,0.515
25-07-2012,M&M,EQ,686,686,687.2,675.1,681,681.6,680.43,471167,3.20596E+13,19199,249495,0.5295
26-07-2012,M&M,EQ,681.6,686.9,686.9,678.25,681.95,682,682.86,1151116,7.86052E+13,18695,840126,0.7298
27-07-2012,M&M,EQ,682,695.8,695.9,681.85,686,687.45,688.6,911984,6.2799E+13,28777,600520,0.6585
30-07-2012,M&M,EQ,687.45,690.5,709,688.35,707,706.55,700.89,889927,6.23742E+13,23712,553130,0.6215
31-07-2012,M&M,EQ,706.55,705.25,712,690.15,698.7,700.85,698.6,1568169,1.09553E+14,49038,1018335,0.6494
01-08-2012,M&M,EQ,700.85,704.5,709.85,694,695.35,698.95,700.38,954476,6.68496E+13,27919,437248,0.4581
02-08-2012,M&M,EQ,698.95,695,698.25,690.1,695.5,695.6,693.49,491660,3.40959E+13,17742,257264,0.5233
03-08-2012,M&M,EQ,695.6,691,691.15,680.75,684.5,684.8,684.98,627722,4.29977E+13,13332,305715,0.487
06-08-2012,M&M,EQ,684.8,691.3,696.8,687.2,696,695.1,693.16,664669,4.60721E+13,16870,409729,0.6164
07-08-2012,M&M,EQ,695.1,696.25,700.6,691,699,697.05,695.46,1050284,7.30425E+13,27948,763473,0.7269
08-08-2012,M&M,EQ,697.05,700.5,728.4,699.9,724,722.7,717.95,2843435,2.04144E+14,57654,1097775,0.3861
09-08-2012,M&M,EQ,722.7,728.9,752.4,728.5,745,743.05,744.72,2391661,1.78113E+14,54546,1196446,0.5003
10-08-2012,M&M,EQ,743.05,742,744.5,733.6,741.5,739.55,738.83,839663,6.20369E+13,22386,404882,0.4822
13-08-2012,M&M,EQ,739.55,738,741.5,730,741.5,739.8,735.52,680960,5.00863E+13,23822,375492,0.5514
14-08-2012,M&M,EQ,739.8,735.25,751.5,735.25,749,748.5,747.55,669741,5.00663E+13,19425,333597,0.4981
16-08-2012,M&M,EQ,748.5,748,769,748,765,765.3,761.24,1414480,1.07675E+14,48215,860774,0.6085
17-08-2012,M&M,EQ,765.3,766,778.5,760.1,770,769.35,770.81,980832,7.56038E+13,33446,442338,0.451
21-08-2012,M&M,EQ,769.35,770,787.9,765.9,787,785.55,779.06,753285,5.86857E+13,21354,395337,0.5248
22-08-2012,M&M,EQ,785.55,781.9,791.5,780.05,783.45,786,786,522182,4.10433E+13,17908,198789,0.3807
23-08-2012,M&M,EQ,786,787,789.85,769,772.5,771.05,777.22,629573,4.89315E+13,23700,268286,0.4261
24-08-2012,M&M,EQ,771.05,765,765,754.25,763,761.95,758.51,1137656,8.62921E+13,40483,681954,0.5994
27-08-2012,M&M,EQ,761.95,765,778.05,765,773,773.5,773.92,754364,5.83815E+13,18900,452225,0.5995
28-08-2012,M&M,EQ,773.5,773.1,778,765,769.6,771.05,770.64,524451,4.04163E+13,15721,278761,0.5315
29-08-2012,M&M,EQ,771.05,772,776.8,761.25,772.5,771.8,768.81,654966,5.03547E+13,18949,321653,0.4911
30-08-2012,M&M,EQ,771.8,769,782.45,764.1,779.7,772,771.25,1914367,1.47646E+14,35888,1213093,0.6337
31-08-2012,M&M,EQ,772,768.25,774.65,758.7,765.9,763.15,764.15,734251,5.61076E+13,24162,474670,0.6465
03-09-2012,M&M,EQ,763.15,768.95,774.65,753.65,754.9,757.25,763.19,672856,5.13518E+13,16299,348603,0.5181
04-09-2012,M&M,EQ,757.25,756.8,766.3,751,761.55,761.65,759.76,622956,4.733E+13,24146,327887,0.5263
05-09-2012,M&M,EQ,761.65,758.3,762.4,747.2,756,755.15,754.31,484082,3.65146E+13,16722,200208,0.4136
06-09-2012,M&M,EQ,755.15,750.5,762.3,742.35,762.3,759.1,753.21,827103,6.2298E+13,21254,438522,0.5302
07-09-2012,M&M,EQ,759.1,769.9,774.25,761,762,763.8,766.06,905987,6.94037E+13,21485,607508,0.6705
08-09-2012,M&M,EQ,763.8,764,766.4,761.9,765,765.25,765.06,140595,1.07564E+13,1220,121632,0.8651
10-09-2012,M&M,EQ,765.25,764,774.6,759.5,763.35,766.45,767.8,582442,4.47201E+13,17565,286368,0.4917
11-09-2012,M&M,EQ,766.45,760.1,766,757.1,762,762.4,762.08,723793,5.51585E+13,17446,499325,0.6899
12-09-2012,M&M,EQ,762.4,766,767.9,757.6,762.8,762.95,762.16,673526,5.13336E+13,20948,444539,0.66
13-09-2012,M&M,EQ,762.95,760.2,762.5,752,755,755.75,756.22,544505,4.11764E+13,26068,320637,0.5889
14-09-2012,M&M,EQ,755.75,760,787.6,760,776,777.2,776.19,1896130,1.47176E+14,57526,1247634,0.658
17-09-2012,M&M,EQ,777.2,789.8,795.45,777.3,788.25,792,790.49,1650273,1.30452E+14,44410,1163318,0.7049
18-09-2012,M&M,EQ,792,789.95,807,789.85,797.5,798.25,799.6,1728950,1.38247E+14,52670,1104226,0.6387
20-09-2012,M&M,EQ,798.25,786.25,802.55,780.95,783.1,784.6,792.42,1333046,1.05633E+14,36937,856612,0.6426
21-09-2012,M&M,EQ,784.6,793.85,823.8,790.5,812,808.9,811.48,3034929,2.46277E+14,47220,1949230,0.6423
24-09-2012,M&M,EQ,808.9,812,844.3,812,839,839.1,831.45,2170709,1.80485E+14,47310,1425195,0.6566
25-09-2012,M&M,EQ,839.1,842.3,852.45,831,846,846.05,843.42,1527430,1.28826E+14,34042,965329,0.632
26-09-2012,M&M,EQ,846.05,843.25,859.7,837.85,846.4,849.8,850.35,2246712,1.91048E+14,90165,1590781,0.708
27-09-2012,M&M,EQ,849.8,851.9,869.95,845,846.55,852.2,859.78,2943239,2.53055E+14,86970,2053346,0.6976
28-09-2012,M&M,EQ,852.2,853.75,872.5,853.75,863.85,864.7,865.38,1916212,1.65825E+14,64112,1465121,0.7646
01-10-2012,M&M,EQ,864.7,864,872,858.6,862.7,863.65,864.29,1358396,1.17405E+14,32220,941504,0.6931
03-10-2012,M&M,EQ,863.65,865.7,876.85,863.9,869.65,869.9,871.63,1336954,1.16532E+14,75496,905103,0.677
04-10-2012,M&M,EQ,869.9,872,876.45,854.05,860,858.45,862.97,949315,8.19234E+13,20481,575689,0.6064
05-10-2012,M&M,EQ,858.45,861,880,701,869,869,862.38,2396436,2.06664E+14,41196,1113926,0.4648
08-10-2012,M&M,EQ,869,869,871.2,860.15,866.1,865.7,865.23,833457,7.21131E+13,26762,605169,0.7261
09-10-2012,M&M,EQ,865.7,870,875.55,862.85,869,869.2,869.86,882968,7.68062E+13,41497,618342,0.7003
10-10-2012,M&M,EQ,869.2,861,865.3,849,850.05,851.75,855.99,664358,5.68685E+13,27684,365294,0.5498
11-10-2012,M&M,EQ,851.75,853,857.8,842.85,853.95,850.35,847.24,1006237,8.52526E+13,22522,619003,0.6152
12-10-2012,M&M,EQ,850.35,850,862,850,854.7,854.2,855.9,486523,4.16417E+13,27771,261461,0.5374
15-10-2012,M&M,EQ,854.2,856,863,851.55,857.3,858,857.87,671713,5.76245E+13,20618,432138,0.6433
16-10-2012,M&M,EQ,858,860,865.7,823,829,825.45,838.21,1492002,1.25061E+14,58480,885170,0.5933
17-10-2012,M&M,EQ,825.45,833.8,834.1,819,824.7,826.65,824.8,1918361,1.58226E+14,72052,1357524,0.7076
18-10-2012,M&M,EQ,826.65,830.25,840.55,823.5,838,837.1,832.12,1217988,1.01351E+14,20415,709218,0.5823
19-10-2012,M&M,EQ,837.1,838,838.1,821,821.3,823.75,827.01,956898,7.91362E+13,45134,574093,0.6
22-10-2012,M&M,EQ,823.75,821.75,839.55,819.1,833.85,834.6,833.4,1123892,9.36653E+13,23088,737731,0.6564
23-10-2012,M&M,EQ,834.6,839,839.05,824.4,827,828.6,828.4,699764,5.79686E+13,16788,466899,0.6672
25-10-2012,M&M,EQ,828.6,832.75,863.35,828.65,862,857.9,847.86,3340598,2.83235E+14,76750,1315313,0.3937
26-10-2012,M&M,EQ,857.9,859,884.8,859,883.65,880.9,875.22,2316150,2.02714E+14,79026,1111398,0.4798
29-10-2012,M&M,EQ,880.9,882.9,899.7,882.9,887.85,888.85,891.7,1335958,1.19127E+14,36804,615974,0.4611
30-10-2012,M&M,EQ,888.85,892.45,899,867.4,872.25,873.65,882.95,1210803,1.06908E+14,29063,549040,0.4535
31-10-2012,M&M,EQ,873.65,876,889,876,884.5,884.45,884.42,1109566,9.81327E+13,24870,611445,0.5511
01-11-2012,M&M,EQ,884.45,887,903.9,879.5,903.7,899.8,893.11,1354111,1.20937E+14,40949,573057,0.4232
02-11-2012,M&M,EQ,899.8,909.9,921,906.35,920,917.45,916.88,1726927,1.58339E+14,49494,1012439,0.5863
05-11-2012,M&M,EQ,917.45,918,919.9,906.4,911,910.5,912.5,542823,4.95324E+13,23621,220662,0.4065
06-11-2012,M&M,EQ,910.5,906,920.9,903.2,916.1,914.95,910.61,713761,6.49955E+13,27083,318913,0.4468
07-11-2012,M&M,EQ,914.95,915,928,912,919.2,919.6,921.83,919132,8.47286E+13,23347,520793,0.5666
08-11-2012,M&M,EQ,919.6,910.15,923.5,908.2,913.3,914.1,916.41,684201,6.27008E+13,33626,309331,0.4521
09-11-2012,M&M,EQ,914.1,914.1,923.9,906.6,910.95,909.4,914.6,513328,4.69492E+13,15642,212753,0.4145
12-11-2012,M&M,EQ,909.4,913,917.6,900.05,905,905.6,907.4,595382,5.40249E+13,27585,356000,0.5979
13-11-2012,M&M,EQ,905.6,904,909.5,902,907.05,906.75,906.69,125793,1.14055E+13,7385,69272,0.5507
15-11-2012,M&M,EQ,906.75,902,905.1,890.15,904,901.65,897.29,775415,6.95771E+13,57532,511727,0.6599
16-11-2012,M&M,EQ,901.65,898,911.7,891.1,892.85,894.45,901.2,790349,7.1226E+13,39413,355570,0.4499
19-11-2012,M&M,EQ,894.45,895,913.4,895,910,908.8,907.73,1298564,1.17874E+14,56794,853102,0.657
20-11-2012,M&M,EQ,908.8,912.7,942.4,912.7,938.6,938.5,928.35,2540040,2.35805E+14,65516,1620177,0.6379
21-11-2012,M&M,EQ,938.5,942.8,950.9,936.15,942.5,944.05,945.17,1602032,1.5142E+14,53175,827707,0.5167
22-11-2012,M&M,EQ,944.05,946.1,959,939.7,954.9,955.35,951.4,1230032,1.17025E+14,36187,714199,0.5806
23-11-2012,M&M,EQ,955.35,955.25,957.55,947.4,952.75,954.05,952.97,630591,6.00937E+13,29175,306768,0.4865
26-11-2012,M&M,EQ,954.05,957.7,960.65,920.05,921.5,922.05,931.71,2063644,1.92272E+14,64557,1269890,0.6154
27-11-2012,M&M,EQ,922.05,928.25,937,922.5,927,928.35,930.44,1591855,1.48113E+14,48985,867062,0.5447
29-11-2012,M&M,EQ,928.35,929,942.95,922.15,931.8,933.9,934.26,2394531,2.23712E+14,81103,1727171,0.7213
30-11-2012,M&M,EQ,933.9,934,951,925,949.35,947,939.87,1483203,1.39401E+14,48703,927029,0.625
03-12-2012,M&M,EQ,947,949.9,965.5,948.95,955.25,957.65,959.22,1253871,1.20274E+14,70613,669542,0.534
04-12-2012,M&M,EQ,957.65,954,957,936.7,938,938.7,942.72,700846,6.607E+13,23844,398147,0.5681
05-12-2012,M&M,EQ,938.7,941.25,946.9,928.3,932.05,930.1,934.12,1029022,9.61229E+13,37120,685682,0.6663
06-12-2012,M&M,EQ,930.1,934.5,938,913.9,931.5,928.85,923.91,1583754,1.46324E+14,48325,1055951,0.6667
07-12-2012,M&M,EQ,928.85,930.5,949.4,930.5,938,939.2,942.55,1317299,1.24162E+14,65400,889732,0.6754
10-12-2012,M&M,EQ,939.2,942,942,923.7,927.95,929.3,929.38,711227,6.61002E+13,37738,400541,0.5632
11-12-2012,M&M,EQ,929.3,930.05,934.8,923.6,928.25,929.75,929.35,936787,8.70601E+13,60126,623275,0.6653
12-12-2012,M&M,EQ,929.75,932.35,954.3,932.35,950,949.5,947.11,2944617,2.78887E+14,182898,2163071,0.7346
13-12-2012,M&M,EQ,949.5,950.05,956.8,937.1,941,942.35,949.36,1083107,1.02826E+14,58949,637739,0.5888
14-12-2012,M&M,EQ,942.35,940,954.9,940,952.55,952.1,949.04,1197663,1.13663E+14,52073,890377,0.7434
17-12-2012,M&M,EQ,952.1,940,967.55,940,959.5,960.25,961.35,1467945,1.41121E+14,57970,1090043,0.7426
18-12-2012,M&M,EQ,960.25,966.5,973.5,963.1,964.95,967.2,969.2,1392892,1.35E+14,50645,968435,0.6953
19-12-2012,M&M,EQ,967.2,975,976,964,968,968,969.31,835806,8.10157E+13,48413,562838,0.6734
20-12-2012,M&M,EQ,968,971,971,948.1,950.05,953.15,956.34,678579,6.4895E+13,28384,390458,0.5754
21-12-2012,M&M,EQ,953.15,951,952,934.35,937,937.55,941.18,622306,5.85702E+13,24233,374155,0.6012
24-12-2012,M&M,EQ,937.55,946,948.1,935,935.9,937.65,942.7,626621,5.90718E+13,26675,403579,0.6441
26-12-2012,M&M,EQ,937.65,937.7,950,937.7,944.5,944.65,945.34,428154,4.0475E+13,16548,248801,0.5811
27-12-2012,M&M,EQ,944.65,944.7,951.7,925.1,931.65,930.35,934.12,1206964,1.12745E+14,24022,770226,0.6382
28-12-2012,M&M,EQ,930.35,935,938,920.1,924.8,924.6,927.79,643237,5.96787E+13,21249,402220,0.6253
31-12-2012,M&M,EQ,924.6,924,934.35,924,932.3,931.65,929.28,427311,3.97092E+13,14245,197816,0.4629
01-01-2013,M&M,EQ,931.65,937,944,934.9,942.1,941.8,940.62,385110,3.62241E+13,9465,137086,0.356
02-01-2013,M&M,EQ,941.8,945,947.85,933.5,936.75,938.6,938.17,1030136,9.66442E+13,49905,627441,0.6091
03-01-2013,M&M,EQ,938.6,943,943,932.1,933,936.4,936.34,951452,8.9088E+13,33282,663993,0.6979
04-01-2013,M&M,EQ,936.4,932.65,943.7,929.35,943,941.25,937.32,957108,8.97115E+13,23823,633562,0.662
07-01-2013,M&M,EQ,941.25,947.8,957.75,939.95,953,954.15,952.99,1261956,1.20263E+14,47908,929150,0.7363
08-01-2013,M&M,EQ,954.15,957,963.45,952.3,957.25,958.3,958.53,884601,8.47913E+13,32803,499297,0.5644
09-01-2013,M&M,EQ,958.3,958,974.8,956.95,963.35,964.45,968.01,1177010,1.13936E+14,40136,709332,0.6027
10-01-2013,M&M,EQ,964.45,969.8,974,953.9,959,961.3,963.04,759468,7.31399E+13,26994,435371,0.5733
11-01-2013,M&M,EQ,961.3,963.3,965,929.85,931.65,937.9,944.61,974769,9.20775E+13,52538,540889,0.5549
14-01-2013,M&M,EQ,937.9,935.55,948.5,931.05,934.3,935,936.83,626416,5.86844E+13,33548,379474,0.6058
15-01-2013,M&M,EQ,935,942.4,946.25,927.4,927.95,929.3,935.64,1292411,1.20923E+14,29376,880711,0.6814
16-01-2013,M&M,EQ,929.3,930.1,931,898,900,900.7,909.06,1174661,1.06783E+14,45414,671811,0.5719
17-01-2013,M&M,EQ,900.7,900.25,909,892,903.25,900.95,902.03,1200121,1.08255E+14,50211,741873,0.6182
18-01-2013,M&M,EQ,900.95,904.25,905,866.65,884.9,886,881.7,2964557,2.61386E+14,93635,1705883,0.5754
21-01-2013,M&M,EQ,886,886.1,890.1,871.2,882.05,882.1,878.62,863338,7.5855E+13,41145,456297,0.5285
22-01-2013,M&M,EQ,882.1,880,895.75,880,885.25,883.65,888.03,732310,6.50314E+13,27102,381353,0.5208
23-01-2013,M&M,EQ,883.65,884.05,894.3,875.45,880.05,881.95,884.42,926678,8.19577E+13,39897,520916,0.5621
24-01-2013,M&M,EQ,881.95,881.85,884.9,851,877,877.3,869.86,1136048,9.88201E+13,42581,579919,0.5105
25-01-2013,M&M,EQ,877.3,880,904.4,867.5,899.1,901.5,892.53,1313393,1.17224E+14,56306,776726,0.5914
28-01-2013,M&M,EQ,901.5,903.05,918.8,899,900,904.9,911.43,1327370,1.2098E+14,50694,985639,0.7426
29-01-2013,M&M,EQ,904.9,905,910,895,898,898.6,901.36,1503832,1.3555E+14,47787,1099390,0.7311
30-01-2013,M&M,EQ,898.6,902.25,903.85,886,895.4,894.5,893.96,709330,6.34115E+13,35714,409613,0.5775
31-01-2013,M&M,EQ,894.5,894,900.05,885.15,891.85,889.25,892.34,1139362,1.0167E+14,55829,880750,0.773
01-02-2013,M&M,EQ,889.25,887.05,899.6,881.2,888.4,886.1,888.65,699338,6.21469E+13,27252,353920,0.5061
04-02-2013,M&M,EQ,886.1,888.25,890,879,885,883.9,883.79,955508,8.44467E+13,32208,652178,0.6825
05-02-2013,M&M,EQ,883.9,876.35,891.9,875.3,886.1,887.1,885.24,699317,6.1906E+13,32312,397873,0.5689
06-02-2013,M&M,EQ,887.1,889.25,893.5,879.35,887.05,885.15,885.33,1101810,9.7547E+13,47966,704736,0.6396
07-02-2013,M&M,EQ,885.15,882.25,899,882.25,897.3,896.6,891.44,885119,7.89029E+13,40187,546187,0.6171
08-02-2013,M&M,EQ,896.6,900,906.5,876.45,883.25,884.6,893.08,3187279,2.8465E+14,113643,1632000,0.512
11-02-2013,M&M,EQ,884.6,890,891.95,877.05,883,882.5,883.13,1070484,9.45375E+13,51607,577463,0.5394
12-02-2013,M&M,EQ,882.5,881.25,887.05,877.5,887,884.5,881.25,595673,5.24935E+13,28617,356854,0.5991
13-02-2013,M&M,EQ,884.5,885.9,901.9,883.25,899.8,897,895.64,901009,8.0698E+13,36943,522230,0.5796
14-02-2013,M&M,EQ,897,898.9,905,892.55,899.05,900.8,899.57,1646977,1.48158E+14,53554,1154638,0.7011
15-02-2013,M&M,EQ,900.8,897.2,903.75,887.05,893,897.95,898.21,1635794,1.46929E+14,45335,1299224,0.7942
18-02-2013,M&M,EQ,897.95,895.05,900,890,895,892.35,893.61,799300,7.14263E+13,31088,544496,0.6812
19-02-2013,M&M,EQ,892.35,892,900,892,899,899.2,897.53,657982,5.9056E+13,28542,446586,0.6787
20-02-2013,M&M,EQ,899.2,905.05,910.85,895.8,899.4,898.5,900.28,1502836,1.35297E+14,89460,1032092,0.6868
21-02-2013,M&M,EQ,898.5,894,898,883.1,892,885.7,890.88,1902256,1.69467E+14,54139,1542666,0.811
22-02-2013,M&M,EQ,885.7,885.25,899,874.5,891,895.25,889.17,1463185,1.30102E+14,63859,1009563,0.69
25-02-2013,M&M,EQ,895.25,897,899,887.4,896.55,894.8,895.55,1157766,1.03684E+14,67085,764304,0.6602
26-02-2013,M&M,EQ,894.8,893,893,859.25,867,865.75,877.66,1051249,9.22644E+13,66357,653794,0.6219
27-02-2013,M&M,EQ,865.75,867,899,850,895,892.8,879.09,1853353,1.62926E+14,69397,1144610,0.6176
28-02-2013,M&M,EQ,892.8,895.25,903,866,875.5,873.7,883.05,4250709,3.75358E+14,108238,2562251,0.6028
01-03-2013,M&M,EQ,873.7,873,892.25,862.25,886.95,887.1,885.19,2885915,2.55458E+14,61763,2344988,0.8126
04-03-2013,M&M,EQ,887.1,883.2,890,874,887.85,885.5,883.96,2985276,2.63885E+14,54079,2716028,0.9098
05-03-2013,M&M,EQ,885.5,885.2,909.1,880.45,897,897.55,894.92,1893918,1.6949E+14,57536,1397711,0.738
06-03-2013,M&M,EQ,897.55,896.5,898.6,873.55,880,878,884.57,1788487,1.58204E+14,52024,1206181,0.6744
07-03-2013,M&M,EQ,878,871,892.6,869.3,891,885.6,876.65,1920684,1.68377E+14,86876,1250766,0.6512
08-03-2013,M&M,EQ,885.6,894.7,906.85,890,906.55,904.2,897.74,1233142,1.10704E+14,73680,693595,0.5625
11-03-2013,M&M,EQ,904.2,905.9,921.9,895.15,915.5,912.85,915.09,1469585,1.3448E+14,75437,933371,0.6351
12-03-2013,M&M,EQ,912.85,915,929.95,913.4,915.15,916.85,920.18,1989554,1.83074E+14,62788,1436887,0.7222
13-03-2013,M&M,EQ,916.85,913.55,916,906.2,912,910.55,910.48,519718,4.73195E+13,24218,271105,0.5216
14-03-2013,M&M,EQ,910.55,909.1,922.85,893,915.9,914.3,910.72,997064,9.08045E+13,38916,512484,0.514
15-03-2013,M&M,EQ,914.3,915.55,932.3,915.55,926.55,927.75,922.4,2032384,1.87468E+14,34905,1475791,0.7261
18-03-2013,M&M,EQ,927.75,919.9,926.6,909,917.9,913.55,915.49,797190,7.29821E+13,29147,467435,0.5864
19-03-2013,M&M,EQ,913.55,920,920,874.4,885.45,878.35,896.72,1788916,1.60416E+14,44178,1262341,0.7056
20-03-2013,M&M,EQ,878.35,877.2,883.25,862.25,876.5,873.4,873.45,1096021,9.57323E+13,45803,716872,0.6541
21-03-2013,M&M,EQ,873.4,875,896.4,857.3,886.05,880.65,878.81,1550113,1.36225E+14,55741,819367,0.5286
22-03-2013,M&M,EQ,880.65,891,894.75,866.15,866.3,873.35,879.96,845955,7.44404E+13,35953,434994,0.5142
25-03-2013,M&M,EQ,873.35,877.5,880,860.5,865,864.45,868.09,862306,7.48562E+13,55449,574449,0.6662
26-03-2013,M&M,EQ,864.45,860.25,873,853.55,861,863.25,860.58,1113281,9.58072E+13,33112,776807,0.6978
28-03-2013,M&M,EQ,863.25,866.25,869.9,840.1,861.55,861.3,851.27,1828035,1.55614E+14,57790,1292354,0.707
01-04-2013,M&M,EQ,861.3,863,866.8,847.6,855.5,857.1,856.24,567510,4.85924E+13,19464,241325,0.4252
02-04-2013,M&M,EQ,857.1,862,865.4,850,861.9,862,858.19,681351,5.84729E+13,19437,299792,0.44
03-04-2013,M&M,EQ,862,861,862.25,841.25,847,843.9,847.78,1047633,8.88165E+13,40510,673536,0.6429
04-04-2013,M&M,EQ,843.9,839.1,857,838,847,848.35,849.47,1182138,1.00419E+14,37326,726977,0.615
05-04-2013,M&M,EQ,848.35,845.3,854.05,831.5,837,837.9,838.3,1163710,9.75539E+13,48334,649838,0.5584
08-04-2013,M&M,EQ,837.9,842,849.2,835.25,840,839.95,840.86,397927,3.34601E+13,29333,200801,0.5046
09-04-2013,M&M,EQ,839.95,844,851.85,835,838.1,839.3,841.42,781849,6.57862E+13,24998,479225,0.6129
10-04-2013,M&M,EQ,839.3,842,843,826.3,835.8,837,833.55,465939,3.88385E+13,17059,193232,0.4147
11-04-2013,M&M,EQ,837,833.3,837,820.25,833.45,832.1,826.85,802823,6.63816E+13,46710,325967,0.406
12-04-2013,M&M,EQ,832.1,825,841.45,816.05,821.15,823.35,825.37,1294887,1.06876E+14,41177,895777,0.6918
15-04-2013,M&M,EQ,823.35,817.6,823.65,808.95,810.55,812.95,813.32,1420023,1.15494E+14,36462,1056248,0.7438
16-04-2013,M&M,EQ,812.95,814,848.6,809.55,845,844.85,833.62,1789260,1.49156E+14,48604,1177798,0.6583
17-04-2013,M&M,EQ,844.85,845,889.9,845,876.5,880.9,875.07,2994935,2.62077E+14,73192,2081000,0.6948
18-04-2013,M&M,EQ,880.9,878.1,913.45,870.25,907.5,903.9,885.65,1838946,1.62866E+14,42771,1223764,0.6655
22-04-2013,M&M,EQ,903.9,909.2,914,882.6,889,892.25,892.95,1051632,9.39051E+13,31669,583621,0.555
23-04-2013,M&M,EQ,892.25,898.8,898.8,877.9,881.1,885.35,885.33,675212,5.97784E+13,29983,462868,0.6855
25-04-2013,M&M,EQ,885.35,890,919,880.4,906,909.1,902.04,1718720,1.55036E+14,36456,1043339,0.607
26-04-2013,M&M,EQ,909.1,905,905.95,881.4,887.5,889.75,891.05,1296822,1.15553E+14,66633,811618,0.6259
29-04-2013,M&M,EQ,889.75,895,905.75,891.2,904,902.2,899.13,959123,8.62373E+13,65085,681531,0.7106
30-04-2013,M&M,EQ,902.2,902.35,931.75,881,926.1,924.1,904.09,1240925,1.12191E+14,33587,796277,0.6417
02-05-2013,M&M,EQ,924.1,913.9,968.8,912.4,951.6,953.6,949.89,2259766,2.14652E+14,63951,1350961,0.5978
03-05-2013,M&M,EQ,953.6,952.5,973.7,939.4,959.05,961,955.07,1712247,1.63531E+14,46639,912160,0.5327
06-05-2013,M&M,EQ,961,955.1,974.8,955.1,965,966.45,966.52,878197,8.48799E+13,27841,476616,0.5427
07-05-2013,M&M,EQ,966.45,961.15,966.45,948,961,959.1,954.98,1125350,1.07469E+14,32525,694497,0.6171
08-05-2013,M&M,EQ,959.1,963.25,964,941.35,949.25,946.4,948.8,1001732,9.50444E+13,30682,610639,0.6096
09-05-2013,M&M,EQ,946.4,944.55,961.3,938.35,952.3,947.9,953.02,999986,9.53008E+13,36347,582777,0.5828
10-05-2013,M&M,EQ,947.9,946.25,977.6,946.25,967.65,970.2,967.54,1794614,1.73637E+14,45209,1168120,0.6509
11-05-2013,M&M,EQ,970.2,965.25,970.15,963,967.6,967.6,967.33,29817,2.88428E+12,1174,5397,0.181
13-05-2013,M&M,EQ,967.6,964,972,950.2,956.35,956.35,962.71,615835,5.92868E+13,25634,311006,0.505
14-05-2013,M&M,EQ,956.35,955.25,962.55,946.9,951,950.8,954.74,574006,5.48027E+13,33250,317004,0.5523
15-05-2013,M&M,EQ,950.8,953.25,993,950.4,981.55,983.75,981.47,1400669,1.37472E+14,55655,804102,0.5741
16-05-2013,M&M,EQ,983.75,980,997,972.1,985.6,985.4,986.48,1023357,1.00953E+14,35899,609992,0.5961
17-05-2013,M&M,EQ,985.4,980.1,994.45,979.9,985.95,987.3,986.55,652895,6.4411E+13,17789,355386,0.5443
20-05-2013,M&M,EQ,987.3,984.6,1026,984,1001,1002,1008.7,1452124,1.46476E+14,88507,803168,0.5531
21-05-2013,M&M,EQ,1002,1002,1002,980.95,986.95,987.75,989.49,654143,6.47267E+13,26622,340562,0.5206
22-05-2013,M&M,EQ,987.75,992.5,1004.95,982.5,991.85,990.1,991.45,684070,6.78221E+13,37796,309058,0.4518
23-05-2013,M&M,EQ,990.1,975.5,984.5,950.3,967.05,959.15,963.84,689850,6.64904E+13,24925,254869,0.3695
24-05-2013,M&M,EQ,959.15,965.1,979.95,952.1,972.85,968.1,967.02,674679,6.52426E+13,29574,268950,0.3986
27-05-2013,M&M,EQ,968.1,966.15,966.5,942.65,952,951.9,950.38,623554,5.92613E+13,33042,323729,0.5192
28-05-2013,M&M,EQ,951.9,952,976.95,932.6,975.7,972.85,954.76,1258509,1.20158E+14,37681,559156,0.4443
29-05-2013,M&M,EQ,972.85,976.5,979.4,956.1,962,961.05,964.82,543121,5.24013E+13,20135,256448,0.4722
30-05-2013,M&M,EQ,961.05,955.35,1008.85,955.35,1008.4,1004.65,993.22,2767419,2.74866E+14,89386,1288278,0.4655
31-05-2013,M&M,EQ,1004.65,1004.6,1008.35,960.2,966.3,967.55,973.17,2337533,2.27481E+14,94986,1113125,0.4762
03-06-2013,M&M,EQ,967.55,958.25,989,945.7,969.85,973.8,973.93,2390567,2.32824E+14,80734,1561331,0.6531
04-06-2013,M&M,EQ,973.8,978,997.5,974,983.1,987.2,987.55,1159822,1.14538E+14,55812,538824,0.4646
05-06-2013,M&M,EQ,987.2,985,998,976.9,987.4,986.55,989.51,947403,9.37463E+13,43263,411744,0.4346
06-06-2013,M&M,EQ,986.55,982,999,972.25,992.3,991.2,987.6,888471,8.77455E+13,33075,320983,0.3613
07-06-2013,M&M,EQ,991.2,991.2,996.5,961,970.8,966.35,982.1,698844,6.86332E+13,32748,238111,0.3407
10-06-2013,M&M,EQ,966.35,976.1,984.7,971.05,976.7,976.35,977.04,920883,8.9974E+13,33614,569473,0.6184
11-06-2013,M&M,EQ,976.35,967.1,968.15,936.55,949.5,946.9,949.87,936220,8.89285E+13,39065,454834,0.4858
12-06-2013,M&M,EQ,946.9,947,963.6,925.75,957.4,947.3,942.98,867102,8.17658E+13,42780,377593,0.4355
13-06-2013,M&M,EQ,947.3,951,951,913.2,914.4,923.85,932.99,800402,7.46764E+13,42946,467061,0.5835
14-06-2013,M&M,EQ,923.85,933,954.9,926.4,948,949,941.86,998663,9.40604E+13,54734,516326,0.517
17-06-2013,M&M,EQ,949,965,1000.75,959,986.7,989.35,981.98,1627131,1.59781E+14,70006,606587,0.3728
18-06-2013,M&M,EQ,989.35,993,999.75,980.15,984,983.75,988.28,1034334,1.02222E+14,27318,547694,0.5295
19-06-2013,M&M,EQ,983.75,981.6,986.85,972,976,979.9,978.92,532503,5.21277E+13,39233,245112,0.4603
20-06-2013,M&M,EQ,979.9,966,966,935.75,940,942.9,946.55,1411242,1.33581E+14,45641,936056,0.6633
21-06-2013,M&M,EQ,942.9,937.5,954.5,923.2,939,939.65,940,1175613,1.10507E+14,62952,603998,0.5138
24-06-2013,M&M,EQ,939.65,936.6,942,915.2,928,926.95,925.9,749323,6.93794E+13,32685,386737,0.5161
25-06-2013,M&M,EQ,926.95,930,960,925.1,957.5,956.8,946.69,797427,7.54915E+13,44689,387100,0.4854
26-06-2013,M&M,EQ,956.8,952.25,959,904,908,911.15,925.01,1999135,1.84923E+14,80704,1155579,0.578
27-06-2013,M&M,EQ,911.15,923,950.35,922.25,933.4,933.65,934.13,2091292,1.95353E+14,56826,1208306,0.5778
28-06-2013,M&M,EQ,933.65,939.65,975.95,939.65,969,970.6,959.19,1642402,1.57538E+14,91462,1137243,0.6924
01-07-2013,M&M,EQ,970.6,965,989.9,950.4,988,986.75,970.64,1198369,1.16318E+14,46557,476564,0.3977
02-07-2013,M&M,EQ,986.75,980,994.3,970.1,972.1,978.9,982.84,819805,8.05736E+13,30530,433019,0.5282
03-07-2013,M&M,EQ,978.9,969,985.95,962.7,979.95,980.05,975.15,907479,8.84931E+13,61623,571093,0.6293
04-07-2013,M&M,EQ,980.05,984.9,988.7,973.1,979,982.05,978.92,756606,7.4066E+13,41708,437860,0.5787
05-07-2013,M&M,EQ,982.05,986.2,989.3,965.2,972,971.65,974.99,1019069,9.93583E+13,24084,696776,0.6837
08-07-2013,M&M,EQ,971.65,961.65,963.7,940.1,943.8,947.7,951.02,735121,6.99114E+13,29863,516286,0.7023
09-07-2013,M&M,EQ,947.7,951.1,959.85,934.25,940,938.1,944.77,1118851,1.05706E+14,38861,777294,0.6947
10-07-2013,M&M,EQ,938.1,940.1,948,907,911.9,912.55,926.58,1194506,1.10681E+14,51041,710684,0.595
11-07-2013,M&M,EQ,912.55,925,929.95,915.05,915.05,917.8,922.49,1657911,1.52941E+14,71086,1235664,0.7453
12-07-2013,M&M,EQ,917.8,921.25,925,895,911,907.25,904.69,1880592,1.70135E+14,60630,1260971,0.6705
15-07-2013,M&M,EQ,907.25,906.9,931.9,906,930,928.2,920.78,1009048,9.2911E+13,32736,349498,0.3464
16-07-2013,M&M,EQ,928.2,909.1,924,906.5,917.95,913.5,915.51,1178110,1.07857E+14,40162,795631,0.6753
17-07-2013,M&M,EQ,913.5,924.1,934.65,876.6,888.05,893.15,902.96,1812534,1.63665E+14,60380,1060594,0.5851
18-07-2013,M&M,EQ,893.15,889,890.5,862.4,879.6,874.75,872.93,2017468,1.7611E+14,57542,1405439,0.6966
19-07-2013,M&M,EQ,874.75,875.65,899,869,873.85,879.25,887.57,1622288,1.4399E+14,43971,873386,0.5384
22-07-2013,M&M,EQ,879.25,875,905,875,902,902.7,897.47,598249,5.36909E+13,22484,270126,0.4515
23-07-2013,M&M,EQ,902.7,905.1,925.9,898.95,918.25,921.3,913.64,1054789,9.63698E+13,40519,633442,0.6005
24-07-2013,M&M,EQ,921.3,917,918.95,883.05,896,893.75,894.67,890713,7.96896E+13,39309,508709,0.5711
25-07-2013,M&M,EQ,893.75,885,907.3,875.4,879.5,879.95,891.23,1133942,1.0106E+14,45415,619765,0.5466
26-07-2013,M&M,EQ,879.95,881.25,897.8,881.25,896.5,894.85,892.7,870981,7.77527E+13,44825,605147,0.6948
29-07-2013,M&M,EQ,894.85,886.1,904.45,886.1,898.6,897.75,898.32,801882,7.20346E+13,28902,569610,0.7103
30-07-2013,M&M,EQ,897.75,896,904.95,891,895,896.85,895.49,1295020,1.15968E+14,35410,1003231,0.7747
31-07-2013,M&M,EQ,896.85,888,916.25,888,915,911.4,905.81,1393820,1.26254E+14,63301,935497,0.6712
01-08-2013,M&M,EQ,911.4,912.1,923.15,867.05,874.6,871.5,889.54,1327069,1.18049E+14,58950,759699,0.5725
02-08-2013,M&M,EQ,871.5,877,878,849.95,855,854.75,854.27,1807861,1.5444E+14,43050,1355425,0.7497
05-08-2013,M&M,EQ,854.75,856.1,879.9,856,866,864.6,871.23,896013,7.80629E+13,24947,521394,0.5819
06-08-2013,M&M,EQ,864.6,856.65,867.95,848.55,859,854.15,855.73,964949,8.25734E+13,38525,699542,0.725
07-08-2013,M&M,EQ,854.15,856,858,837.1,843.75,842.6,846.98,1508067,1.2773E+14,51419,1076063,0.7135
08-08-2013,M&M,EQ,842.6,850,870.85,846.2,862,863.7,862.29,885923,7.63925E+13,24043,515807,0.5822
12-08-2013,M&M,EQ,863.7,867.5,875,854,858.1,861.25,861.84,815845,7.03129E+13,31065,471262,0.5776
13-08-2013,M&M,EQ,861.25,870.2,898.4,866.25,872,873.75,881.56,3656053,3.22302E+14,116711,1970950,0.5391
14-08-2013,M&M,EQ,873.75,875,885,864.1,875,873.45,874.45,2564719,2.24273E+14,79305,1676793,0.6538
16-08-2013,M&M,EQ,873.45,873,873,828.95,841.8,840.1,840.42,3655061,3.0718E+14,42914,2712474,0.7421
19-08-2013,M&M,EQ,840.1,845,845,786.25,810,810.25,805.89,2737275,2.20595E+14,74098,1952582,0.7133
20-08-2013,M&M,EQ,810.25,798,804,777.6,791,791.5,788.1,1225879,9.66112E+13,56057,700529,0.5715
21-08-2013,M&M,EQ,791.5,808,815.6,775,787.9,783.95,796.25,2023321,1.61108E+14,48614,1350603,0.6675
22-08-2013,M&M,EQ,783.95,775.2,801.4,749.55,792,793.2,773.38,2957393,2.28718E+14,98102,2005057,0.678
23-08-2013,M&M,EQ,793.2,791,819.7,785.55,816,813.8,808.96,1193548,9.65538E+13,42700,681205,0.5707
26-08-2013,M&M,EQ,813.8,820,821.75,797.5,808.5,807.9,807.33,1091055,8.80846E+13,32531,705558,0.6467
27-08-2013,M&M,EQ,807.9,800,804.5,784,790.5,789.4,788.44,2127921,1.67774E+14,62686,1775240,0.8343
28-08-2013,M&M,EQ,789.4,780,785.55,740.15,778,775.9,761.78,1951930,1.48695E+14,62538,1360074,0.6968
29-08-2013,M&M,EQ,775.9,774,804.95,766.65,794,794.25,783.45,1616597,1.26652E+14,83905,1013754,0.6271
30-08-2013,M&M,EQ,794.25,798.95,801.6,768.25,781.1,783.25,789.63,2030693,1.60349E+14,74717,1313095,0.6466
02-09-2013,M&M,EQ,783.25,776,783.1,755.5,767,766.05,765.12,1865472,1.4273E+14,68778,1205204,0.6461
03-09-2013,M&M,EQ,766.05,768,774.8,760,766,768.05,766.57,1460337,1.11945E+14,52878,785627,0.538
04-09-2013,M&M,EQ,768.05,768.95,788.9,760.9,778.95,780.35,779.22,1114197,8.68207E+13,42191,535493,0.4806
05-09-2013,M&M,EQ,780.35,792,798.25,773.6,776,777.05,779.02,1957407,1.52487E+14,41662,1346224,0.6878
06-09-2013,M&M,EQ,777.05,780,785.05,747.2,767,769.45,763.93,2411212,1.84199E+14,71304,1277217,0.5297
10-09-2013,M&M,EQ,769.45,778.8,816.8,766.55,811.2,812.95,796.22,1924598,1.5324E+14,64097,825068,0.4287
11-09-2013,M&M,EQ,812.95,817,835,805.1,830,827.35,818.9,1306275,1.06971E+14,43779,582300,0.4458
12-09-2013,M&M,EQ,827.35,835.9,835.9,797.8,814,812.85,817.69,1341549,1.09696E+14,45856,817096,0.6091
13-09-2013,M&M,EQ,812.85,814.9,835,811.4,830.3,830.3,828.18,1229843,1.01853E+14,80014,757116,0.6156
16-09-2013,M&M,EQ,830.3,840,863.3,829.5,831.8,837,844.02,2269163,1.91523E+14,70468,1428713,0.6296
17-09-2013,M&M,EQ,837,834,850.6,826.7,843.8,844.4,843.93,748846,6.31974E+13,31043,398219,0.5318
18-09-2013,M&M,EQ,844.4,849.8,849.8,828.2,845,841.8,837.52,1115366,9.34145E+13,33290,713255,0.6395
19-09-2013,M&M,EQ,841.8,862,892,860.15,870.8,867.55,875.36,2244149,1.96443E+14,61305,1506671,0.6714
20-09-2013,M&M,EQ,867.55,868,885,832.55,880.65,874.2,860.07,1520999,1.30816E+14,47845,880010,0.5786
23-09-2013,M&M,EQ,874.2,868.8,870,851.45,861,860.9,860.66,871494,7.50057E+13,29393,427949,0.4911
24-09-2013,M&M,EQ,860.9,857,882,851.4,875,871.5,870.67,1032335,8.98825E+13,31758,509881,0.4939
25-09-2013,M&M,EQ,871.5,875,878,833.05,847,850.1,849.24,1345994,1.14308E+14,55932,780525,0.5799
26-09-2013,M&M,EQ,850.1,847,864.8,845,855,852.1,854.74,1282166,1.09591E+14,43329,744617,0.5807
27-09-2013,M&M,EQ,852.1,858,858,839,840,844,847.4,855838,7.25238E+13,30005,457278,0.5343
30-09-2013,M&M,EQ,844,841,845,815,831,827.45,822.28,1476795,1.21433E+14,58746,991358,0.6713
01-10-2013,M&M,EQ,827.45,834.5,846.5,821.35,831.6,831.8,832.98,1433454,1.19404E+14,49409,629922,0.4394
03-10-2013,M&M,EQ,831.8,833.25,861,833.25,852,851.8,849.18,1516736,1.28799E+14,50322,959037,0.6323
04-10-2013,M&M,EQ,851.8,851.8,871.4,851,859.5,858.8,862.72,1532079,1.32175E+14,47360,868935,0.5672
07-10-2013,M&M,EQ,858.8,864.5,870,847.2,861.1,865,860.95,779247,6.70896E+13,21290,247624,0.3178
08-10-2013,M&M,EQ,865,865,874.3,858,858.55,863.15,866.15,668002,5.7859E+13,19589,322283,0.4825
09-10-2013,M&M,EQ,863.15,857,859.7,843,850.95,851,851.57,1190315,1.01363E+14,33981,665346,0.559
10-10-2013,M&M,EQ,851,851.2,869,851.2,868,867.2,861.48,889141,7.65981E+13,31270,374010,0.4206
11-10-2013,M&M,EQ,867.2,875,887.5,865.55,873.25,872.5,876.15,1382241,1.21105E+14,40335,799801,0.5786
14-10-2013,M&M,EQ,872.5,873,882.45,862,865.55,865.25,869.72,824719,7.17271E+13,26306,494988,0.6002
15-10-2013,M&M,EQ,865.25,867,881.25,859.25,867.25,867.6,868.3,1204416,1.04579E+14,29757,715765,0.5943
17-10-2013,M&M,EQ,867.6,871.7,876.8,861,864.8,865.25,868.73,1070909,9.30326E+13,38443,653681,0.6104
18-10-2013,M&M,EQ,865.25,868.6,888,868.6,878.1,882.7,881.17,1424600,1.25532E+14,33453,934975,0.6563
21-10-2013,M&M,EQ,882.7,880,895,872.05,888.3,887.7,888.04,1117203,9.92124E+13,29675,729848,0.6533
22-10-2013,M&M,EQ,887.7,893.75,894.9,874,875.1,875.7,883.87,872440,7.7112E+13,28181,430955,0.494
23-10-2013,M&M,EQ,875.7,876.7,884.75,860.2,865.45,865.85,867.66,643727,5.58537E+13,22850,349959,0.5436
24-10-2013,M&M,EQ,865.85,866.2,893.8,863.35,888,889.35,884.94,1230842,1.08922E+14,39084,703258,0.5714
25-10-2013,M&M,EQ,889.35,882.25,884.3,865,870.1,867.75,868.42,1110914,9.64741E+13,30831,795826,0.7164
28-10-2013,M&M,EQ,867.75,871.6,883.65,856.15,871.35,868.9,867.45,1087032,9.42947E+13,40978,693736,0.6382
29-10-2013,M&M,EQ,868.9,874,903,861.1,900.95,900.7,881.03,1278135,1.12608E+14,33389,742640,0.581
30-10-2013,M&M,EQ,900.7,904.8,907.8,878.7,895.9,895.85,889.57,1282061,1.14048E+14,60621,633699,0.4943
31-10-2013,M&M,EQ,895.85,895,896.95,875.7,886.3,887.85,885.85,1406218,1.24569E+14,41091,926060,0.6585
01-11-2013,M&M,EQ,887.85,885.2,928,879.65,926.05,925.3,905.89,2959129,2.68063E+14,88233,1507100,0.5093
03-11-2013,M&M,EQ,925.3,930,932.3,916.7,918,919.05,922.47,149506,1.37914E+13,4697,53030,0.3547
05-11-2013,M&M,EQ,919.05,915,922.75,902,907,906.65,911.21,1026415,9.35283E+13,42263,414205,0.4035
06-11-2013,M&M,EQ,906.65,908.05,911.7,895,896.5,899.4,903.83,611328,5.52538E+13,21226,332558,0.544
07-11-2013,M&M,EQ,899.4,898,916.7,894.05,898.4,898,907.84,983354,8.92724E+13,38657,433472,0.4408
08-11-2013,M&M,EQ,898,897,898,872.65,876.15,878.6,885.33,480159,4.25097E+13,17399,224696,0.468
11-11-2013,M&M,EQ,878.6,878,887.95,840,871.05,869.95,873.09,724878,6.32884E+13,25435,254512,0.3511
12-11-2013,M&M,EQ,869.95,875.7,884.2,864.15,878,879.9,874.78,1383234,1.21002E+14,52696,814138,0.5886
13-11-2013,M&M,EQ,879.9,876,900,875,894.2,895.35,889.86,2110595,1.87814E+14,49978,706234,0.3346
14-11-2013,M&M,EQ,895.35,910,928.95,906.5,925.9,925.15,919.86,1820946,1.67502E+14,56395,1080532,0.5934
18-11-2013,M&M,EQ,925.15,930,948,915,944.05,944.8,939.32,1296012,1.21737E+14,65807,788453,0.6084
19-11-2013,M&M,EQ,944.8,945,951.95,938,947,947.5,946.78,948109,8.97655E+13,22765,624026,0.6582
20-11-2013,M&M,EQ,947.5,945,958.65,935.05,941.6,941.95,944.16,1768502,1.66975E+14,47136,1110281,0.6278
21-11-2013,M&M,EQ,941.95,941,947.8,931,937.5,934.45,937.51,1028596,9.64316E+13,38148,685476,0.6664
22-11-2013,M&M,EQ,934.45,938,946.75,929.1,935.55,936.55,938.52,799136,7.50006E+13,22763,491556,0.6151
25-11-2013,M&M,EQ,936.55,949,949,933.2,946,943.15,941.47,800892,7.54016E+13,25371,520490,0.6499
26-11-2013,M&M,EQ,943.15,943.1,953,938.1,943.1,945.2,945.28,736958,6.96631E+13,22072,456228,0.6191
27-11-2013,M&M,EQ,945.2,945,948,936,945,941.5,942.32,1054915,9.94066E+13,16635,806470,0.7645
28-11-2013,M&M,EQ,941.5,947,964.7,946,958.3,958.85,957.46,1022383,9.78893E+13,21587,542043,0.5302
29-11-2013,M&M,EQ,958.85,962,965.1,942.15,946,945.25,952.51,655756,6.24611E+13,18374,334445,0.51
02-12-2013,M&M,EQ,945.25,939,963.45,932.5,961,960.2,949.9,1013357,9.62591E+13,27164,599539,0.5916
03-12-2013,M&M,EQ,960.2,950.25,959.75,943.1,949.45,949.25,949.2,631248,5.99178E+13,24107,289535,0.4587
04-12-2013,M&M,EQ,949.25,946.2,953.7,940,944,943.8,944.92,590736,5.58196E+13,21450,289015,0.4892
05-12-2013,M&M,EQ,943.8,959.9,959.9,938.75,940.05,944.35,948.38,695092,6.59214E+13,21554,413656,0.5951
06-12-2013,M&M,EQ,944.35,942.2,957.45,942.2,947,945.3,949.36,552858,5.24861E+13,16071,307603,0.5564
09-12-2013,M&M,EQ,945.3,965,977.7,953.45,966.15,967,966.49,1205775,1.16537E+14,52913,800708,0.6641
10-12-2013,M&M,EQ,967,967.15,971.7,947.9,951.65,953,957.89,874612,8.37781E+13,39531,589560,0.6741
11-12-2013,M&M,EQ,953,948,958.9,941.6,947.5,949.9,951.75,547273,5.20869E+13,23516,304805,0.557
12-12-2013,M&M,EQ,949.9,945,952.05,940,945,941.8,944.37,1065272,1.00602E+14,21890,870782,0.8174
13-12-2013,M&M,EQ,941.8,941.9,954.3,931.05,954,950.55,946.95,742666,7.03267E+13,25948,424793,0.572
16-12-2013,M&M,EQ,950.55,952,952,923,923.05,926.6,934.47,520542,4.86433E+13,25496,266221,0.5114
17-12-2013,M&M,EQ,926.6,927,940,926.6,932.65,931.75,934.31,432864,4.04431E+13,13326,231212,0.5341
18-12-2013,M&M,EQ,931.75,931.7,952.45,926.9,949.55,948.15,944.95,493358,4.66197E+13,15168,299851,0.6078
19-12-2013,M&M,EQ,948.15,951,955.7,926.4,940,938.9,940.84,1050928,9.88758E+13,28394,716286,0.6816
20-12-2013,M&M,EQ,938.9,937,972,929.5,972,969.8,954.81,1057245,1.00947E+14,26585,579719,0.5483
23-12-2013,M&M,EQ,969.8,972,979.1,960.85,966,965.45,968.35,548032,5.30688E+13,27019,231587,0.4226
24-12-2013,M&M,EQ,965.45,965,975,960.65,963,963.5,969.3,277245,2.68734E+13,14393,129635,0.4676
26-12-2013,M&M,EQ,963.5,964.05,969.8,955.75,957.95,960.85,962.49,820874,7.90083E+13,22990,417011,0.508
27-12-2013,M&M,EQ,960.85,960,971.9,951.1,970,967.15,965.67,770936,7.44467E+13,16299,519185,0.6734
30-12-2013,M&M,EQ,967.15,968.1,972.6,942.3,949.2,948.4,959.04,888987,8.5257E+13,18921,547999,0.6164
31-12-2013,M&M,EQ,948.4,955,958,939.5,942.05,944.2,946.95,427185,4.04521E+13,17341,233419,0.5464
01-01-2014,M&M,EQ,944.2,948,953,942.5,947.9,948,948.36,311759,2.95659E+13,7834,107014,0.3433
02-01-2014,M&M,EQ,948,944,959,930,931,936.1,949.56,503776,4.78366E+13,18923,297554,0.5906
03-01-2014,M&M,EQ,936.1,928,934,897.5,901.15,900.25,907.56,1045971,9.4928E+13,43489,590112,0.5642
06-01-2014,M&M,EQ,900.25,903.7,904.9,887.4,900.6,895.4,894.41,638053,5.70682E+13,29853,337483,0.5289
07-01-2014,M&M,EQ,895.4,896,908.05,890.1,906.95,903.1,898.46,899197,8.07889E+13,40821,519470,0.5777
08-01-2014,M&M,EQ,903.1,908,914.9,899.05,910,908.6,908.12,588184,5.3414E+13,21092,292331,0.497
09-01-2014,M&M,EQ,908.6,910,917.45,890,891.4,894.35,906.17,459440,4.16329E+13,18181,172610,0.3757
10-01-2014,M&M,EQ,894.35,894,896,864.8,872.65,874.55,876.38,896627,7.8579E+13,48319,450918,0.5029
13-01-2014,M&M,EQ,874.55,873,891.05,873,888.7,888.25,884.33,507675,4.4895E+13,20329,245067,0.4827
14-01-2014,M&M,EQ,888.25,883,900.85,882.65,890,891.05,893.16,671699,5.99937E+13,18723,381358,0.5678
15-01-2014,M&M,EQ,891.05,891.5,907,886.95,905.65,904.9,896.11,824994,7.39286E+13,34094,403960,0.4897
16-01-2014,M&M,EQ,904.9,905.5,906.1,888.35,893.5,892.65,893.9,826060,7.38413E+13,48292,588588,0.7125
17-01-2014,M&M,EQ,892.65,891,905.4,891,900,899.55,900.08,916751,8.25147E+13,30908,703001,0.7668
20-01-2014,M&M,EQ,899.55,891,913.25,891,906,906.75,907.44,508424,4.61363E+13,24765,240766,0.4736
21-01-2014,M&M,EQ,906.75,906,921.75,898,900.8,903.6,911.9,519638,4.73858E+13,29401,265822,0.5116
22-01-2014,M&M,EQ,903.6,898.15,918,898.15,914.45,916.45,912.98,955815,8.7264E+13,24462,646322,0.6762
23-01-2014,M&M,EQ,916.45,916.45,917,886.7,890,890.1,893.92,1047415,9.36305E+13,62356,712610,0.6804
24-01-2014,M&M,EQ,890.1,882.5,892.5,874,886.5,884.8,881.49,1991029,1.75507E+14,81596,1531982,0.7694
27-01-2014,M&M,EQ,884.8,861.2,875,858.25,867,866.85,866.54,1304447,1.13035E+14,44546,992549,0.7609
28-01-2014,M&M,EQ,866.85,865,880,863.05,875.8,875.1,874.69,1129327,9.87815E+13,41334,846996,0.75
29-01-2014,M&M,EQ,875.1,878.95,886.55,859,863.4,861.95,874.76,784718,6.86437E+13,41680,576623,0.7348
30-01-2014,M&M,EQ,861.95,859,878,849.95,871.1,867.9,865.14,774710,6.70234E+13,22936,515933,0.666
31-01-2014,M&M,EQ,867.9,874,898.6,869.05,887.5,890.2,890.76,942208,8.39285E+13,27440,640175,0.6794
03-02-2014,M&M,EQ,890.2,882.2,891.6,867,885.05,884.85,880.72,990012,8.71925E+13,37793,708349,0.7155
04-02-2014,M&M,EQ,884.85,875,876,846.6,858,853.75,854.34,1822968,1.55744E+14,67737,1250753,0.6861
05-02-2014,M&M,EQ,853.75,857,881,856,876,878.35,870.43,917994,7.99054E+13,29388,562515,0.6128
06-02-2014,M&M,EQ,878.35,875.5,899.7,866.9,898,896.95,884.32,1110998,9.82477E+13,35215,745921,0.6714
07-02-2014,M&M,EQ,896.95,902.55,903,886.45,895,895.55,893.06,721608,6.44436E+13,17089,467239,0.6475
10-02-2014,M&M,EQ,895.55,895.25,902.5,887,895,894.2,891.68,790281,7.04676E+13,30246,628371,0.7951
11-02-2014,M&M,EQ,894.2,898.1,902.3,887,896.5,897.05,894.46,696770,6.23235E+13,33227,488384,0.7009
12-02-2014,M&M,EQ,897.05,897.7,900.85,889.95,895.1,895.5,895.8,438370,3.92693E+13,21552,325763,0.7431
13-02-2014,M&M,EQ,895.5,895,911,895,905.75,906.65,906.04,804727,7.29118E+13,48046,449559,0.5586
14-02-2014,M&M,EQ,906.65,907,913.7,886.65,906,904.4,901.39,1268648,1.14354E+14,39725,565839,0.446
17-02-2014,M&M,EQ,904.4,904.95,935.7,897.3,934,928.1,917.28,1121503,1.02874E+14,26849,472840,0.4216
18-02-2014,M&M,EQ,928.1,935,939.9,924.5,935,935.15,933.93,1021824,9.54314E+13,36837,549815,0.5381
19-02-2014,M&M,EQ,935.15,936,947.3,935.95,943,943.2,942.42,891891,8.4054E+13,27394,526557,0.5904
20-02-2014,M&M,EQ,943.2,936.15,941.6,927.1,931,929.95,934.94,825663,7.71946E+13,21959,612590,0.7419
21-02-2014,M&M,EQ,929.95,930.3,939,922.85,931,930,931.56,467313,4.35329E+13,25458,306746,0.6564
24-02-2014,M&M,EQ,930,930,946,928.05,943.1,944.1,941.9,391298,3.68563E+13,13417,195029,0.4984
25-02-2014,M&M,EQ,944.1,945.9,949.3,935.55,942,943.9,942.92,955190,9.00667E+13,33247,747066,0.7821
26-02-2014,M&M,EQ,943.9,943,970,936.45,965.2,964.7,957.69,854094,8.17956E+13,24422,577658,0.6763
28-02-2014,M&M,EQ,964.7,965,978.9,949,973,974.5,965.69,953836,9.21113E+13,34294,582411,0.6106
03-03-2014,M&M,EQ,974.5,972.7,977.95,950,951.8,952.25,964.11,534471,5.15289E+13,23293,322412,0.6032
04-03-2014,M&M,EQ,952.25,950.1,965.35,944.6,954,955.8,956.26,575424,5.50254E+13,27225,349587,0.6075
05-03-2014,M&M,EQ,955.8,957.5,958.75,940.2,950,948.55,946.52,609756,5.77148E+13,22408,358421,0.5878
06-03-2014,M&M,EQ,948.55,950.3,961,948.55,954.15,955.35,954.93,958756,9.15549E+13,28645,680773,0.7101
07-03-2014,M&M,EQ,955.35,960,991.95,951.55,980.15,983.55,978.34,1001714,9.80016E+13,27708,449166,0.4484
10-03-2014,M&M,EQ,983.55,979.3,1021,975,1018.8,1015.85,1003.76,1234628,1.23927E+14,44820,660120,0.5347
11-03-2014,M&M,EQ,1015.85,1012,1021.85,984.1,991.95,994.5,994.94,767406,7.63524E+13,38041,427629,0.5572
12-03-2014,M&M,EQ,994.5,989.4,998,983.3,996,991.25,988.72,1633533,1.6151E+14,32509,1228165,0.7518
13-03-2014,M&M,EQ,991.25,1001.9,1025,994.35,1017.5,1016.05,1015.05,1215049,1.23333E+14,48259,815059,0.6708
14-03-2014,M&M,EQ,1016.05,1012.9,1035.5,996,1029.05,1027,1012.21,1237442,1.25255E+14,48585,837319,0.6767
18-03-2014,M&M,EQ,1027,1028.45,1054.9,1005.05,1010.8,1009.6,1026.76,1271369,1.30539E+14,80508,810195,0.6373
19-03-2014,M&M,EQ,1009.6,1011,1021.9,978,980.1,980.45,997.7,2025079,2.02043E+14,53459,1550593,0.7657
20-03-2014,M&M,EQ,980.45,982.9,992,972.25,977,978.3,979.58,753676,7.38282E+13,31527,398757,0.5291
21-03-2014,M&M,EQ,978.3,985,990,965.5,973.8,970.45,977.24,1073949,1.0495E+14,27353,794929,0.7402
22-03-2014,M&M,EQ,970.45,981.1,982.75,971,971,973.9,975.99,39379,3.84334E+12,1518,14675,0.3727
24-03-2014,M&M,EQ,973.9,980,995,976.45,985.5,987.8,988.4,1091726,1.07906E+14,26483,811252,0.7431
25-03-2014,M&M,EQ,987.8,987,995,971,973.15,973.4,978.66,757147,7.40993E+13,27644,495961,0.655
26-03-2014,M&M,EQ,973.4,980,983.3,952.05,961,958.95,972.1,1213646,1.17979E+14,41992,798537,0.658
27-03-2014,M&M,EQ,958.95,960,975,958.65,966.6,964.85,967.7,2217504,2.14588E+14,80447,1683068,0.759
28-03-2014,M&M,EQ,964.85,969,973,955.5,965.5,968.25,964.44,1562397,1.50683E+14,81262,1217771,0.7794
31-03-2014,M&M,EQ,968.25,972.3,985,966,980,980.7,978.85,1665520,1.63029E+14,44100,1294287,0.7771
01-04-2014,M&M,EQ,980.7,985,1003.35,980.7,1000,1000.15,994.25,1075558,1.06938E+14,34354,592607,0.551
02-04-2014,M&M,EQ,1000.15,1006.5,1009,992,999,1002,1001.02,1105540,1.10667E+14,45547,720901,0.6521
03-04-2014,M&M,EQ,1002,1004.7,1011,989.55,1009,1007.2,999.74,643179,6.43013E+13,30603,369641,0.5747
04-04-2014,M&M,EQ,1007.2,1006,1006,991.15,1000.6,999,997.71,678999,6.77447E+13,25543,426117,0.6276
07-04-2014,M&M,EQ,999,1000,1018.35,1000,1014,1014.1,1009.37,899498,9.07924E+13,34518,595273,0.6618
09-04-2014,M&M,EQ,1014.1,1018,1025,1011.55,1023,1023.15,1017.7,980468,9.9782E+13,41437,763377,0.7786
10-04-2014,M&M,EQ,1023.15,1019,1027.6,996.2,1021,1021.15,1014.59,929301,9.42856E+13,37837,573645,0.6173
11-04-2014,M&M,EQ,1021.15,1012.1,1019,1000,1001,1005.5,1006.94,610992,6.15232E+13,23294,359109,0.5877
15-04-2014,M&M,EQ,1005.5,996.5,1005.7,975.6,985,984.7,982.85,852330,8.37715E+13,52098,568437,0.6669
16-04-2014,M&M,EQ,984.7,985,993.3,965.05,975.65,976.55,977.71,1162213,1.13631E+14,42512,592508,0.5098
17-04-2014,M&M,EQ,976.55,980,1000,978.25,995.35,996.95,990.4,671953,6.65499E+13,23132,297438,0.4426
21-04-2014,M&M,EQ,996.95,1000,1039.9,991.4,1033.15,1033.15,1026.87,1506204,1.54668E+14,47558,1087790,0.7222
22-04-2014,M&M,EQ,1033.15,1035,1046,1021,1024,1026.4,1029.47,731931,7.53502E+13,19507,458073,0.6258
23-04-2014,M&M,EQ,1026.4,1026.65,1042,1023.75,1038.7,1039.15,1036.52,1211192,1.25543E+14,34649,772781,0.638
25-04-2014,M&M,EQ,1039.15,1038,1080.9,1032.05,1065.9,1070.7,1061.52,1321499,1.40279E+14,42278,687582,0.5203
28-04-2014,M&M,EQ,1070.7,1065,1074,1056.9,1065.6,1067,1068.25,913827,9.76196E+13,20267,641284,0.7018
29-04-2014,M&M,EQ,1067,1067,1083,1061.6,1067.25,1068,1069.21,855403,9.14606E+13,23731,512898,0.5996
30-04-2014,M&M,EQ,1068,1070,1091.95,1062.1,1076.85,1074.2,1077.13,1355176,1.4597E+14,41821,961924,0.7098
02-05-2014,M&M,EQ,1074.2,1059,1061.65,1045.1,1057.85,1057.85,1055.43,798421,8.42674E+13,39283,467084,0.585
05-05-2014,M&M,EQ,1057.85,1050,1072.45,1050,1057.05,1059.6,1063,617292,6.56179E+13,30901,245757,0.3981
06-05-2014,M&M,EQ,1059.6,1062.5,1069,1056.3,1067,1065.5,1062.9,328008,3.4864E+13,16413,194702,0.5936
07-05-2014,M&M,EQ,1065.5,1066,1073,1060,1063.45,1061.95,1063.94,411121,4.37406E+13,14236,229208,0.5575
08-05-2014,M&M,EQ,1061.95,1065,1073.65,1057.1,1068,1064.15,1063.41,489585,5.20632E+13,16021,357077,0.7293
09-05-2014,M&M,EQ,1064.15,1070,1110,1061.05,1109.25,1102.55,1092.68,858295,9.37844E+13,31134,547002,0.6373
12-05-2014,M&M,EQ,1102.55,1101,1139.75,1100,1137.5,1129.75,1118.32,811004,9.06959E+13,42711,460787,0.5682
13-05-2014,M&M,EQ,1129.75,1141,1177.3,1106.2,1126.85,1122.9,1145.62,790272,9.05354E+13,47714,388810,0.492
14-05-2014,M&M,EQ,1122.9,1105,1111.65,1073.75,1081.65,1085.45,1080.39,10204162,1.10245E+15,70108,7445667,0.7297
15-05-2014,M&M,EQ,1085.45,1080,1113.4,1079.5,1101.05,1104.55,1101.46,1056404,1.16358E+14,55579,639252,0.6051
16-05-2014,M&M,EQ,1104.55,1120,1183.9,1102.4,1119.45,1114.7,1145.97,1676026,1.92068E+14,57013,846130,0.5048
19-05-2014,M&M,EQ,1114.7,1139.9,1139.9,1076.8,1090,1099.6,1101.57,1095507,1.20678E+14,62835,567917,0.5184
20-05-2014,M&M,EQ,1099.6,1101,1152.25,1076.3,1134,1136.45,1125.49,1029777,1.159E+14,43055,437071,0.4244
21-05-2014,M&M,EQ,1136.45,1127,1163.3,1122.1,1156,1150.3,1140.12,896177,1.02175E+14,56224,584611,0.6523
22-05-2014,M&M,EQ,1150.3,1154.7,1172,1125.55,1131,1137.6,1146.61,831455,9.53356E+13,48774,414090,0.498
23-05-2014,M&M,EQ,1137.6,1133,1165.9,1133,1161.1,1159.3,1150.6,996854,1.14698E+14,53529,501152,0.5027
26-05-2014,M&M,EQ,1159.3,1173.9,1253.75,1170,1244.7,1229.15,1223.55,2270149,2.77764E+14,67195,1169586,0.5152
27-05-2014,M&M,EQ,1229.15,1240.15,1240.15,1173.75,1200,1198,1193.65,812712,9.70094E+13,44357,398136,0.4899
28-05-2014,M&M,EQ,1198,1200,1207,1156.1,1165.5,1161.6,1167.85,1177751,1.37543E+14,57007,796986,0.6767
29-05-2014,M&M,EQ,1161.6,1165,1184,1164.35,1172.95,1176.95,1174.94,1198529,1.4082E+14,51555,837694,0.6989
30-05-2014,M&M,EQ,1176.95,1189,1278.7,1150,1233.05,1235.5,1215.41,4215542,5.1236E+14,104139,2413294,0.5725
02-06-2014,M&M,EQ,1235.5,1235,1269.5,1198,1238.15,1239.25,1234.27,1078154,1.33074E+14,39636,444759,0.4125
03-06-2014,M&M,EQ,1239.25,1240.5,1242,1218.5,1226,1230.75,1232.13,1040600,1.28216E+14,48704,702823,0.6754
04-06-2014,M&M,EQ,1230.75,1231.1,1248,1203,1214.3,1219.85,1223.99,849936,1.04031E+14,72341,457331,0.5381
05-06-2014,M&M,EQ,1219.85,1215,1217.4,1192.25,1202.5,1202.7,1206.51,1087425,1.31198E+14,60223,602358,0.5539
06-06-2014,M&M,EQ,1202.7,1207,1239.8,1195.25,1234,1232.8,1220.08,1268918,1.54818E+14,50437,680906,0.5366
09-06-2014,M&M,EQ,1232.8,1240,1240,1206.25,1226,1224,1218.7,987987,1.20406E+14,66929,504222,0.5104
10-06-2014,M&M,EQ,1224,1229,1239.9,1204.5,1235.35,1233.15,1224.5,852952,1.04444E+14,53372,483169,0.5665
11-06-2014,M&M,EQ,1233.15,1230,1239,1212,1226,1227.1,1223.75,738527,9.03776E+13,51167,393106,0.5323
12-06-2014,M&M,EQ,1227.1,1217.4,1232.4,1205.3,1226,1229,1222.47,511769,6.25624E+13,43313,237290,0.4637
13-06-2014,M&M,EQ,1229,1232,1255,1211.35,1233.3,1228.85,1237.41,1135999,1.4057E+14,74341,578531,0.5093
16-06-2014,M&M,EQ,1228.85,1223.3,1228.7,1190,1192.7,1198,1202.81,968712,1.16517E+14,75183,626860,0.6471
17-06-2014,M&M,EQ,1198,1194.7,1194.7,1168.2,1182,1180.95,1177.48,1234682,1.45381E+14,74234,749515,0.6071
18-06-2014,M&M,EQ,1180.95,1189,1191.85,1151,1165.3,1160.3,1175.73,925727,1.08841E+14,42359,500855,0.541
19-06-2014,M&M,EQ,1160.3,1166,1184.95,1159.15,1176.1,1176.1,1172.82,518181,6.07732E+13,35900,256500,0.495
20-06-2014,M&M,EQ,1176.1,1176.15,1177.75,1138,1140.05,1143.95,1155.15,741781,8.56868E+13,54347,456454,0.6153
23-06-2014,M&M,EQ,1143.95,1149.5,1168.9,1144,1161,1161.2,1159.18,922624,1.06949E+14,29664,601488,0.6519
24-06-2014,M&M,EQ,1161.2,1160.5,1183,1160,1164.4,1167.05,1173.29,534625,6.27272E+13,32080,312152,0.5839
25-06-2014,M&M,EQ,1167.05,1166.5,1195.65,1158,1183.95,1179.45,1169.6,569241,6.65783E+13,21532,314074,0.5517
26-06-2014,M&M,EQ,1179.45,1195,1195,1167.65,1175.8,1175.9,1176.69,1263102,1.48628E+14,36278,891024,0.7054
27-06-2014,M&M,EQ,1175.9,1176,1176.2,1149.95,1150.8,1153.5,1155.53,1016909,1.17506E+14,37703,751121,0.7386
30-06-2014,M&M,EQ,1153.5,1151.6,1163,1143.95,1148,1147.2,1151.91,1312636,1.51204E+14,40461,1012002,0.771
01-07-2014,M&M,EQ,1147.2,1150,1197.9,1150,1194.75,1194.3,1186,972243,1.15308E+14,35778,557930,0.5739
02-07-2014,M&M,EQ,1194.3,1198,1228.35,1184.1,1219.65,1219.75,1207.69,1006010,1.21495E+14,35775,514572,0.5115
03-07-2014,M&M,EQ,1219.75,1219.65,1247,1219,1232,1235.55,1233.99,891528,1.10013E+14,32660,447399,0.5018
04-07-2014,M&M,EQ,1235.55,1235,1235,1209.5,1230,1230.05,1223.8,533980,6.53485E+13,24773,279517,0.5235
07-07-2014,M&M,EQ,1230.05,1239.9,1246.8,1225,1238.65,1239.55,1236.39,694005,8.5806E+13,25011,391624,0.5643
08-07-2014,M&M,EQ,1239.55,1251,1252.15,1207,1209,1214.5,1228.45,721630,8.86484E+13,48151,421859,0.5846
09-07-2014,M&M,EQ,1214.5,1215,1215,1152,1185.85,1178.55,1179.94,1230674,1.45212E+14,83192,726843,0.5906
10-07-2014,M&M,EQ,1178.55,1171.1,1201.5,1152,1152,1165.55,1172.57,1316703,1.54392E+14,59760,700345,0.5319
11-07-2014,M&M,EQ,1165.55,1164.4,1173,1129.45,1172.95,1164.35,1155.31,1064771,1.23014E+14,38494,723435,0.6794
14-07-2014,M&M,EQ,1164.35,1163.15,1178.85,1156.3,1166,1166.95,1168.11,911791,1.06507E+14,39070,670900,0.7358
15-07-2014,M&M,EQ,1166.95,1173,1204.7,1173,1197,1200.3,1189.74,800405,9.52273E+13,41077,532841,0.6657
16-07-2014,M&M,EQ,1200.3,1204,1225.6,1198,1225,1222.05,1213.73,1270503,1.54204E+14,38903,875329,0.689
17-07-2014,M&M,EQ,1222.05,1183,1195.9,1166.6,1182,1183.45,1184.45,2654586,3.14423E+14,55733,1208303,0.4552
18-07-2014,M&M,EQ,1183.45,1178.8,1193.8,1172,1179.55,1183.65,1186.99,1481186,1.75815E+14,36846,1096282,0.7401
21-07-2014,M&M,EQ,1183.65,1188,1196.9,1183,1183,1188.65,1191.24,727398,8.66504E+13,31051,447412,0.6151
22-07-2014,M&M,EQ,1188.65,1188.65,1194,1172,1177.05,1179.5,1184.15,584951,6.92671E+13,47131,326145,0.5576
23-07-2014,M&M,EQ,1179.5,1185,1201.65,1178.2,1197,1194.75,1191.53,1246350,1.48506E+14,93419,867413,0.696
24-07-2014,M&M,EQ,1194.75,1194.3,1207.6,1187.3,1201.15,1202.2,1201.19,958073,1.15083E+14,61990,634740,0.6625
25-07-2014,M&M,EQ,1202.2,1202,1222,1202,1205,1210.6,1215.24,818364,9.94507E+13,43377,489309,0.5979
28-07-2014,M&M,EQ,1210.6,1212,1225,1191.25,1195,1205.85,1211.71,668480,8.10004E+13,47360,434377,0.6498
30-07-2014,M&M,EQ,1205.85,1208.7,1225,1203.2,1224,1221.7,1216.55,1592201,1.93699E+14,24404,1288993,0.8096
31-07-2014,M&M,EQ,1221.7,1222,1222.9,1188.5,1197.5,1201.65,1205.11,3088109,3.72151E+14,55913,2580407,0.8356
01-08-2014,M&M,EQ,1201.65,1185.3,1191.8,1162,1169,1174.15,1177.63,1376419,1.62091E+14,66792,960246,0.6976
04-08-2014,M&M,EQ,1174.15,1167,1198,1167,1178.9,1185.5,1182.25,1634607,1.93252E+14,37969,1248391,0.7637
05-08-2014,M&M,EQ,1185.5,1186.95,1232.15,1186.95,1230.05,1230.1,1209.55,1526501,1.84638E+14,53763,980246,0.6422
06-08-2014,M&M,EQ,1230.1,1239.7,1249.65,1230,1240,1241.15,1238.59,1351860,1.6744E+14,36419,899199,0.6652
07-08-2014,M&M,EQ,1241.15,1239.9,1259,1225.75,1245.25,1249.4,1242.5,590123,7.33228E+13,26233,275447,0.4668
08-08-2014,M&M,EQ,1249.4,1230,1246.4,1201.75,1230,1229.35,1224.16,1241728,1.52008E+14,46537,472353,0.3804
11-08-2014,M&M,EQ,1229.35,1240,1323.8,1237.2,1305,1308.6,1298.44,2278535,2.95853E+14,69839,1029911,0.452
12-08-2014,M&M,EQ,1308.6,1315,1321.15,1291.3,1309.7,1310.1,1302.17,1403873,1.82808E+14,44180,814473,0.5802
13-08-2014,M&M,EQ,1310.1,1298.25,1325,1297.9,1309.2,1316.25,1314.4,1285091,1.68912E+14,59503,828169,0.6444
14-08-2014,M&M,EQ,1316.25,1316.25,1335,1311.65,1321,1321.85,1320.94,882663,1.16594E+14,26828,489717,0.5548
18-08-2014,M&M,EQ,1321.85,1318,1331.5,1310.05,1321,1326.05,1317.78,1997382,2.63211E+14,29596,1690846,0.8465
19-08-2014,M&M,EQ,1326.05,1325.95,1380,1317.5,1376,1374.1,1351.41,1361095,1.83939E+14,37600,775554,0.5698
20-08-2014,M&M,EQ,1374.1,1374.1,1381.8,1354.6,1355.5,1357.3,1364.61,526367,7.18288E+13,27210,230940,0.4387
21-08-2014,M&M,EQ,1357.3,1353,1381,1353,1379.3,1376.3,1372.9,806853,1.10773E+14,36037,469322,0.5817
22-08-2014,M&M,EQ,1376.3,1379.9,1398,1363.6,1394.35,1391.85,1387.32,788365,1.09371E+14,30757,380698,0.4829
25-08-2014,M&M,EQ,1391.85,1390.6,1433.7,1380.35,1411.4,1410.7,1402.56,582081,8.16405E+13,22497,259062,0.4451
26-08-2014,M&M,EQ,1410.7,1398,1406,1387,1395.95,1399.6,1397.82,604579,8.45093E+13,43925,334299,0.5529
27-08-2014,M&M,EQ,1399.6,1394,1415,1390.65,1392.25,1395.9,1401.64,529505,7.42173E+13,38552,309389,0.5843
28-08-2014,M&M,EQ,1395.9,1394.45,1414,1386.05,1404.95,1407.2,1400.96,1511316,2.1173E+14,60895,1164365,0.7704
01-09-2014,M&M,EQ,1407.2,1410.05,1418.65,1393,1407,1403.35,1408.76,1078879,1.51988E+14,33660,765876,0.7099
02-09-2014,M&M,EQ,1403.35,1397,1419.7,1390.25,1393,1395.6,1404.53,1184829,1.66413E+14,37494,853964,0.7207
03-09-2014,M&M,EQ,1395.6,1395.6,1422.4,1386,1418,1411.55,1399.88,1166531,1.63301E+14,46535,816521,0.7
04-09-2014,M&M,EQ,1411.55,1411.7,1421.75,1398.35,1414.35,1410.75,1409.29,793446,1.1182E+14,56975,546573,0.6889
05-09-2014,M&M,EQ,1410.75,1406.3,1418.6,1396.25,1407.4,1408.2,1406.05,446263,6.27466E+13,18198,212547,0.4763
08-09-2014,M&M,EQ,1408.2,1419,1419.9,1386.5,1396.7,1394.95,1399.95,1260522,1.76466E+14,40508,972610,0.7716
09-09-2014,M&M,EQ,1394.95,1394.95,1411.95,1394.95,1403.05,1404,1402.44,473158,6.63577E+13,26322,215885,0.4563
10-09-2014,M&M,EQ,1404,1399.1,1399.1,1378.1,1388.2,1384.9,1384.46,534592,7.40119E+13,26463,328951,0.6153
11-09-2014,M&M,EQ,1384.9,1381,1386.95,1353.25,1371.95,1374.1,1367.61,1317133,1.80132E+14,28638,1057795,0.8031
12-09-2014,M&M,EQ,1374.1,1371.15,1392.6,1366.5,1391.1,1389.25,1378.21,978377,1.34841E+14,29807,745877,0.7624
15-09-2014,M&M,EQ,1389.25,1377,1383.1,1364.65,1370.05,1369.95,1369.84,443584,6.07637E+13,17586,304522,0.6865
16-09-2014,M&M,EQ,1369.95,1370.05,1378.65,1360.6,1373,1372.35,1368.56,1001928,1.3712E+14,29768,761077,0.7596
17-09-2014,M&M,EQ,1372.35,1379.8,1400,1372.2,1384.55,1380.1,1388.44,1297656,1.80172E+14,59442,913474,0.7039
18-09-2014,M&M,EQ,1380.1,1371,1395,1368,1392,1391.5,1383.42,966250,1.33673E+14,47078,597418,0.6183
19-09-2014,M&M,EQ,1391.5,1396,1402,1365.25,1374.8,1373.55,1378.41,1186702,1.63576E+14,41492,904919,0.7625
22-09-2014,M&M,EQ,1373.55,1372,1376,1352,1372,1372.35,1365.22,846494,1.15565E+14,34560,588489,0.6952
23-09-2014,M&M,EQ,1372.35,1368,1368,1335.5,1350,1347.6,1348.96,1272537,1.71661E+14,50947,905623,0.7117
24-09-2014,M&M,EQ,1347.6,1346,1366.7,1342.95,1360.05,1357.25,1356.85,554668,7.526E+13,29329,293080,0.5284
25-09-2014,M&M,EQ,1357.25,1361,1369.5,1328.4,1354.7,1353,1345.66,1827995,2.45986E+14,73205,1382239,0.7562
26-09-2014,M&M,EQ,1353,1343.65,1399.95,1343.65,1391.6,1393.45,1372.84,896234,1.23039E+14,39330,625134,0.6975
29-09-2014,M&M,EQ,1393.45,1393.7,1398,1375.8,1386.4,1383.25,1384.2,618028,8.55477E+13,30258,409916,0.6633
30-09-2014,M&M,EQ,1383.25,1382.7,1390.85,1348.95,1359.2,1360.8,1372.37,963970,1.32292E+14,44016,596575,0.6189
01-10-2014,M&M,EQ,1360.8,1360,1396,1355,1393,1389.65,1378.46,699845,9.64711E+13,30908,453876,0.6485
07-10-2014,M&M,EQ,1389.65,1395,1399.9,1345.2,1363,1356.4,1362.12,1286372,1.7522E+14,56227,929070,0.7222
08-10-2014,M&M,EQ,1356.4,1361,1381.8,1356.45,1371.9,1371.7,1369.92,592040,8.1105E+13,22212,342392,0.5783
09-10-2014,M&M,EQ,1371.7,1377,1385.9,1355.5,1365.45,1367.15,1368.34,511972,7.0055E+13,22906,323730,0.6323
10-10-2014,M&M,EQ,1367.15,1360,1363.3,1314.9,1320.75,1317.4,1333.61,616302,8.21907E+13,34367,343688,0.5577
13-10-2014,M&M,EQ,1317.4,1317.4,1318.5,1262.1,1267.35,1268.95,1273.42,1192435,1.51848E+14,41317,760263,0.6376
14-10-2014,M&M,EQ,1268.95,1285,1285,1265.1,1274.05,1274.05,1274.31,523984,6.67716E+13,28692,274335,0.5236
16-10-2014,M&M,EQ,1274.05,1275,1279.25,1210.35,1216.45,1219.1,1241.53,1037880,1.28856E+14,57731,620686,0.598
17-10-2014,M&M,EQ,1219.1,1223,1268,1223,1258,1253.75,1255.19,767573,9.63453E+13,38277,418808,0.5456
20-10-2014,M&M,EQ,1253.75,1274.6,1280.8,1248.4,1255,1260.7,1263.9,654163,8.26799E+13,49037,407055,0.6223
21-10-2014,M&M,EQ,1260.7,1260,1260,1222.1,1228.85,1229.05,1239.59,1037344,1.28588E+14,69515,750695,0.7237
22-10-2014,M&M,EQ,1229.05,1245,1265,1230.3,1260.5,1260.65,1250.96,1330697,1.66465E+14,73756,990450,0.7443
23-10-2014,M&M,EQ,1260.65,1271.5,1272,1255,1261,1263.7,1262.95,72839,9.19921E+12,4212,34583,0.4748
27-10-2014,M&M,EQ,1263.7,1272.9,1272.9,1239.8,1260.4,1256.8,1256,908018,1.14047E+14,23144,739340,0.8142
28-10-2014,M&M,EQ,1256.8,1256.8,1279.7,1252.3,1278.75,1277.3,1268.63,630696,8.00118E+13,29529,429480,0.681
29-10-2014,M&M,EQ,1277.3,1288,1313.95,1283.3,1294.7,1298.35,1301.07,890678,1.15884E+14,30375,511650,0.5745
30-10-2014,M&M,EQ,1298.35,1296.35,1302.05,1271,1287.5,1287.75,1286.02,1138585,1.46424E+14,51629,769067,0.6755
31-10-2014,M&M,EQ,1287.75,1292.4,1323,1283.75,1298,1306.2,1302.79,2021734,2.6339E+14,65130,836176,0.4136
03-11-2014,M&M,EQ,1306.2,1306,1306,1258.4,1268,1267.55,1266.39,1370735,1.73588E+14,63625,904485,0.6599
05-11-2014,M&M,EQ,1267.55,1271,1275.55,1244.15,1259,1256.1,1255.74,1286876,1.61598E+14,69556,928588,0.7216
07-11-2014,M&M,EQ,1256.1,1240.6,1254.9,1230.25,1239.15,1239.1,1239.07,1364747,1.69101E+14,77534,1077788,0.7897
10-11-2014,M&M,EQ,1239.1,1240.1,1250.95,1222.35,1232.25,1230.9,1230.9,908779,1.11861E+14,49554,633375,0.697
11-11-2014,M&M,EQ,1230.9,1235.1,1266,1232.65,1263,1260.55,1253.24,1018261,1.27613E+14,51763,728903,0.7158
12-11-2014,M&M,EQ,1260.55,1268,1272.4,1248.4,1254,1253.6,1256.97,1149005,1.44426E+14,49775,789374,0.687
13-11-2014,M&M,EQ,1253.6,1260.6,1263.2,1240,1255,1255.2,1253.37,971831,1.21806E+14,36829,706233,0.7267
14-11-2014,M&M,EQ,1255.2,1250,1259.4,1245,1253.2,1255.85,1251.85,445915,5.5822E+13,24576,304961,0.6839
17-11-2014,M&M,EQ,1255.85,1260,1260,1238.25,1249.15,1250.3,1246.6,637917,7.95225E+13,30687,420366,0.659
18-11-2014,M&M,EQ,1250.3,1251.1,1271.45,1251.1,1265.35,1264.85,1264.82,1278186,1.61668E+14,36149,1011837,0.7916
19-11-2014,M&M,EQ,1264.85,1265,1269,1240,1246,1245,1249.15,1115266,1.39313E+14,33742,891833,0.7997
20-11-2014,M&M,EQ,1245,1250.1,1252.85,1223,1231.45,1227.9,1232.59,1461136,1.80099E+14,43291,1254071,0.8583
21-11-2014,M&M,EQ,1227.9,1230.8,1251.35,1226.05,1244.95,1246.7,1235.09,2344656,2.89585E+14,45426,2028180,0.865
24-11-2014,M&M,EQ,1246.7,1245.1,1257,1229.3,1252,1250.65,1240.31,1722544,2.13648E+14,44112,1354469,0.7863
25-11-2014,M&M,EQ,1250.65,1250.65,1264.5,1236.5,1259.1,1257.65,1254,1165424,1.46144E+14,35860,789277,0.6772
26-11-2014,M&M,EQ,1257.65,1258.9,1278,1258.9,1275,1273.75,1270.05,860949,1.09345E+14,28946,516542,0.6
27-11-2014,M&M,EQ,1273.75,1282.5,1300,1275.05,1290.7,1293.05,1288.91,1210914,1.56076E+14,36279,710114,0.5864
28-11-2014,M&M,EQ,1293.05,1295,1327.9,1295,1326,1323.75,1315.29,1699883,2.23585E+14,57429,1326152,0.7801
01-12-2014,M&M,EQ,1323.75,1326.95,1338,1286.7,1295.35,1295.1,1310.91,1013607,1.32875E+14,31675,591228,0.5833
02-12-2014,M&M,EQ,1295.1,1286.1,1290,1256.3,1263,1264.55,1268.04,569809,7.22542E+13,30058,299382,0.5254
03-12-2014,M&M,EQ,1264.55,1274.7,1294.4,1270.15,1289,1286.75,1282.26,583839,7.48634E+13,24006,364243,0.6239
04-12-2014,M&M,EQ,1286.75,1296,1298.85,1261.6,1263.05,1265.1,1271.93,784917,9.98357E+13,40966,500422,0.6375
05-12-2014,M&M,EQ,1265.1,1275.9,1299.8,1267.5,1295,1294.05,1288.35,823874,1.06143E+14,38830,539616,0.655
08-12-2014,M&M,EQ,1294.05,1304.5,1305,1243.8,1251.85,1248.75,1264.57,1058138,1.33809E+14,57113,757270,0.7157
09-12-2014,M&M,EQ,1248.75,1250.2,1272,1236,1270,1265.65,1256.82,939082,1.18026E+14,38841,661120,0.704
10-12-2014,M&M,EQ,1265.65,1258,1277.95,1253.25,1263,1266.5,1263.05,984975,1.24408E+14,30713,703895,0.7146
11-12-2014,M&M,EQ,1266.5,1270,1283,1258.85,1267,1266.1,1271.27,441192,5.60873E+13,20009,230413,0.5223
12-12-2014,M&M,EQ,1266.1,1262.05,1266.15,1241.6,1255,1251.4,1250.11,1858144,2.32289E+14,68766,1530505,0.8237
15-12-2014,M&M,EQ,1251.4,1250.1,1260,1235,1249.05,1252.3,1252.2,1106573,1.38565E+14,44910,870129,0.7863
16-12-2014,M&M,EQ,1252.3,1240.2,1245,1212.55,1231.45,1227.5,1226.38,1057066,1.29636E+14,68802,728051,0.6887
17-12-2014,M&M,EQ,1227.5,1208.3,1228.8,1200,1216,1219.15,1217.96,1031565,1.25641E+14,52074,710519,0.6888
18-12-2014,M&M,EQ,1219.15,1235,1237,1206.05,1211.2,1212.25,1217.71,889484,1.08313E+14,47611,572183,0.6433
19-12-2014,M&M,EQ,1212.25,1222,1252,1219.35,1226,1222.25,1232.28,717650,8.84344E+13,44467,424099,0.591
22-12-2014,M&M,EQ,1222.25,1225.4,1274.7,1225.4,1274,1265.4,1251.69,469879,5.88142E+13,17026,242561,0.5162
23-12-2014,M&M,EQ,1265.4,1273,1280.95,1252,1265.5,1268.45,1270.44,434148,5.51558E+13,22438,233933,0.5388
24-12-2014,M&M,EQ,1268.45,1266.5,1283.8,1240.6,1249,1251.95,1255.32,1415736,1.77721E+14,21509,829328,0.5858
26-12-2014,M&M,EQ,1251.95,1254.25,1262.4,1235,1251.3,1255.3,1246.63,229661,2.86301E+13,8390,93387,0.4066
29-12-2014,M&M,EQ,1255.3,1254,1271.35,1246.35,1252,1251.6,1257.02,225376,2.83301E+13,13949,71732,0.3183
30-12-2014,M&M,EQ,1251.6,1252.4,1264.8,1250,1258.25,1257.75,1257.31,333826,4.19721E+13,14555,138872,0.416
31-12-2014,M&M,EQ,1257.75,1230.3,1244.8,1227,1235,1234.45,1234.97,647894,8.00131E+13,22904,378126,0.5836
01-01-2015,M&M,EQ,1234.45,1238,1243.8,1230.1,1237,1237.05,1236.29,356669,4.40946E+13,8215,184894,0.5184
02-01-2015,M&M,EQ,1237.05,1230.25,1243.7,1222.5,1223.4,1224.65,1232.51,639928,7.88715E+13,23313,430528,0.6728
05-01-2015,M&M,EQ,1224.65,1220.1,1248,1217,1219,1218.45,1229.19,728354,8.95288E+13,26020,463645,0.6366
06-01-2015,M&M,EQ,1218.45,1215,1224.35,1201,1214.45,1211.65,1212.61,1289557,1.56373E+14,54947,996796,0.773
07-01-2015,M&M,EQ,1211.65,1212,1231.4,1202.5,1227,1224.15,1222.17,1094907,1.33817E+14,53931,884330,0.8077
08-01-2015,M&M,EQ,1224.15,1230,1246.75,1230,1233,1237.6,1239.18,836206,1.03621E+14,40850,586995,0.702
09-01-2015,M&M,EQ,1237.6,1242.8,1246,1225.2,1242,1238.2,1234.9,766147,9.46115E+13,44337,566673,0.7396
12-01-2015,M&M,EQ,1238.2,1234.3,1237.8,1217,1231,1233,1226.69,448842,5.50588E+13,32588,252973,0.5636
13-01-2015,M&M,EQ,1233,1230,1261.1,1230,1248,1248.8,1245.27,739489,9.20862E+13,71896,532029,0.7195
14-01-2015,M&M,EQ,1248.8,1245.3,1262.5,1224.45,1235.15,1236.95,1245.64,1415858,1.76365E+14,28172,1196551,0.8451
15-01-2015,M&M,EQ,1236.95,1259,1294,1253.4,1265,1278.1,1280.01,1429518,1.8298E+14,48566,1069358,0.7481
16-01-2015,M&M,EQ,1278.1,1277,1312.85,1274.55,1310,1304.6,1298.54,1065542,1.38365E+14,40025,721913,0.6775
19-01-2015,M&M,EQ,1304.6,1304.9,1335,1296,1331.5,1332.2,1320.23,681229,8.99379E+13,34765,398769,0.5854
20-01-2015,M&M,EQ,1332.2,1333.2,1339,1315.3,1327,1325.25,1326.05,919145,1.21883E+14,42817,621756,0.6765
21-01-2015,M&M,EQ,1325.25,1338,1340,1315.05,1330,1325.05,1325.43,695980,9.22471E+13,39596,394861,0.5673
22-01-2015,M&M,EQ,1325.05,1325,1336.1,1315,1324.5,1329.95,1325.54,907675,1.20316E+14,46698,614965,0.6775
23-01-2015,M&M,EQ,1329.95,1336,1375.65,1331.3,1356.1,1361.9,1356.01,2281598,3.09388E+14,65283,1707134,0.7482
27-01-2015,M&M,EQ,1361.9,1359.65,1360,1313.1,1320.5,1324.45,1328.02,1191466,1.58229E+14,79991,841067,0.7059
28-01-2015,M&M,EQ,1324.45,1324.45,1334,1303,1314.2,1316.3,1315.76,829956,1.09203E+14,30489,523392,0.6306
29-01-2015,M&M,EQ,1316.3,1316.5,1319.95,1282.4,1290.2,1296.8,1296.24,1476264,1.9136E+14,60368,1154553,0.7821
30-01-2015,M&M,EQ,1296.8,1301,1301.9,1260,1267.35,1265.1,1273.42,814370,1.03704E+14,49399,517849,0.6359
02-02-2015,M&M,EQ,1265.1,1265.3,1284.95,1233.6,1239.35,1241.2,1253.99,727985,9.12884E+13,40071,354322,0.4867
03-02-2015,M&M,EQ,1241.2,1242.1,1248.95,1192.1,1199,1199.2,1210.34,2347208,2.84092E+14,71825,1894596,0.8072
04-02-2015,M&M,EQ,1199.2,1202.9,1219.9,1200,1210,1210.95,1210.49,914484,1.10697E+14,45226,565987,0.6189
05-02-2015,M&M,EQ,1210.95,1211,1215.25,1175.25,1177,1179.7,1185.32,2427429,2.87728E+14,54694,1934336,0.7969
06-02-2015,M&M,EQ,1179.7,1177.1,1180.2,1143,1147.65,1149.75,1154.84,2092051,2.41599E+14,64980,1604988,0.7672
09-02-2015,M&M,EQ,1149.75,1133,1134.4,1106.3,1115.85,1113.4,1120.05,2641555,2.95868E+14,57596,2289532,0.8667
10-02-2015,M&M,EQ,1113.4,1109.1,1152.75,1102,1146,1140.2,1134.49,2008338,2.27844E+14,74037,1365241,0.6798
11-02-2015,M&M,EQ,1140.2,1142.4,1152.75,1123,1132,1133.4,1131.55,1079618,1.22164E+14,30496,723875,0.6705
12-02-2015,M&M,EQ,1133.4,1146.85,1154.4,1131.7,1135,1134.45,1138.02,1132536,1.28885E+14,41878,726322,0.6413
13-02-2015,M&M,EQ,1134.45,1134,1199,1123.6,1191.05,1192.55,1168.54,2994502,3.49918E+14,82282,1014664,0.3388
16-02-2015,M&M,EQ,1192.55,1199.65,1228,1176.6,1210,1210.45,1212.49,2145813,2.60178E+14,59872,1261860,0.5881
18-02-2015,M&M,EQ,1210.45,1212,1242,1208.05,1226.85,1228.2,1232.47,1801590,2.22041E+14,67450,1224359,0.6796
19-02-2015,M&M,EQ,1228.2,1237,1258.95,1221,1258,1249.9,1241.77,1414734,1.75678E+14,62610,857920,0.6064
20-02-2015,M&M,EQ,1249.9,1256.7,1265.45,1242,1249,1252,1254.28,647824,8.12553E+13,23848,303014,0.4677
23-02-2015,M&M,EQ,1252,1255.85,1274.5,1248.05,1265,1261.25,1262.79,1352552,1.708E+14,48984,907104,0.6707
24-02-2015,M&M,EQ,1261.25,1261,1269,1245.35,1259.95,1258.7,1259.28,916729,1.15442E+14,36000,533274,0.5817
25-02-2015,M&M,EQ,1258.7,1260,1281.2,1260,1266.8,1267.1,1272.11,699591,8.89958E+13,35127,360959,0.516
26-02-2015,M&M,EQ,1267.1,1267,1269.95,1244.95,1253.45,1249.6,1253.35,2222753,2.78589E+14,38658,1725755,0.7764
27-02-2015,M&M,EQ,1249.6,1255.9,1288,1250.15,1274.85,1280.5,1277.71,1156764,1.47801E+14,45360,734859,0.6353
28-02-2015,M&M,EQ,1280.5,1287.9,1303,1265,1302.9,1291.95,1285.53,565993,7.27599E+13,18507,149625,0.2644
02-03-2015,M&M,EQ,1291.95,1295.1,1308.8,1258.55,1280,1278.15,1275.34,1379093,1.75881E+14,56182,938792,0.6807
03-03-2015,M&M,EQ,1278.15,1258,1258,1219.55,1230.35,1231.65,1237.89,1316279,1.62941E+14,65007,764319,0.5807
04-03-2015,M&M,EQ,1231.65,1255,1260.65,1205.2,1209.3,1211.1,1234.18,1363853,1.68324E+14,66502,878146,0.6439
05-03-2015,M&M,EQ,1211.1,1219,1233.55,1204,1227.05,1228.65,1219.07,802450,9.78242E+13,31095,505007,0.6293
09-03-2015,M&M,EQ,1228.65,1224,1228.8,1201,1212,1206.8,1213.82,934486,1.13429E+14,53197,649573,0.6951
10-03-2015,M&M,EQ,1206.8,1210.2,1244.5,1210.2,1230.15,1228.25,1229.45,911975,1.12123E+14,38658,566254,0.6209
11-03-2015,M&M,EQ,1228.25,1224.7,1265.5,1218.2,1256.05,1260.3,1248.11,983277,1.22724E+14,34908,653197,0.6643
12-03-2015,M&M,EQ,1260.3,1260.3,1261.25,1233.25,1241,1241.15,1246.2,997882,1.24356E+14,101141,656832,0.6582
13-03-2015,M&M,EQ,1241.15,1253,1253,1220.5,1225.2,1227.75,1232.96,607943,7.49569E+13,43573,367045,0.6037
16-03-2015,M&M,EQ,1227.75,1232,1232,1207.55,1222.25,1219.75,1216.08,565452,6.87637E+13,22414,330453,0.5844
17-03-2015,M&M,EQ,1219.75,1225.25,1238.25,1205.75,1233.55,1232.25,1217.54,2578280,3.13915E+14,37174,2225706,0.8633
18-03-2015,M&M,EQ,1232.25,1230.05,1232.9,1210,1210.05,1215.5,1215.92,582152,7.07851E+13,20272,316615,0.5439
19-03-2015,M&M,EQ,1215.5,1228,1231.85,1201,1203.4,1207.4,1214.49,775065,9.41306E+13,31562,470432,0.607
20-03-2015,M&M,EQ,1207.4,1205,1205,1154.4,1172.15,1165.3,1176.41,1572027,1.84935E+14,56023,1167943,0.743
23-03-2015,M&M,EQ,1165.3,1172.45,1200,1158.25,1182.05,1185.5,1187.51,1235061,1.46665E+14,45836,811027,0.6567
24-03-2015,M&M,EQ,1185.5,1175,1223.35,1174.2,1194.05,1192.05,1200.02,1018767,1.22254E+14,35658,678861,0.6664
25-03-2015,M&M,EQ,1192.05,1192.05,1215,1192.05,1208,1210.35,1209.22,747569,9.03972E+13,34898,478638,0.6403
26-03-2015,M&M,EQ,1210.35,1204.35,1222,1166.85,1194.5,1201.1,1206.16,2690314,3.24494E+14,56321,2066724,0.7682
27-03-2015,M&M,EQ,1201.1,1203.2,1205,1172.3,1191,1188.5,1188.4,790453,9.39375E+13,45160,451433,0.5711
30-03-2015,M&M,EQ,1188.5,1198,1212.4,1183.6,1198.55,1200.3,1197.05,690633,8.26719E+13,45704,397822,0.576
31-03-2015,M&M,EQ,1200.3,1202.5,1210,1180,1184.9,1187.8,1196.95,811454,9.71271E+13,47755,560298,0.6905
01-04-2015,M&M,EQ,1187.8,1188,1208,1178.15,1200.3,1202.1,1195.53,689971,8.24881E+13,38759,312025,0.4522
06-04-2015,M&M,EQ,1202.1,1195.8,1245,1190.8,1235.1,1242.65,1232.77,906887,1.11798E+14,33280,528809,0.5831
07-04-2015,M&M,EQ,1242.65,1243.9,1283.8,1231.55,1276.2,1268.85,1254.81,661041,8.29483E+13,32343,350076,0.5296
08-04-2015,M&M,EQ,1268.85,1275,1281.65,1257.1,1272.9,1274.2,1271.01,527368,6.7029E+13,24023,287884,0.5459
09-04-2015,M&M,EQ,1274.2,1275,1279.85,1261,1275,1274.55,1271.33,606964,7.71649E+13,28147,358213,0.5902
10-04-2015,M&M,EQ,1274.55,1274,1290,1266.05,1281.7,1286.75,1280.81,464277,5.9465E+13,24840,249537,0.5375
13-04-2015,M&M,EQ,1286.75,1282.9,1282.9,1241,1246.45,1247.8,1254.11,786571,9.86448E+13,35475,522634,0.6644
15-04-2015,M&M,EQ,1247.8,1244.1,1246,1203.85,1210,1208.9,1215.36,1824112,2.21695E+14,81509,1396248,0.7654
16-04-2015,M&M,EQ,1208.9,1210.05,1235,1201.25,1225,1228.5,1215.62,1141175,1.38723E+14,38890,759978,0.666
17-04-2015,M&M,EQ,1228.5,1232,1238,1214.15,1223,1224.5,1228.15,457307,5.61641E+13,25591,217267,0.4751
20-04-2015,M&M,EQ,1224.5,1218,1224.5,1182.6,1186,1187.7,1195.54,1682102,2.01102E+14,41423,1309134,0.7783
21-04-2015,M&M,EQ,1187.7,1190,1209.75,1175,1190.45,1190.45,1196.45,562500,6.73004E+13,32658,284531,0.5058
22-04-2015,M&M,EQ,1190.45,1195,1221,1176.45,1209.5,1212.95,1205.29,831218,1.00186E+14,47979,422888,0.5088
23-04-2015,M&M,EQ,1212.95,1221,1221,1183,1200.05,1198.85,1196.55,829409,9.9243E+13,40141,495281,0.5971
24-04-2015,M&M,EQ,1198.85,1197.25,1205,1168,1171.5,1172.1,1173.59,2021195,2.37204E+14,72700,1705421,0.8438
27-04-2015,M&M,EQ,1172.1,1168.05,1182.25,1148.95,1169,1165.95,1163.89,1214861,1.41396E+14,53827,684736,0.5636
28-04-2015,M&M,EQ,1165.95,1166.7,1192,1150,1178.05,1182.2,1170.83,674885,7.90176E+13,31250,308808,0.4576
29-04-2015,M&M,EQ,1182.2,1183,1184.7,1161,1173,1172.65,1170.56,504548,5.90602E+13,27985,286099,0.567
30-04-2015,M&M,EQ,1172.65,1170,1173.95,1137.7,1150,1145,1146,1623642,1.86069E+14,70631,1170615,0.721
04-05-2015,M&M,EQ,1145,1151,1208.95,1151,1206,1202.5,1185.73,808018,9.58087E+13,40949,402232,0.4978
05-05-2015,M&M,EQ,1202.5,1202,1202,1168.45,1176.65,1179.25,1181.91,657591,7.77215E+13,33493,392419,0.5968
06-05-2015,M&M,EQ,1179.25,1179.25,1186,1158.45,1171.7,1163.15,1166.36,1121923,1.30857E+14,58971,773017,0.689
07-05-2015,M&M,EQ,1163.15,1162.65,1178,1144,1171.5,1170.75,1165.3,978891,1.14071E+14,51054,698508,0.7136
08-05-2015,M&M,EQ,1170.75,1176,1208.6,1175,1179,1180.35,1192.64,477450,5.69424E+13,21641,215415,0.4512
11-05-2015,M&M,EQ,1180.35,1183,1210,1183,1197.8,1194.25,1197.16,353530,4.23231E+13,15837,175701,0.497
12-05-2015,M&M,EQ,1194.25,1194.25,1194.25,1170,1176.05,1177.1,1175.42,815000,9.57968E+13,48122,513955,0.6306
13-05-2015,M&M,EQ,1177.1,1189,1227.25,1177.05,1206.1,1206.9,1207.53,1048387,1.26596E+14,54580,696851,0.6647
14-05-2015,M&M,EQ,1206.9,1207.9,1231.4,1195.55,1225,1227.15,1220.22,1061302,1.29503E+14,39204,698911,0.6585
15-05-2015,M&M,EQ,1227.15,1230,1256.2,1227.35,1243.25,1249.05,1246.13,835000,1.04052E+14,48618,484325,0.58
18-05-2015,M&M,EQ,1249.05,1244.95,1268.5,1231.65,1267.85,1263.65,1253.16,471475,5.90833E+13,20621,231750,0.4915
19-05-2015,M&M,EQ,1263.65,1263.65,1277,1244.65,1247,1253.85,1261.37,695006,8.76658E+13,39552,386107,0.5555
20-05-2015,M&M,EQ,1253.85,1253.85,1267.35,1236,1249,1250.75,1252.53,582561,7.29677E+13,24124,300559,0.5159
21-05-2015,M&M,EQ,1250.75,1255,1262.7,1241.55,1244,1248.95,1250.28,646036,8.07725E+13,32372,395118,0.6116
22-05-2015,M&M,EQ,1248.95,1255,1259.7,1243.85,1257.5,1255.65,1254.16,751331,9.42286E+13,61718,544635,0.7249
25-05-2015,M&M,EQ,1255.65,1255.65,1273.45,1248.7,1258.5,1259.9,1264.05,378465,4.784E+13,20248,158459,0.4187
26-05-2015,M&M,EQ,1259.9,1259.9,1272.9,1252,1260.05,1263.05,1264.73,352702,4.46071E+13,28814,146936,0.4166
27-05-2015,M&M,EQ,1263.05,1256,1258.5,1213.95,1219.5,1222.8,1230.53,998786,1.22904E+14,41180,712947,0.7138
28-05-2015,M&M,EQ,1222.8,1223.95,1223.95,1184.05,1202.1,1198.15,1198.25,1189118,1.42487E+14,40745,687064,0.5778
29-05-2015,M&M,EQ,1198.15,1195,1267.75,1169.65,1253.8,1258.1,1240.59,3453656,4.28458E+14,111816,1525179,0.4416
01-06-2015,M&M,EQ,1258.1,1258.1,1270,1240,1259.3,1258.1,1257.87,621123,7.81294E+13,24413,302338,0.4868
02-06-2015,M&M,EQ,1258.1,1258.9,1264.75,1218.9,1223.6,1224.6,1242.16,712824,8.85444E+13,33676,368776,0.5173
03-06-2015,M&M,EQ,1224.6,1226.25,1228.5,1200.1,1203.05,1204.85,1211.57,638284,7.73326E+13,22435,296725,0.4649
04-06-2015,M&M,EQ,1204.85,1207,1217.75,1180.05,1195.9,1195.6,1195.56,584668,6.99008E+13,27039,235169,0.4022
05-06-2015,M&M,EQ,1195.6,1196.25,1230.7,1190.1,1200.8,1205.85,1208.56,655829,7.92611E+13,37856,299227,0.4563
08-06-2015,M&M,EQ,1205.85,1208,1221,1188.65,1206.6,1206.4,1204.56,571281,6.88144E+13,16449,298860,0.5231
09-06-2015,M&M,EQ,1206.4,1206.1,1221.85,1197.5,1197.5,1205.2,1211.1,481034,5.82582E+13,29575,236810,0.4923
10-06-2015,M&M,EQ,1205.2,1202,1230,1200.2,1219.7,1220.5,1217.07,468380,5.70053E+13,26648,248242,0.53
11-06-2015,M&M,EQ,1220.5,1226,1226,1185,1194,1187.6,1198.17,514209,6.16112E+13,28434,260684,0.507
12-06-2015,M&M,EQ,1187.6,1190,1199,1176,1197,1192.95,1186.86,603364,7.16106E+13,38613,381773,0.6327
15-06-2015,M&M,EQ,1192.95,1195,1228.25,1191,1224.9,1220.3,1214.58,717611,8.71597E+13,37420,429463,0.5985
16-06-2015,M&M,EQ,1220.3,1234.95,1239,1217.85,1235.95,1232.95,1227.87,670066,8.22752E+13,31644,377104,0.5628
17-06-2015,M&M,EQ,1232.95,1235.5,1258.95,1223.5,1257,1253.55,1249.38,1195731,1.49392E+14,41895,715723,0.5986
18-06-2015,M&M,EQ,1253.55,1255.15,1267.45,1245.05,1265,1253.95,1253.26,946650,1.1864E+14,50867,591448,0.6248
19-06-2015,M&M,EQ,1253.95,1254,1324.7,1253.6,1302.05,1305.55,1300.03,1883284,2.44833E+14,51252,1142820,0.6068
22-06-2015,M&M,EQ,1305.55,1310,1322.6,1298,1309,1312,1310.76,843120,1.10513E+14,42352,514206,0.6099
23-06-2015,M&M,EQ,1312,1313,1339,1307,1336.85,1336.1,1322.3,578699,7.65215E+13,24531,239077,0.4131
24-06-2015,M&M,EQ,1336.1,1339.95,1341.9,1293.4,1296,1302.35,1313.76,740547,9.72901E+13,40137,429962,0.5806
25-06-2015,M&M,EQ,1302.35,1280.75,1310.7,1277.5,1308,1299.8,1290.37,1236556,1.59561E+14,45168,704409,0.5697
26-06-2015,M&M,EQ,1299.8,1300.1,1317.9,1293,1305.95,1304.1,1309.42,660155,8.64421E+13,21408,320035,0.4848
29-06-2015,M&M,EQ,1304.1,1290,1295,1276.5,1288.4,1284.15,1285.07,643620,8.27098E+13,25254,339274,0.5271
30-06-2015,M&M,EQ,1284.15,1288.15,1289.55,1265.15,1286.45,1282.35,1276.12,1251028,1.59646E+14,37921,891919,0.7129
01-07-2015,M&M,EQ,1282.35,1280,1302,1273.05,1291.4,1288,1288.66,913482,1.17717E+14,37557,554194,0.6067
02-07-2015,M&M,EQ,1288,1292,1324.8,1289.25,1315,1313.45,1312.42,756951,9.93439E+13,39881,410354,0.5421
03-07-2015,M&M,EQ,1313.45,1320,1329.9,1308,1311,1312.65,1319.81,866626,1.14378E+14,33063,587438,0.6778
06-07-2015,M&M,EQ,1312.65,1299,1325.45,1295,1320,1321.75,1313.95,605339,7.95388E+13,19465,362742,0.5992
07-07-2015,M&M,EQ,1321.75,1318,1334,1311,1318,1317.8,1325.75,623290,8.26324E+13,29862,400755,0.643
08-07-2015,M&M,EQ,1317.8,1312,1312.1,1274.5,1279,1279.15,1292.19,1015096,1.31169E+14,48130,768306,0.7569
09-07-2015,M&M,EQ,1279.15,1291.65,1291.65,1261,1262,1264,1274.23,479146,6.10541E+13,29622,322956,0.674
10-07-2015,M&M,EQ,1264,1258,1271.85,1245.35,1249.95,1249.55,1251.01,1802078,2.25441E+14,27300,1539646,0.8544
13-07-2015,M&M,EQ,1249.55,1270,1272,1251.05,1270,1267.6,1264.1,869973,1.09973E+14,31280,616664,0.7088
14-07-2015,M&M,EQ,1267.6,1270,1274,1251,1269.15,1269.95,1264.65,456899,5.77815E+13,22970,225837,0.4943
15-07-2015,M&M,EQ,1269.95,1272,1294,1270.05,1287.95,1288,1285.86,697945,8.9746E+13,27460,388626,0.5568
16-07-2015,M&M,EQ,1288,1278,1289.7,1267.25,1276.8,1276.85,1276.35,822144,1.04934E+14,48069,524121,0.6375
17-07-2015,M&M,EQ,1276.85,1283.9,1301.7,1272,1300.05,1296.6,1288.71,1042657,1.34368E+14,19759,821669,0.7881
20-07-2015,M&M,EQ,1296.6,1305,1317,1292.9,1317,1314.4,1309.89,681909,8.93223E+13,25227,388538,0.5698
21-07-2015,M&M,EQ,1314.4,1316.9,1323,1288.8,1304,1298.6,1305.48,418072,5.45784E+13,31344,236343,0.5653
22-07-2015,M&M,EQ,1298.6,1298.1,1350,1295,1342,1342.25,1335.47,933575,1.24676E+14,33637,559785,0.5996
23-07-2015,M&M,EQ,1342.25,1348,1368,1345.55,1360,1358.9,1358.12,1199878,1.62958E+14,39827,752963,0.6275
24-07-2015,M&M,EQ,1358.9,1362.7,1362.7,1324,1334.2,1329.7,1339.04,359850,4.81855E+13,18825,138393,0.3846
27-07-2015,M&M,EQ,1329.7,1319,1340,1311.1,1322,1315.95,1321.95,450038,5.94929E+13,22091,244902,0.5442
28-07-2015,M&M,EQ,1315.95,1320,1339.5,1306.55,1314.6,1314,1322.19,621267,8.21431E+13,28655,368258,0.5928
29-07-2015,M&M,EQ,1314,1323.9,1327,1300,1315.7,1315.55,1314.63,686078,9.01936E+13,25148,434764,0.6337
30-07-2015,M&M,EQ,1315.55,1325.65,1343.5,1311.2,1323,1317.75,1325.85,684073,9.06976E+13,20863,431722,0.6311
31-07-2015,M&M,EQ,1317.75,1328.6,1382,1323,1358.75,1363.6,1363.48,1254366,1.7103E+14,41402,807534,0.6438
03-08-2015,M&M,EQ,1363.6,1354,1354,1332,1342.5,1337.9,1342,415858,5.58082E+13,22457,189782,0.4564
04-08-2015,M&M,EQ,1337.9,1341.3,1369.9,1336.85,1363.55,1364.3,1352.99,562104,7.6052E+13,30305,266035,0.4733
05-08-2015,M&M,EQ,1364.3,1366,1389.95,1349.65,1386.9,1386.85,1371.29,641134,8.79181E+13,23917,268540,0.4189
06-08-2015,M&M,EQ,1386.85,1386.5,1407.45,1373.7,1394.7,1397.25,1391.64,627709,8.73546E+13,25581,363348,0.5788
07-08-2015,M&M,EQ,1397.25,1395,1442.05,1385,1385.9,1390.3,1411.8,2479435,3.50047E+14,79366,851869,0.3436
10-08-2015,M&M,EQ,1390.3,1380,1394.95,1352,1354,1359.7,1369.26,715811,9.80133E+13,54883,392536,0.5484
11-08-2015,M&M,EQ,1359.7,1362.9,1368.95,1335,1335.5,1339.55,1345.06,743025,9.99416E+13,32076,436840,0.5879
12-08-2015,M&M,EQ,1339.55,1339,1339.5,1295,1300,1299.4,1307.42,757590,9.90485E+13,38496,507326,0.6697
13-08-2015,M&M,EQ,1299.4,1303.1,1348,1301,1346,1339.6,1327.9,767620,1.01932E+14,31491,419470,0.5465
14-08-2015,M&M,EQ,1339.6,1348,1381.8,1345,1375,1378.15,1366.72,733081,1.00192E+14,34845,471893,0.6437
17-08-2015,M&M,EQ,1378.15,1379.9,1379.9,1345.2,1352.1,1351.05,1355.42,395084,5.35505E+13,18131,189278,0.4791
18-08-2015,M&M,EQ,1351.05,1354.1,1371.75,1351.1,1367,1364.95,1364.26,422242,5.76046E+13,21467,182080,0.4312
19-08-2015,M&M,EQ,1364.95,1367,1384.7,1348.7,1369.2,1365.65,1367.37,532601,7.28264E+13,24207,235652,0.4425
20-08-2015,M&M,EQ,1365.65,1370,1375.2,1327.65,1337.25,1334.75,1347.93,703390,9.4812E+13,35392,423768,0.6025
21-08-2015,M&M,EQ,1334.75,1323,1329.8,1288,1323.85,1322.25,1311.4,774385,1.01553E+14,35983,468974,0.6056
24-08-2015,M&M,EQ,1322.25,1284.9,1298,1225,1234,1243.25,1271.22,1039880,1.32191E+14,43749,512638,0.493
25-08-2015,M&M,EQ,1243.25,1250,1273.95,1226,1267,1250.95,1251.25,1066691,1.3347E+14,45087,639553,0.5996
26-08-2015,M&M,EQ,1250.95,1255.15,1262,1205.1,1215,1215.5,1229.18,1000753,1.2301E+14,66162,638355,0.6379
27-08-2015,M&M,EQ,1215.5,1246.7,1247,1215,1229.25,1230.2,1225.36,2432834,2.98109E+14,57125,1840589,0.7566
28-08-2015,M&M,EQ,1230.2,1236.6,1247.05,1219,1230.85,1233.95,1231.68,1997716,2.46054E+14,62037,1231300,0.6164
31-08-2015,M&M,EQ,1233.95,1231,1242,1211.7,1222.75,1220.9,1224.32,1873080,2.29325E+14,56248,1482251,0.7913
01-09-2015,M&M,EQ,1220.9,1207.5,1218.35,1169,1172,1177.2,1193.72,1587332,1.89483E+14,63938,984079,0.62
02-09-2015,M&M,EQ,1177.2,1185,1187.9,1125.5,1140,1134.55,1146.08,2246610,2.57478E+14,98834,1407285,0.6264
03-09-2015,M&M,EQ,1134.55,1143.95,1158,1092.15,1140,1140.65,1142.44,1356360,1.54957E+14,73100,831808,0.6133
04-09-2015,M&M,EQ,1140.65,1138,1141.5,1101,1106,1110.6,1118.19,1494822,1.67149E+14,52206,932850,0.6241
07-09-2015,M&M,EQ,1110.6,1111,1122.4,1092.75,1112,1110.9,1110.39,694713,7.71405E+13,32200,387113,0.5572
08-09-2015,M&M,EQ,1110.9,1111,1162.4,1103,1150.5,1145.9,1130.67,1372571,1.55193E+14,39561,857270,0.6246
09-09-2015,M&M,EQ,1145.9,1165.1,1183.9,1151.2,1172.4,1170.6,1173.08,1566085,1.83714E+14,37090,1173418,0.7493
10-09-2015,M&M,EQ,1170.6,1166,1183.55,1148.1,1180,1170.1,1159.1,712758,8.26157E+13,29259,365221,0.5124
11-09-2015,M&M,EQ,1170.1,1182.9,1194.9,1160.05,1163.8,1166.5,1170.36,811329,9.49546E+13,41855,515824,0.6358
14-09-2015,M&M,EQ,1166.5,1170.6,1179.8,1153.05,1168.6,1172.75,1167.73,719798,8.40528E+13,29525,424090,0.5892
15-09-2015,M&M,EQ,1172.75,1166.1,1171.75,1145.1,1149.1,1151.9,1157.68,734231,8.50007E+13,27984,513762,0.6997
16-09-2015,M&M,EQ,1151.9,1159,1170,1151.05,1164.1,1167.95,1162.3,976692,1.13521E+14,42726,718325,0.7355
18-09-2015,M&M,EQ,1167.95,1175.05,1214.9,1169.75,1187.45,1199.25,1201.34,2634585,3.16503E+14,41296,2164185,0.8215
21-09-2015,M&M,EQ,1199.25,1182,1197.95,1177.05,1190,1185.3,1187.77,1137424,1.351E+14,35478,834539,0.7337
22-09-2015,M&M,EQ,1185.3,1197,1202.4,1178.75,1180.35,1187.4,1195.21,2012836,2.40577E+14,29690,1225288,0.6087
23-09-2015,M&M,EQ,1187.4,1175,1221.5,1173.05,1209.45,1208.25,1201.43,1534462,1.84354E+14,36928,889368,0.5796
24-09-2015,M&M,EQ,1208.25,1205,1233,1197.5,1228.2,1221,1219.86,2145234,2.61688E+14,32606,1013596,0.4725
28-09-2015,M&M,EQ,1221,1224.95,1239.8,1212.85,1218,1221.6,1231.17,844736,1.04001E+14,20944,422779,0.5005
29-09-2015,M&M,EQ,1221.6,1206,1279.1,1201.6,1239.9,1249.7,1242.81,3253031,4.04291E+14,38963,1800969,0.5536
30-09-2015,M&M,EQ,1249.7,1251.1,1268.85,1245.6,1261.25,1263.8,1253.48,2648605,3.31998E+14,51993,1946844,0.735
01-10-2015,M&M,EQ,1263.8,1277,1278,1243.15,1249.55,1250.05,1256.22,1055350,1.32575E+14,29691,617081,0.5847
05-10-2015,M&M,EQ,1250.05,1255.5,1280,1255.5,1274,1270.7,1265.95,1113059,1.40908E+14,36995,687130,0.6173
06-10-2015,M&M,EQ,1270.7,1277,1290,1259.25,1262.2,1264.25,1274.75,1393859,1.77683E+14,29539,981697,0.7043
07-10-2015,M&M,EQ,1264.25,1261.05,1298.95,1260,1289,1287.85,1276.57,713988,9.11453E+13,18638,388355,0.5439
08-10-2015,M&M,EQ,1287.85,1294.45,1294.75,1267.2,1273,1272.65,1274.88,4602726,5.86793E+14,19074,4093374,0.8893
09-10-2015,M&M,EQ,1272.65,1280,1287.6,1266.45,1271.35,1273.35,1274.52,713749,9.0969E+13,14065,488634,0.6846
12-10-2015,M&M,EQ,1273.35,1270.15,1282.5,1260,1274.4,1274.9,1274.83,748170,9.53791E+13,9632,583681,0.7801
13-10-2015,M&M,EQ,1274.9,1272.1,1290,1270,1283,1282.95,1275.93,1426492,1.82011E+14,22418,1060671,0.7436
14-10-2015,M&M,EQ,1282.95,1282.95,1290,1273,1289,1288.1,1282.45,283592,3.63691E+13,10788,140795,0.4965
15-10-2015,M&M,EQ,1288.1,1292,1301.4,1267.3,1274.25,1274.85,1282.17,1074246,1.37737E+14,23580,776311,0.7227
16-10-2015,M&M,EQ,1274.85,1278,1294.95,1268.25,1289.65,1288.85,1277.53,739412,9.44624E+13,14514,344349,0.4657
19-10-2015,M&M,EQ,1288.85,1290,1299.9,1275.95,1279.6,1281.25,1284.79,823121,1.05754E+14,22648,396902,0.4822
20-10-2015,M&M,EQ,1281.25,1282,1284,1247.05,1248,1250.65,1267.99,1508440,1.91268E+14,29296,1055294,0.6996
21-10-2015,M&M,EQ,1250.65,1247.95,1263.8,1232,1263.45,1256.65,1246.92,751078,9.36537E+13,24253,418107,0.5567
23-10-2015,M&M,EQ,1256.65,1266.6,1279.95,1240.4,1250.4,1246.65,1262.35,814591,1.02829E+14,44478,561305,0.6891
26-10-2015,M&M,EQ,1246.65,1250,1259.9,1236.65,1246.3,1245.3,1246.77,582624,7.26399E+13,29269,358860,0.6159
27-10-2015,M&M,EQ,1245.3,1242,1260.35,1233.3,1250.2,1250.05,1243.54,812411,1.01027E+14,46298,531547,0.6543
28-10-2015,M&M,EQ,1250.05,1242,1253.2,1220.2,1232,1226.9,1242.67,1941670,2.41285E+14,45303,1592105,0.82
29-10-2015,M&M,EQ,1226.9,1228,1237,1214,1224.4,1227.8,1223.85,1193874,1.46112E+14,49954,876137,0.7339
30-10-2015,M&M,EQ,1227.8,1222.5,1226.85,1173.3,1180,1183.6,1197.3,966636,1.15735E+14,58247,651818,0.6743
02-11-2015,M&M,EQ,1183.6,1200.05,1236.5,1200.05,1204.4,1208.85,1216.38,1288427,1.56722E+14,77563,794223,0.6164
03-11-2015,M&M,EQ,1208.85,1211.9,1235.5,1210.5,1230,1232.95,1227.33,655515,8.04536E+13,40372,382980,0.5842
04-11-2015,M&M,EQ,1232.95,1232.95,1259.5,1232.95,1251,1254.3,1250.62,454140,5.67957E+13,28443,193741,0.4266
05-11-2015,M&M,EQ,1254.3,1251,1269.75,1245.6,1255.95,1259.75,1257.97,867254,1.09098E+14,27794,597279,0.6887
06-11-2015,M&M,EQ,1259.75,1255,1269,1213,1256.5,1249.55,1240.69,1164377,1.44463E+14,37337,349476,0.3001
09-11-2015,M&M,EQ,1249.55,1221,1265,1214.55,1254,1249.1,1238.41,574971,7.12051E+13,27022,303815,0.5284
10-11-2015,M&M,EQ,1249.1,1247.1,1268,1235.5,1263,1261.15,1257.21,602837,7.57893E+13,31912,340040,0.5641
11-11-2015,M&M,EQ,1261.15,1265.15,1274.85,1260,1263.8,1264.25,1266.45,44464,5.63116E+12,1979,18322,0.4121
13-11-2015,M&M,EQ,1264.25,1245.4,1259.5,1242.7,1248.25,1251.4,1251.46,1639510,2.05178E+14,26319,1409483,0.8597
16-11-2015,M&M,EQ,1251.4,1250,1288.65,1238.2,1282.75,1277.9,1267.56,2026549,2.56877E+14,40512,1586511,0.7829
17-11-2015,M&M,EQ,1277.9,1279,1298,1269.5,1288,1288.8,1279.36,1508800,1.9303E+14,32036,1104037,0.7317
18-11-2015,M&M,EQ,1288.8,1285,1304,1274.3,1281,1278.3,1289.95,691702,8.92264E+13,22617,323888,0.4682
19-11-2015,M&M,EQ,1278.3,1285.1,1297.95,1275.15,1295.5,1292.1,1288.91,460811,5.93946E+13,18937,234871,0.5097
20-11-2015,M&M,EQ,1292.1,1292.1,1325,1291.3,1312.45,1315.25,1317.05,1984836,2.61414E+14,22585,952561,0.4799
23-11-2015,M&M,EQ,1315.25,1315.25,1334.3,1307.2,1322,1323.5,1320.84,913158,1.20614E+14,31874,551120,0.6035
24-11-2015,M&M,EQ,1323.5,1323.5,1325.95,1311.8,1316.1,1319.55,1320.17,1241101,1.63846E+14,20117,922744,0.7435
26-11-2015,M&M,EQ,1319.55,1324.95,1353.95,1317,1347.75,1346.25,1332.49,909430,1.2118E+14,36846,621540,0.6834
27-11-2015,M&M,EQ,1346.25,1356,1372,1349.4,1359,1351.2,1363.59,1637675,2.23312E+14,30496,796811,0.4866
30-11-2015,M&M,EQ,1351.2,1353,1369.8,1351.7,1367.5,1365.5,1363.47,2442043,3.32966E+14,44447,1617016,0.6622
01-12-2015,M&M,EQ,1365.5,1370,1381.5,1356.5,1372,1368.9,1368.86,1183173,1.6196E+14,44137,777001,0.6567
02-12-2015,M&M,EQ,1368.9,1375,1376.95,1363.5,1370,1370.45,1371.28,1016020,1.39325E+14,12463,731206,0.7197
03-12-2015,M&M,EQ,1370.45,1368.5,1368.75,1340.6,1346.4,1345.7,1350.06,564834,7.62559E+13,26296,381036,0.6746
04-12-2015,M&M,EQ,1345.7,1335.6,1343.2,1312.25,1314.1,1315.3,1319.76,783653,1.03423E+14,30508,485177,0.6191
07-12-2015,M&M,EQ,1315.3,1318.5,1331.4,1307.7,1323.35,1323.7,1322.52,563422,7.45136E+13,30211,368881,0.6547
08-12-2015,M&M,EQ,1323.7,1320,1332.85,1302.1,1305.5,1314.25,1321.89,926809,1.22514E+14,47811,533140,0.5752
09-12-2015,M&M,EQ,1314.25,1313,1328.8,1306.15,1312.8,1312.1,1321.3,1124326,1.48557E+14,40906,674961,0.6003
10-12-2015,M&M,EQ,1312.1,1314,1319.75,1284,1292.45,1290.7,1294.07,747329,9.67094E+13,40412,487041,0.6517
11-12-2015,M&M,EQ,1290.7,1286,1295.9,1244,1264.9,1261.9,1271.18,646040,8.21234E+13,57852,271828,0.4208
14-12-2015,M&M,EQ,1261.9,1231.1,1296.3,1228.5,1293.7,1284.8,1256.71,1380806,1.73527E+14,34096,619227,0.4485
15-12-2015,M&M,EQ,1284.8,1295,1304.45,1278.15,1285.3,1289.05,1292.51,776403,1.00351E+14,38420,354271,0.4563
16-12-2015,M&M,EQ,1289.05,1255.25,1255.25,1208.5,1221,1218.05,1226.12,3341245,4.09678E+14,102916,967411,0.2895
17-12-2015,M&M,EQ,1218.05,1215,1254.3,1195.5,1250,1247.55,1222,2498416,3.05306E+14,84707,729447,0.292
18-12-2015,M&M,EQ,1247.55,1245.05,1258.45,1235.05,1248,1243.3,1245.87,1370487,1.70745E+14,42221,629560,0.4594
21-12-2015,M&M,EQ,1243.3,1240,1284,1240,1278,1278.85,1271.98,938228,1.19341E+14,29416,356462,0.3799
22-12-2015,M&M,EQ,1278.85,1276.85,1276.85,1253.15,1253.15,1256.55,1261.73,611139,7.71095E+13,24813,288745,0.4725
23-12-2015,M&M,EQ,1256.55,1260.5,1270.2,1247.25,1249.15,1251.85,1255.9,501318,6.29605E+13,17149,219834,0.4385
24-12-2015,M&M,EQ,1251.85,1252.25,1271,1252.25,1256,1257.75,1261.08,346531,4.37003E+13,11697,77296,0.2231
28-12-2015,M&M,EQ,1257.75,1260,1266.1,1245,1248.7,1249.4,1252.65,616143,7.71811E+13,23014,369534,0.5998
29-12-2015,M&M,EQ,1249.4,1250,1269.9,1250,1265.2,1264.6,1262.78,431005,5.44264E+13,15306,186829,0.4335
30-12-2015,M&M,EQ,1264.6,1265.05,1274.9,1259.05,1265.75,1263,1266.96,470475,5.96073E+13,18134,214566,0.4561
31-12-2015,M&M,EQ,1263,1259,1277.85,1255.3,1265,1272.35,1267.88,581850,7.37718E+13,14536,345434,0.5937
01-01-2016,M&M,EQ,1272.35,1271.95,1279.45,1260,1261.9,1265.35,1271.91,243409,3.09593E+13,9175,43459,0.1785
04-01-2016,M&M,EQ,1265.35,1263,1263,1239.7,1243,1242.5,1247.24,363684,4.536E+13,17033,147740,0.4062
05-01-2016,M&M,EQ,1242.5,1246,1271.9,1239.7,1244.3,1249.2,1254.4,733033,9.19518E+13,35953,302361,0.4125
06-01-2016,M&M,EQ,1249.2,1240.1,1248.2,1220,1220,1226.15,1235.48,589075,7.27792E+13,32114,318506,0.5407
07-01-2016,M&M,EQ,1226.15,1219,1219.05,1175,1192,1197.45,1193.08,977377,1.16609E+14,35705,457339,0.4679
08-01-2016,M&M,EQ,1197.45,1199,1208.35,1191.7,1202,1198,1199.75,1765496,2.11815E+14,33522,1463504,0.8289
11-01-2016,M&M,EQ,1198,1188,1188,1154.1,1159.15,1162.6,1169.45,1131875,1.32367E+14,41374,786274,0.6947
12-01-2016,M&M,EQ,1162.6,1164,1186.95,1156.05,1182.45,1181.9,1174.38,581261,6.82624E+13,26730,300763,0.5174
13-01-2016,M&M,EQ,1181.9,1187.1,1214.45,1176.9,1200.2,1205.05,1199.55,826259,9.91136E+13,38449,400431,0.4846
14-01-2016,M&M,EQ,1205.05,1193.1,1199.8,1152.6,1195.15,1188.55,1186.77,810041,9.6133E+13,30697,527403,0.6511
15-01-2016,M&M,EQ,1188.55,1198,1199.55,1170,1171.1,1177.2,1182.69,462914,5.47484E+13,20398,218532,0.4721
18-01-2016,M&M,EQ,1177.2,1173.7,1187.1,1156.15,1161.9,1165.65,1168.24,614447,7.17821E+13,23896,289636,0.4714
19-01-2016,M&M,EQ,1165.65,1166.8,1166.8,1133.55,1151,1152.5,1153.42,1006000,1.16034E+14,70559,642891,0.6391
20-01-2016,M&M,EQ,1152.5,1138,1160.6,1101,1140.55,1150.75,1137.69,1308420,1.48858E+14,39873,724526,0.5537
21-01-2016,M&M,EQ,1150.75,1155,1163.4,1132.2,1139.7,1138.7,1139.95,817263,9.31641E+13,45494,499318,0.611
22-01-2016,M&M,EQ,1138.7,1142.5,1205,1140.85,1200.5,1198.9,1183.27,752594,8.90521E+13,28376,387063,0.5143
25-01-2016,M&M,EQ,1198.9,1206,1218.05,1174.2,1181.95,1178.3,1194.74,825020,9.85683E+13,44094,404503,0.4903
27-01-2016,M&M,EQ,1178.3,1179.4,1197.8,1150.2,1173,1176.7,1178.6,1058358,1.24739E+14,30325,697500,0.659
28-01-2016,M&M,EQ,1176.7,1177.5,1213.35,1177.5,1201.35,1204.15,1200.41,673808,8.08844E+13,24015,301045,0.4468
29-01-2016,M&M,EQ,1204.15,1212,1240,1202.3,1230.55,1233.25,1229.12,1017079,1.25011E+14,39973,607968,0.5978
01-02-2016,M&M,EQ,1233.25,1226,1238.4,1207.85,1228.15,1226.35,1227.55,513986,6.30941E+13,32087,185495,0.3609
02-02-2016,M&M,EQ,1226.35,1227.95,1241.3,1200,1200,1206.65,1225.37,516447,6.3284E+13,23403,267807,0.5186
03-02-2016,M&M,EQ,1206.65,1194.8,1228,1190,1200,1203,1209.43,521244,6.30408E+13,20183,262274,0.5032
04-02-2016,M&M,EQ,1203,1208,1221.9,1189,1200.3,1204.5,1209.28,443944,5.36852E+13,22867,187196,0.4217
05-02-2016,M&M,EQ,1204.5,1204,1223.3,1194.65,1220,1219.5,1208.85,645003,7.79714E+13,30928,344447,0.534
08-02-2016,M&M,EQ,1219.5,1228,1237.7,1193.9,1196.85,1201.75,1222.11,521327,6.3712E+13,22201,215704,0.4138
09-02-2016,M&M,EQ,1201.75,1191,1216.8,1178,1182.3,1183.2,1195.41,379697,4.53892E+13,17329,135449,0.3567
10-02-2016,M&M,EQ,1183.2,1180,1201.95,1161.45,1178.1,1182.3,1177.96,616640,7.26375E+13,25733,239602,0.3886
11-02-2016,M&M,EQ,1182.3,1177,1181,1117.95,1125,1126.6,1147.18,691493,7.93265E+13,27082,347874,0.5031
12-02-2016,M&M,EQ,1126.6,1126.5,1178.55,1091.25,1167.55,1165.25,1129.81,2466984,2.78722E+14,95522,688534,0.2791
15-02-2016,M&M,EQ,1165.25,1163,1230.95,1161.6,1230,1226.8,1209.22,746837,9.03094E+13,32773,328604,0.44
16-02-2016,M&M,EQ,1226.8,1229,1240.4,1200.15,1210,1206.05,1214.76,599372,7.28094E+13,24033,259914,0.4336
17-02-2016,M&M,EQ,1206.05,1208,1208,1185.5,1201,1200.4,1197.6,539755,6.4641E+13,25285,250619,0.4643
18-02-2016,M&M,EQ,1200.4,1212.5,1222.95,1188.35,1217,1213.6,1206.85,703405,8.48905E+13,20816,370143,0.5262
19-02-2016,M&M,EQ,1213.6,1210,1248.8,1201.45,1226.6,1230.25,1234.75,680669,8.40458E+13,31847,314097,0.4615
22-02-2016,M&M,EQ,1230.25,1232,1249,1231.8,1237.5,1237.05,1240.13,550750,6.83001E+13,27009,289892,0.5264
23-02-2016,M&M,EQ,1237.05,1237,1241.1,1203.7,1204.65,1208.7,1223.34,854753,1.04566E+14,44422,615809,0.7205
24-02-2016,M&M,EQ,1208.7,1200,1224,1194.7,1218,1218.6,1213.59,642074,7.79214E+13,27979,393862,0.6134
25-02-2016,M&M,EQ,1218.6,1217.25,1242.65,1217.05,1234.4,1229.05,1227.88,1292553,1.5871E+14,30853,1003437,0.7763
26-02-2016,M&M,EQ,1229.05,1238,1247.85,1227.95,1229,1230.05,1235.75,888921,1.09849E+14,34315,587062,0.6604
29-02-2016,M&M,EQ,1230.05,1224.2,1269,1215.05,1230,1228.1,1239.12,1713933,2.12376E+14,51537,928714,0.5419
01-03-2016,M&M,EQ,1228.1,1217.25,1279.7,1208.1,1260.4,1268.1,1254.62,1585994,1.98982E+14,41923,961267,0.6061
02-03-2016,M&M,EQ,1268.1,1270,1270,1189.65,1201,1199.15,1220.56,2487883,3.0366E+14,100146,1308897,0.5261
03-03-2016,M&M,EQ,1199.15,1212,1228.3,1200.35,1215,1215.35,1218.52,1064441,1.29704E+14,48333,529507,0.4975
04-03-2016,M&M,EQ,1215.35,1215,1229,1210.55,1217,1216.35,1218.75,701406,8.54839E+13,22898,412180,0.5876
08-03-2016,M&M,EQ,1216.35,1225,1234,1214.95,1215.85,1219.4,1222.21,729909,8.92099E+13,37865,460669,0.6311
09-03-2016,M&M,EQ,1219.4,1214.9,1238,1211.2,1235.5,1235.55,1227.89,881134,1.08194E+14,27652,576117,0.6538
10-03-2016,M&M,EQ,1235.55,1232,1247.4,1221,1224.3,1226.35,1231.19,658279,8.10466E+13,32010,408900,0.6212
11-03-2016,M&M,EQ,1226.35,1218.6,1235.65,1216,1218.9,1220.5,1223.47,676925,8.28199E+13,33789,430098,0.6354
14-03-2016,M&M,EQ,1220.5,1230,1235.95,1205,1207.8,1212.05,1217.5,712860,8.67904E+13,40099,449637,0.6308
15-03-2016,M&M,EQ,1212.05,1214.9,1217.25,1197.6,1209,1205.05,1204.95,640507,7.71781E+13,37671,384927,0.601
16-03-2016,M&M,EQ,1205.05,1204.9,1215,1184,1211.6,1212.1,1198.68,485495,5.81951E+13,25842,206086,0.4245
17-03-2016,M&M,EQ,1212.1,1219.1,1225,1190,1194.9,1198.45,1210.72,657864,7.96492E+13,38316,383544,0.583
18-03-2016,M&M,EQ,1198.45,1200.1,1227.2,1195,1222.5,1222.55,1216.74,834726,1.01565E+14,29058,594667,0.7124
21-03-2016,M&M,EQ,1222.55,1229,1230,1216.15,1226,1227.95,1225.62,493453,6.04786E+13,22742,328172,0.6651
22-03-2016,M&M,EQ,1227.95,1230,1265.85,1222,1251.75,1253.15,1252.27,963967,1.20715E+14,36654,632249,0.6559
23-03-2016,M&M,EQ,1253.15,1255,1261.8,1242.3,1243.25,1249.35,1250.65,795657,9.95089E+13,26347,500023,0.6284
28-03-2016,M&M,EQ,1249.35,1262,1266,1237.3,1238.05,1243.85,1249.9,1167776,1.4596E+14,43289,790170,0.6766
29-03-2016,M&M,EQ,1243.85,1240.2,1253.2,1227.35,1231,1232.25,1239.83,971179,1.2041E+14,36234,646227,0.6654
30-03-2016,M&M,EQ,1232.25,1244,1248.85,1215.7,1218,1219.75,1225.69,1828226,2.24084E+14,46535,1275872,0.6979
31-03-2016,M&M,EQ,1219.75,1219,1226.8,1204,1209,1210.7,1212.39,2567673,3.11302E+14,52399,1611242,0.6275
01-04-2016,M&M,EQ,1210.7,1206.7,1207.4,1188,1192.8,1195.2,1193.46,2491811,2.97388E+14,48050,1625841,0.6525
04-04-2016,M&M,EQ,1195.2,1197.45,1249.4,1186.7,1242.5,1245.9,1218.57,1449113,1.76585E+14,40620,747595,0.5159
05-04-2016,M&M,EQ,1245.9,1245.9,1247.75,1214.2,1215.9,1215.7,1229.21,490961,6.03493E+13,27444,212114,0.432
06-04-2016,M&M,EQ,1215.7,1220,1236.9,1214.6,1219.5,1220.35,1223.28,626584,7.66489E+13,28393,333770,0.5327
07-04-2016,M&M,EQ,1220.35,1224.9,1234,1209,1211.95,1212.65,1221.46,412031,5.0328E+13,23020,176530,0.4284
08-04-2016,M&M,EQ,1212.65,1214.9,1238.6,1208.7,1235.9,1232.25,1225.75,485547,5.95158E+13,18109,214915,0.4426
11-04-2016,M&M,EQ,1232.25,1238.9,1239.4,1210.05,1236,1236,1225.21,499234,6.11665E+13,17909,266318,0.5335
12-04-2016,M&M,EQ,1236,1237,1248.8,1229.1,1243,1239.95,1238.56,1063980,1.3178E+14,32446,579710,0.5449
13-04-2016,M&M,EQ,1239.95,1254,1349.75,1251.1,1331,1332.45,1323.55,2977581,3.94097E+14,80856,1295448,0.4351
18-04-2016,M&M,EQ,1332.45,1330,1354.7,1316.1,1337.45,1340.65,1341.16,1723300,2.31122E+14,68539,1055671,0.6126
20-04-2016,M&M,EQ,1340.65,1344.95,1344.95,1304.3,1321.1,1326.05,1318.21,1771438,2.33513E+14,75097,1069709,0.6039
21-04-2016,M&M,EQ,1326.05,1334.95,1338.35,1302.15,1309,1308.65,1316.13,846661,1.11431E+14,34360,471320,0.5567
22-04-2016,M&M,EQ,1308.65,1310,1335.1,1302.65,1325.5,1326,1323.13,710672,9.40311E+13,21997,305976,0.4305
25-04-2016,M&M,EQ,1326,1325.3,1333.95,1317.25,1330.3,1326.5,1325.63,605901,8.03201E+13,24204,309438,0.5107
26-04-2016,M&M,EQ,1326.5,1334,1366,1328.15,1350,1353.85,1351.64,1217835,1.64607E+14,34946,675678,0.5548
27-04-2016,M&M,EQ,1353.85,1354,1389.35,1349.2,1385.05,1384.75,1369.9,835598,1.14468E+14,24239,377246,0.4515
28-04-2016,M&M,EQ,1384.75,1389.35,1397,1341,1344.75,1344.5,1355.28,1998593,2.70865E+14,52743,1102074,0.5514
29-04-2016,M&M,EQ,1344.5,1344,1345.65,1318.3,1330.5,1330.95,1331.45,903049,1.20236E+14,43197,465560,0.5155
02-05-2016,M&M,EQ,1330.95,1319,1345,1313.2,1335,1336.55,1333.37,602379,8.03194E+13,33510,283758,0.4711
03-05-2016,M&M,EQ,1336.55,1337,1352.3,1316,1327,1325.85,1336.76,958318,1.28104E+14,59186,482204,0.5032
04-05-2016,M&M,EQ,1325.85,1325.9,1329.9,1306,1318.7,1321,1319.59,522392,6.89342E+13,19411,209407,0.4009
05-05-2016,M&M,EQ,1321,1325,1331,1306.25,1319.25,1320.85,1318.01,671770,8.85397E+13,26294,358641,0.5339
06-05-2016,M&M,EQ,1320.85,1311.7,1334,1306.5,1333.5,1330.8,1322.38,546153,7.22219E+13,17332,264652,0.4846
09-05-2016,M&M,EQ,1330.8,1331,1356.5,1330.9,1347.2,1349.6,1350.27,945585,1.27679E+14,24489,674633,0.7135
10-05-2016,M&M,EQ,1349.6,1347.5,1354.95,1332,1349.5,1349.9,1345.53,673129,9.05716E+13,34467,434313,0.6452
11-05-2016,M&M,EQ,1349.9,1338,1351,1312.15,1349.5,1348.2,1343.96,1207165,1.62238E+14,59592,771169,0.6388
12-05-2016,M&M,EQ,1348.2,1358.35,1363.2,1331.25,1331.75,1334.4,1345.24,643801,8.66067E+13,31383,296774,0.461
13-05-2016,M&M,EQ,1334.4,1331,1331.6,1302,1312,1312.75,1312.48,603585,7.92192E+13,23917,261341,0.433
16-05-2016,M&M,EQ,1312.75,1320,1320,1305.5,1316,1316.3,1313.25,562282,7.38419E+13,17311,301336,0.5359
17-05-2016,M&M,EQ,1316.3,1323,1351.4,1318.5,1339.25,1341.95,1338.56,934914,1.25144E+14,26174,553522,0.5921
18-05-2016,M&M,EQ,1341.95,1334.9,1334.9,1312.5,1322.5,1326,1326.98,839532,1.11404E+14,29422,546916,0.6515
19-05-2016,M&M,EQ,1326,1326,1329.3,1305.5,1305.5,1311.05,1320.82,655804,8.66202E+13,12946,482707,0.7361
20-05-2016,M&M,EQ,1311.05,1312.8,1322.05,1288.3,1296.95,1293.1,1310.25,779047,1.02074E+14,18111,600830,0.7712
23-05-2016,M&M,EQ,1293.1,1301,1301.05,1280.15,1286,1284.95,1290.47,366074,4.72409E+13,15197,141349,0.3861
24-05-2016,M&M,EQ,1284.95,1271.75,1302.9,1259.25,1289,1294.8,1288.19,695522,8.95968E+13,42885,296812,0.4267
25-05-2016,M&M,EQ,1294.8,1301.9,1318,1300,1314,1311.75,1309.66,877614,1.14937E+14,17550,565529,0.6444
26-05-2016,M&M,EQ,1311.75,1317.95,1349.95,1306,1337.3,1339.1,1331.92,1406410,1.87322E+14,54701,1009881,0.7181
27-05-2016,M&M,EQ,1339.1,1339,1362,1327.55,1334,1333.7,1341.36,736776,9.88279E+13,37409,350616,0.4759
30-05-2016,M&M,EQ,1333.7,1334,1351.7,1312.8,1329.6,1330.85,1333.53,2412447,3.21706E+14,72987,715088,0.2964
31-05-2016,M&M,EQ,1330.85,1334.7,1345.3,1314.25,1324,1322.3,1324.18,1478893,1.95832E+14,49885,1068127,0.7222
01-06-2016,M&M,EQ,1322.3,1329,1349,1326.25,1333.5,1333.75,1337.82,945217,1.26453E+14,34649,447706,0.4737
02-06-2016,M&M,EQ,1333.75,1342,1345.85,1330.6,1332,1333.25,1335.9,761985,1.01794E+14,35337,518546,0.6805
03-06-2016,M&M,EQ,1333.25,1345,1358.6,1342.75,1353,1354.2,1351.85,1688254,2.28227E+14,42915,1214951,0.7196
06-06-2016,M&M,EQ,1354.2,1362.5,1386.6,1361.05,1369.5,1369.7,1375.65,1217362,1.67467E+14,47351,752028,0.6178
07-06-2016,M&M,EQ,1369.7,1375,1386.95,1373,1378.5,1377.95,1379.52,1764547,2.43422E+14,46567,1411399,0.7999
08-06-2016,M&M,EQ,1377.95,1379.95,1398,1379.95,1383,1386.3,1387.61,1133281,1.57255E+14,39737,793596,0.7003
09-06-2016,M&M,EQ,1386.3,1383,1393.2,1365.2,1367.1,1373.4,1382.54,693334,9.58564E+13,23352,403025,0.5813
10-06-2016,M&M,EQ,1373.4,1368.75,1404.9,1363.55,1375.2,1375.85,1390.49,1417540,1.97108E+14,45684,856756,0.6044
13-06-2016,M&M,EQ,1375.85,1358.25,1376.5,1335.25,1352,1357.35,1361.39,1190433,1.62065E+14,50656,684858,0.5753
14-06-2016,M&M,EQ,1357.35,1361,1366.85,1349.1,1353.5,1355.6,1357.32,587453,7.9736E+13,25209,391607,0.6666
15-06-2016,M&M,EQ,1355.6,1358,1368.8,1350.2,1353.4,1355.55,1355.91,682796,9.25808E+13,18907,489270,0.7166
16-06-2016,M&M,EQ,1355.55,1357,1364.2,1339.2,1342,1343.95,1345.28,999467,1.34456E+14,25791,647558,0.6479
17-06-2016,M&M,EQ,1343.95,1350.3,1359.8,1339.2,1344.05,1344,1349.18,965815,1.30306E+14,58809,719693,0.7452
20-06-2016,M&M,EQ,1344,1340.05,1354,1330.05,1349.15,1350.85,1349.58,1072024,1.44678E+14,46347,779727,0.7273
21-06-2016,M&M,EQ,1350.85,1354.8,1371.6,1354.8,1366,1366.85,1366.51,993252,1.35729E+14,28971,607825,0.612
22-06-2016,M&M,EQ,1366.85,1365.8,1380.75,1349.1,1358,1359.5,1366.2,609326,8.32461E+13,19064,359690,0.5903
23-06-2016,M&M,EQ,1359.5,1362.85,1380.05,1358.5,1375,1374.75,1367.21,999417,1.36641E+14,56825,714096,0.7145
24-06-2016,M&M,EQ,1374.75,1338,1397.8,1315,1383,1388.9,1353.49,1384474,1.87387E+14,53629,653769,0.4722
27-06-2016,M&M,EQ,1388.9,1395.15,1401.3,1378,1388,1391.8,1391.51,873248,1.21513E+14,39710,508851,0.5827
28-06-2016,M&M,EQ,1391.8,1390.1,1414,1386.9,1409.1,1408.6,1397.65,1005490,1.40532E+14,56614,585610,0.5824
29-06-2016,M&M,EQ,1408.6,1414.5,1425.85,1408,1418.05,1417.75,1417.94,1055961,1.49729E+14,50741,677315,0.6414
30-06-2016,M&M,EQ,1417.75,1431,1437,1415.5,1428,1429.95,1428.62,2347089,3.3531E+14,73585,1686579,0.7186
01-07-2016,M&M,EQ,1429.95,1433,1474.9,1432.5,1461,1463.1,1451.28,1164931,1.69064E+14,41909,520040,0.4464
04-07-2016,M&M,EQ,1463.1,1472.7,1477.45,1452.45,1463.5,1465.4,1464.95,864248,1.26608E+14,27700,521909,0.6039
05-07-2016,M&M,EQ,1465.4,1472.7,1484,1455.3,1455.3,1459.7,1464.47,485055,7.1035E+13,21099,218530,0.4505
07-07-2016,M&M,EQ,1459.7,1455,1469.7,1450,1454,1456.8,1459.68,798891,1.16612E+14,33892,583731,0.7307
08-07-2016,M&M,EQ,1456.8,1455.9,1465.5,1447.05,1454,1453.45,1456.15,714249,1.04006E+14,40174,448608,0.6281
11-07-2016,M&M,EQ,1453.45,1467.95,1479.6,1461,1468.5,1471.95,1470.72,658300,9.68177E+13,31700,459245,0.6976
12-07-2016,M&M,EQ,1471.95,1473.25,1480.3,1470.05,1473.9,1475.15,1475.01,470474,6.93953E+13,37132,300551,0.6388
13-07-2016,M&M,EQ,1475.15,1474,1480,1460.25,1461.7,1464.45,1470.83,752671,1.10705E+14,36621,528291,0.7019
14-07-2016,M&M,EQ,1464.45,1455.55,1461.05,1429.65,1447.65,1447.25,1443.73,916311,1.32291E+14,24041,669322,0.7305
15-07-2016,M&M,EQ,1447.25,1457.9,1485.2,1449.1,1463,1464.8,1470.93,1260576,1.85422E+14,48521,846421,0.6715
18-07-2016,M&M,EQ,1464.8,1470,1481.7,1463.5,1468,1468.7,1470.84,737252,1.08438E+14,33518,485408,0.6584
19-07-2016,M&M,EQ,1468.7,1468.2,1475,1443.2,1462,1456.6,1453.4,696059,1.01165E+14,34752,496077,0.7127
20-07-2016,M&M,EQ,1456.6,1464,1471.75,1458.1,1461.2,1461.4,1463.95,722534,1.05775E+14,23645,580888,0.804
21-07-2016,M&M,EQ,1461.4,1452,1455.9,1429.05,1436.1,1434.85,1442.78,1245976,1.79767E+14,39540,996496,0.7998
22-07-2016,M&M,EQ,1434.85,1437,1446.65,1436.6,1439,1440.55,1443.06,1016863,1.4674E+14,16098,851126,0.837
25-07-2016,M&M,EQ,1440.55,1440,1468.4,1438.25,1463.5,1463.65,1452.32,959806,1.39395E+14,27007,725221,0.7556
26-07-2016,M&M,EQ,1463.65,1468,1469.7,1444.2,1446.6,1448.95,1463.48,1002274,1.46681E+14,29840,718935,0.7173
27-07-2016,M&M,EQ,1448.95,1450.55,1463.85,1436,1450,1453.8,1452.45,671284,9.75006E+13,32846,479837,0.7148
28-07-2016,M&M,EQ,1453.8,1463,1463,1446.15,1448.05,1452.5,1455.54,1529796,2.22668E+14,35347,1074571,0.7024
29-07-2016,M&M,EQ,1452.5,1454,1479.9,1452.5,1467.05,1466.75,1469.3,1892251,2.78028E+14,39029,1498514,0.7919
01-08-2016,M&M,EQ,1466.75,1472.9,1493.75,1456.05,1472,1470.15,1477.93,1278011,1.88881E+14,29982,795468,0.6224
02-08-2016,M&M,EQ,1470.15,1480,1488.7,1451.9,1454.05,1457.95,1472.37,749424,1.10343E+14,33130,429180,0.5727
03-08-2016,M&M,EQ,1457.95,1461.7,1469.9,1440.6,1444,1446.5,1453.13,672513,9.7725E+13,21484,398082,0.5919
04-08-2016,M&M,EQ,1446.5,1459.8,1464.8,1431.1,1439.05,1435.7,1442.96,680897,9.82504E+13,25357,407755,0.5988
05-08-2016,M&M,EQ,1435.7,1444.5,1490,1444,1487.1,1484,1465.34,935388,1.37066E+14,27920,623328,0.6664
08-08-2016,M&M,EQ,1484,1495,1505.25,1473.75,1495.3,1497.85,1492.3,1780007,2.65631E+14,40661,1203977,0.6764
09-08-2016,M&M,EQ,1497.85,1507,1508.95,1467.9,1478.65,1480.75,1484.97,773418,1.1485E+14,23292,441552,0.5709
10-08-2016,M&M,EQ,1480.75,1489,1494,1435,1446.7,1449.15,1460.37,3301028,4.82073E+14,91055,1156340,0.3503
11-08-2016,M&M,EQ,1449.15,1445.2,1452.7,1411,1422,1421.6,1424.52,1672126,2.38198E+14,48611,937833,0.5609
12-08-2016,M&M,EQ,1421.6,1428,1477,1424.05,1446.65,1450.85,1449.41,1924274,2.78906E+14,62666,834646,0.4337
16-08-2016,M&M,EQ,1450.85,1452.25,1461.35,1431.35,1441,1443.65,1446.99,1508994,2.1835E+14,63714,1030927,0.6832
17-08-2016,M&M,EQ,1443.65,1443.65,1456.45,1435.65,1449.8,1450.5,1449.86,590552,8.56217E+13,35825,356220,0.6032
18-08-2016,M&M,EQ,1450.5,1456.1,1467.45,1452.75,1457.2,1460.25,1462.3,685983,1.00312E+14,28639,415108,0.6051
19-08-2016,M&M,EQ,1460.25,1462,1468.4,1451.6,1453.55,1458.95,1460.28,763937,1.11556E+14,28505,507807,0.6647
22-08-2016,M&M,EQ,1458.95,1460.4,1461.95,1435.05,1441.85,1443.55,1445.84,603975,8.73251E+13,21406,390441,0.6465
23-08-2016,M&M,EQ,1443.55,1447.9,1448.75,1431,1438,1442.7,1440.66,450412,6.48892E+13,23556,234922,0.5216
24-08-2016,M&M,EQ,1442.7,1442.85,1451.6,1432.2,1432.2,1434.85,1442.68,501519,7.2353E+13,14110,315777,0.6296
25-08-2016,M&M,EQ,1434.85,1445,1445,1408,1412,1413.85,1427.35,982787,1.40279E+14,20635,573507,0.5836
26-08-2016,M&M,EQ,1413.85,1418.9,1432.25,1415.2,1427,1424.85,1422.85,668050,9.50535E+13,49230,367963,0.5508
29-08-2016,M&M,EQ,1424.85,1428,1428.8,1413.5,1421.95,1422.4,1421.73,556511,7.91206E+13,37462,387450,0.6962
30-08-2016,M&M,EQ,1422.4,1427.95,1438.95,1425,1436,1436,1432.38,1360032,1.94808E+14,29064,1110807,0.8168
31-08-2016,M&M,EQ,1436,1442,1448.35,1430.45,1440.65,1436.6,1440.15,1293769,1.86322E+14,60384,974791,0.7535
01-09-2016,M&M,EQ,1436.6,1439,1465,1438.05,1458,1453.55,1455.59,1165665,1.69673E+14,42473,690144,0.5921
02-09-2016,M&M,EQ,1453.55,1460,1476,1435.6,1469,1473.6,1461.78,1408316,2.05865E+14,37653,889636,0.6317
06-09-2016,M&M,EQ,1473.6,1480,1495,1479.1,1490,1489.85,1488.85,1150021,1.7122E+14,54484,698341,0.6072
07-09-2016,M&M,EQ,1489.85,1495,1500,1480.75,1489.25,1488.75,1491.88,970188,1.44741E+14,69960,659116,0.6794
08-09-2016,M&M,EQ,1488.75,1494,1500,1482.55,1490.1,1492.1,1494.18,860713,1.28606E+14,50986,556911,0.647
09-09-2016,M&M,EQ,1492.1,1494.05,1497,1460.9,1475,1472.45,1473.65,649079,9.56513E+13,34173,380104,0.5856
12-09-2016,M&M,EQ,1472.45,1456.5,1458,1416,1424.9,1425.95,1426.72,687478,9.80838E+13,52186,449237,0.6535
14-09-2016,M&M,EQ,1425.95,1432.4,1432.4,1405.8,1414.35,1411.55,1417.57,1142061,1.61895E+14,47720,733812,0.6425
15-09-2016,M&M,EQ,1411.55,1418.9,1423.1,1395.55,1405.7,1406.25,1405.94,682836,9.60029E+13,23740,417841,0.6119
16-09-2016,M&M,EQ,1406.25,1412,1431.2,1401.05,1411.8,1406.65,1413.93,774423,1.09498E+14,28706,502195,0.6485
19-09-2016,M&M,EQ,1406.65,1417.9,1429.5,1407,1418,1417,1420.68,553728,7.86668E+13,18582,304270,0.5495
20-09-2016,M&M,EQ,1417,1423,1426.65,1405.5,1409,1409.85,1411.14,613237,8.65362E+13,25895,407208,0.664
21-09-2016,M&M,EQ,1409.85,1408,1425.95,1401.2,1404,1406.9,1413.83,1047587,1.48111E+14,40624,715489,0.683
22-09-2016,M&M,EQ,1406.9,1420,1422.5,1408.2,1415,1413.6,1414.41,968035,1.3692E+14,46736,641162,0.6623
23-09-2016,M&M,EQ,1413.6,1418.9,1427,1407.05,1411.8,1410.1,1418.67,736383,1.04469E+14,29367,464719,0.6311
26-09-2016,M&M,EQ,1410.1,1410.1,1410.1,1376,1377.75,1380.2,1386.5,890593,1.2348E+14,42088,593923,0.6669
27-09-2016,M&M,EQ,1380.2,1380,1390.75,1368.65,1371.9,1371.7,1381.02,979381,1.35254E+14,57217,631696,0.645
28-09-2016,M&M,EQ,1371.7,1375.65,1389.9,1370,1384.5,1376.75,1376.03,1042651,1.43472E+14,25345,772980,0.7414
29-09-2016,M&M,EQ,1376.75,1386.9,1415.95,1358.35,1374,1364.4,1384.35,2635103,3.64792E+14,65019,1364608,0.5179
30-09-2016,M&M,EQ,1364.4,1370.5,1415.35,1350,1404,1405.7,1388.75,1068875,1.4844E+14,41643,573844,0.5369
03-10-2016,M&M,EQ,1405.7,1413,1452,1400.05,1445.15,1443.85,1441.73,1801610,2.59743E+14,45605,990161,0.5496
04-10-2016,M&M,EQ,1443.85,1450.5,1454.75,1411,1414,1415.35,1427.99,1583938,2.26185E+14,45157,1077544,0.6803
05-10-2016,M&M,EQ,1415.35,1425.9,1425.9,1394.8,1395.9,1399.2,1401.11,1150299,1.6117E+14,30400,811162,0.7052
06-10-2016,M&M,EQ,1399.2,1407.9,1407.9,1365.5,1374,1372.9,1382.35,1063811,1.47056E+14,47094,680514,0.6397
07-10-2016,M&M,EQ,1372.9,1375,1388,1370,1370.8,1374,1376.4,687365,9.46091E+13,27503,376775,0.5481
10-10-2016,M&M,EQ,1374,1378.1,1388,1374.95,1378,1376.9,1380.46,364693,5.03444E+13,12466,196955,0.5401
13-10-2016,M&M,EQ,1376.9,1360.05,1384.9,1353,1369,1369.75,1370.34,827113,1.13343E+14,60766,500643,0.6053
14-10-2016,M&M,EQ,1369.75,1377,1377,1353.1,1358,1357.1,1362.48,797923,1.08715E+14,44100,507837,0.6364
17-10-2016,M&M,EQ,1357.1,1359.7,1360.4,1308.05,1316,1313.1,1326.33,932761,1.23715E+14,67432,512166,0.5491
18-10-2016,M&M,EQ,1313.1,1320.4,1334.9,1317.55,1333,1333.35,1325.16,788484,1.04486E+14,56849,469191,0.5951
19-10-2016,M&M,EQ,1333.35,1338.7,1338.7,1312.05,1326.6,1327.9,1322.66,1155301,1.52807E+14,43920,658469,0.57
20-10-2016,M&M,EQ,1327.9,1330,1343.7,1323,1324.1,1327.4,1331.55,520128,6.92578E+13,20995,288774,0.5552
21-10-2016,M&M,EQ,1327.4,1326.9,1330,1320.4,1325.9,1326.75,1326.17,406448,5.3902E+13,26676,256924,0.6321
24-10-2016,M&M,EQ,1326.75,1328.5,1343.2,1320.35,1339,1339.25,1334.55,889305,1.18683E+14,33188,593734,0.6676
25-10-2016,M&M,EQ,1339.25,1340,1340.85,1299.3,1304,1303.9,1311.48,1452754,1.90525E+14,58380,1068999,0.7358
26-10-2016,M&M,EQ,1303.9,1300.1,1325,1292.65,1313.6,1308.95,1314.45,625272,8.21887E+13,27287,276456,0.4421
27-10-2016,M&M,EQ,1308.95,1310,1316.1,1293,1295.3,1299.75,1301.1,954282,1.24161E+14,43999,591978,0.6203
28-10-2016,M&M,EQ,1299.75,1298,1314.85,1290,1314.2,1311.8,1307.26,749008,9.79145E+13,25531,445227,0.5944
30-10-2016,M&M,EQ,1311.8,1313,1325,1311,1313.95,1317,1317.41,84411,1.11204E+13,2748,41885,0.4962
01-11-2016,M&M,EQ,1317,1320.9,1337.8,1304,1325,1326.35,1329.96,927448,1.23347E+14,30101,541140,0.5835
02-11-2016,M&M,EQ,1326.35,1319,1386.5,1306.5,1365.4,1369.3,1360.62,3025246,4.1162E+14,69153,1302966,0.4307
03-11-2016,M&M,EQ,1369.3,1361.05,1375.55,1353,1354.95,1360.95,1363.57,1112404,1.51684E+14,39970,730992,0.6571
04-11-2016,M&M,EQ,1360.95,1360,1392,1346.25,1368,1372.35,1375.46,1599025,2.1994E+14,45259,871774,0.5452
07-11-2016,M&M,EQ,1372.35,1384,1393.35,1370.6,1380,1377.95,1382.42,1061785,1.46783E+14,49415,810373,0.7632
08-11-2016,M&M,EQ,1377.95,1384,1388.6,1367.05,1382.05,1384.6,1379.53,442381,6.10277E+13,13506,210797,0.4765
09-11-2016,M&M,EQ,1384.6,1314,1359,1253.85,1340,1333.35,1315.35,1871510,2.46168E+14,48422,978716,0.523
10-11-2016,M&M,EQ,1333.35,1357.95,1378.45,1310,1312.9,1321.3,1333.49,1256420,1.67542E+14,57837,846905,0.6741
11-11-2016,M&M,EQ,1321.3,1300,1317,1231.6,1243.1,1240.2,1284.67,2277753,2.92616E+14,80287,982213,0.4312
15-11-2016,M&M,EQ,1240.2,1242,1257.95,1169.25,1238,1238.3,1227.07,2065468,2.53448E+14,80094,1263509,0.6117
16-11-2016,M&M,EQ,1238.3,1252,1278.35,1219.55,1220,1237.35,1257.46,1348466,1.69564E+14,51379,860822,0.6384
17-11-2016,M&M,EQ,1237.35,1230,1245,1211,1225.7,1219.65,1229.42,529216,6.50631E+13,36556,270279,0.5107
18-11-2016,M&M,EQ,1219.65,1222.25,1247,1221,1240,1239.85,1237.08,547225,6.76961E+13,22211,315889,0.5773
21-11-2016,M&M,EQ,1239.85,1244.45,1245.7,1190,1201.05,1199.4,1203.14,755318,9.08755E+13,43084,376771,0.4988
22-11-2016,M&M,EQ,1199.4,1210,1223.6,1185,1222.25,1219.1,1206.76,643999,7.77152E+13,29644,386538,0.6002
23-11-2016,M&M,EQ,1219.1,1224.95,1226.5,1187.1,1190,1191.8,1199.11,580706,6.96333E+13,27418,288977,0.4976
24-11-2016,M&M,EQ,1191.8,1188,1199.8,1158,1164,1163.7,1171.73,1633434,1.91394E+14,57202,1173895,0.7187
25-11-2016,M&M,EQ,1163.7,1169.9,1178.5,1153.25,1177,1173,1166.83,763588,8.90975E+13,45325,420787,0.5511
28-11-2016,M&M,EQ,1173,1175,1183.95,1156,1159.7,1162.5,1171.29,663942,7.77669E+13,31999,363508,0.5475
29-11-2016,M&M,EQ,1162.5,1161,1201,1160.05,1190,1185.85,1188.39,1038178,1.23376E+14,46486,580536,0.5592
30-11-2016,M&M,EQ,1185.85,1192,1197.9,1180.55,1185.5,1185.1,1186.63,938090,1.11317E+14,52573,649277,0.6921
01-12-2016,M&M,EQ,1185.1,1190,1194,1156.9,1161.2,1160.1,1172.35,665802,7.80556E+13,22923,306858,0.4609
02-12-2016,M&M,EQ,1160.1,1158,1164,1141.65,1147,1145.55,1147.47,1096755,1.25849E+14,41452,747893,0.6819
05-12-2016,M&M,EQ,1145.55,1157.85,1185.6,1150,1183.4,1181.3,1172.02,662827,7.76844E+13,32843,321417,0.4849
06-12-2016,M&M,EQ,1181.3,1186,1192.45,1172.05,1172.9,1175.4,1182.1,543702,6.42711E+13,18728,336867,0.6196
07-12-2016,M&M,EQ,1175.4,1182.9,1195.9,1170,1185,1182,1185.52,937700,1.11166E+14,30783,652734,0.6961
08-12-2016,M&M,EQ,1182,1187,1214.2,1187,1205,1209.2,1206.02,901569,1.08731E+14,41847,539400,0.5983
09-12-2016,M&M,EQ,1209.2,1219,1219,1183,1189.1,1188.35,1196.55,977333,1.16943E+14,58911,523545,0.5357
12-12-2016,M&M,EQ,1188.35,1187.2,1195.4,1162.2,1165.4,1165.6,1173.81,541323,6.35408E+13,33638,353368,0.6528
13-12-2016,M&M,EQ,1165.6,1164,1174.5,1153.1,1167,1167.4,1166.36,750916,8.75841E+13,31808,482276,0.6423
14-12-2016,M&M,EQ,1167.4,1174.8,1184,1159.05,1173.85,1173.95,1172.52,552388,6.47686E+13,31922,350639,0.6348
15-12-2016,M&M,EQ,1173.95,1170,1196.8,1166.1,1188,1186.55,1187.15,961665,1.14164E+14,62664,613682,0.6381
16-12-2016,M&M,EQ,1186.55,1185,1188.95,1167.9,1181,1181,1177.19,801230,9.43201E+13,39952,609189,0.7603
19-12-2016,M&M,EQ,1181,1183.3,1189.8,1172,1178,1177.05,1179.65,741307,8.74481E+13,23268,594974,0.8026
20-12-2016,M&M,EQ,1177.05,1178.1,1186.05,1170,1181,1178.6,1178.14,532361,6.27195E+13,21540,369780,0.6946
21-12-2016,M&M,EQ,1178.6,1186,1204.7,1175,1185.1,1190.45,1193.92,838016,1.00052E+14,50778,480812,0.5738
22-12-2016,M&M,EQ,1190.45,1187,1192.9,1173.05,1176.05,1183.6,1181.68,855701,1.01116E+14,46929,503925,0.5889
23-12-2016,M&M,EQ,1183.6,1171,1181.8,1155,1172.7,1171.6,1170.29,770271,9.01442E+13,46682,350940,0.4556
26-12-2016,M&M,EQ,1171.6,1172,1173,1145.75,1150,1148.7,1153.62,1062180,1.22536E+14,39198,557069,0.5245
27-12-2016,M&M,EQ,1148.7,1149,1171.45,1141.4,1163.05,1167.25,1159.59,580928,6.73641E+13,31898,332192,0.5718
28-12-2016,M&M,EQ,1167.25,1171.1,1184.9,1170,1173.25,1174.1,1178.16,1069415,1.25994E+14,62194,779140,0.7286
29-12-2016,M&M,EQ,1174.1,1177.8,1179,1168.35,1178,1174.95,1173.94,833778,9.78806E+13,47790,602718,0.7229
30-12-2016,M&M,EQ,1174.95,1178.25,1188.8,1172,1179.6,1184.7,1181.57,511509,6.04383E+13,28715,323577,0.6326
02-01-2017,M&M,EQ,1184.7,1184.5,1233,1170.25,1229.5,1229.8,1205.01,1053264,1.26919E+14,42794,357010,0.339
03-01-2017,M&M,EQ,1229.8,1230,1232.25,1215,1225,1222.55,1221.65,776511,9.48627E+13,25164,518914,0.6683
04-01-2017,M&M,EQ,1222.55,1222.65,1230.75,1213,1215.65,1221.95,1224.2,565408,6.92173E+13,32525,362511,0.6411
05-01-2017,M&M,EQ,1221.95,1224,1235,1207.4,1234.4,1227.35,1218.33,1254243,1.52808E+14,72222,764683,0.6097
06-01-2017,M&M,EQ,1227.35,1239,1239,1217.2,1224,1220.45,1225.86,1127033,1.38158E+14,29011,636861,0.5651
09-01-2017,M&M,EQ,1220.45,1219.3,1223.95,1201,1201.9,1204,1205.87,521391,6.2873E+13,16244,320646,0.615
10-01-2017,M&M,EQ,1204,1201,1216.6,1201,1213.65,1213.5,1211.79,279060,3.38163E+13,12280,103575,0.3712
11-01-2017,M&M,EQ,1213.5,1217.25,1237.75,1213.65,1232.05,1232,1227.81,705848,8.66647E+13,34441,385706,0.5464
12-01-2017,M&M,EQ,1232,1235,1235.15,1210.2,1212.55,1213.4,1218.62,327855,3.99531E+13,22940,174571,0.5325
13-01-2017,M&M,EQ,1213.4,1221.8,1227,1215.65,1217.7,1217.85,1220.01,393794,4.80431E+13,12698,220168,0.5591
16-01-2017,M&M,EQ,1217.85,1215,1226.8,1207.4,1209.4,1211,1217.45,490151,5.96733E+13,17396,370606,0.7561
17-01-2017,M&M,EQ,1211,1210,1214.5,1200.75,1203,1204.45,1208.29,478977,5.78744E+13,17318,342200,0.7144
18-01-2017,M&M,EQ,1204.45,1205.1,1220.4,1202.3,1210.95,1214.6,1212.74,979188,1.1875E+14,27142,762053,0.7782
19-01-2017,M&M,EQ,1214.6,1212,1213.65,1202.75,1206.55,1210.8,1208.48,393929,4.76057E+13,20680,240390,0.6102
20-01-2017,M&M,EQ,1210.8,1210,1216.8,1187.1,1192.5,1192.05,1196.03,768833,9.19546E+13,31332,503556,0.655
23-01-2017,M&M,EQ,1192.05,1196,1204.5,1177.35,1187.4,1188.9,1188.88,543401,6.46039E+13,24291,302022,0.5558
24-01-2017,M&M,EQ,1188.9,1194.9,1224.2,1187,1221,1220.7,1211.16,793610,9.61186E+13,42448,453081,0.5709
25-01-2017,M&M,EQ,1220.7,1233,1248.4,1212,1240.15,1243.8,1228.21,1850608,2.27294E+14,79845,1339225,0.7237
27-01-2017,M&M,EQ,1243.8,1243.8,1269.85,1243.5,1251.85,1251.7,1259.75,816030,1.028E+14,47712,469370,0.5752
30-01-2017,M&M,EQ,1251.7,1251.7,1253.25,1234.05,1246.85,1245.6,1244.47,440140,5.47743E+13,25335,204109,0.4637
31-01-2017,M&M,EQ,1245.6,1241.2,1248.55,1230.25,1242.65,1240.1,1239.99,923162,1.14471E+14,34786,592156,0.6414
01-02-2017,M&M,EQ,1240.1,1242,1307.6,1228,1293.1,1302.4,1269.69,1523562,1.93445E+14,54791,801609,0.5261
02-02-2017,M&M,EQ,1302.4,1297,1297.6,1258.65,1266,1264.95,1267.52,1447829,1.83515E+14,50910,918929,0.6347
03-02-2017,M&M,EQ,1264.95,1265.95,1273.75,1252.3,1260.5,1260.7,1263.1,1132526,1.4305E+14,49527,820646,0.7246
06-02-2017,M&M,EQ,1260.7,1262,1271,1258,1267,1265.9,1264.48,855228,1.08142E+14,28900,607452,0.7103
07-02-2017,M&M,EQ,1265.9,1264.15,1265.7,1244.8,1264,1258.95,1251.95,1337146,1.67404E+14,62271,1038716,0.7768
08-02-2017,M&M,EQ,1258.95,1260.35,1281,1260.1,1278.2,1277.3,1275.93,840590,1.07253E+14,25653,566468,0.6739
09-02-2017,M&M,EQ,1277.3,1279,1294.75,1264.5,1293,1291.7,1285.03,762017,9.79218E+13,30324,461688,0.6059
10-02-2017,M&M,EQ,1291.7,1293,1307.85,1272.55,1278,1277.65,1287.84,1767712,2.27653E+14,54871,810480,0.4585
13-02-2017,M&M,EQ,1277.65,1285.95,1302.95,1213.8,1299,1298.65,1290.91,876096,1.13096E+14,26692,502759,0.5739
14-02-2017,M&M,EQ,1298.65,1302.4,1313.9,1285,1302.5,1301.85,1300.04,917326,1.19256E+14,35418,609686,0.6646
15-02-2017,M&M,EQ,1301.85,1300.2,1318.8,1298.1,1300.1,1300.85,1306.93,1046915,1.36825E+14,51264,666192,0.6363
16-02-2017,M&M,EQ,1300.85,1301,1321.6,1300.5,1319.9,1319.85,1311.09,966131,1.26668E+14,28217,681701,0.7056
17-02-2017,M&M,EQ,1319.85,1322,1329.85,1311.9,1317,1317.15,1318.18,875112,1.15355E+14,30172,645750,0.7379
20-02-2017,M&M,EQ,1317.15,1317,1324.55,1304.6,1310.7,1315.95,1313.39,470421,6.17845E+13,23521,196049,0.4168
21-02-2017,M&M,EQ,1315.95,1317.95,1317.95,1303,1313,1311.65,1309.03,562685,7.36574E+13,29994,318539,0.5661
22-02-2017,M&M,EQ,1311.65,1314.45,1316,1304.35,1311.25,1311.2,1309.35,603817,7.9061E+13,44560,447324,0.7408
23-02-2017,M&M,EQ,1311.2,1314,1315.5,1294.5,1296,1304.85,1305.81,2377047,3.10397E+14,36356,2105076,0.8856
27-02-2017,M&M,EQ,1304.85,1302.9,1302.9,1281,1298,1293.85,1291.85,747562,9.65735E+13,38356,585579,0.7833
28-02-2017,M&M,EQ,1293.85,1294.9,1317.8,1290.9,1308.7,1312.15,1310.32,675015,8.84486E+13,37301,396609,0.5876
01-03-2017,M&M,EQ,1312.15,1316,1358.8,1298.3,1346.2,1348.75,1312.94,2937730,3.85706E+14,50198,2068560,0.7041
02-03-2017,M&M,EQ,1348.75,1354.9,1361,1313,1323.3,1325,1341.55,799948,1.07317E+14,45374,407989,0.51
03-03-2017,M&M,EQ,1325,1323,1332,1314.35,1321.9,1322.05,1321.5,357158,4.71983E+13,33596,186841,0.5231
06-03-2017,M&M,EQ,1322.05,1322.15,1339,1316.2,1327,1329.8,1324.64,1317446,1.74514E+14,20352,1080213,0.8199
07-03-2017,M&M,EQ,1329.8,1323.1,1331.8,1312.7,1317.95,1320.25,1319.04,678826,8.95397E+13,29957,436322,0.6428
08-03-2017,M&M,EQ,1320.25,1323,1323.05,1299.95,1305.8,1303.55,1307.12,877861,1.14747E+14,34425,528889,0.6025
09-03-2017,M&M,EQ,1303.55,1302,1311.8,1298.1,1306,1303.95,1303.95,973778,1.26976E+14,25102,566427,0.5817
10-03-2017,M&M,EQ,1303.95,1303.95,1320,1299.35,1300,1302.75,1303.61,460601,6.00443E+13,17557,215044,0.4669
14-03-2017,M&M,EQ,1302.75,1325.4,1357.35,1315.2,1327,1326,1327.29,913399,1.21234E+14,45734,579101,0.634
15-03-2017,M&M,EQ,1326,1327,1338.65,1316.9,1319.5,1323.55,1328.97,1140709,1.51597E+14,31955,850816,0.7459
16-03-2017,M&M,EQ,1323.55,1326.4,1333,1318.45,1324.9,1320.9,1325.63,934218,1.23843E+14,33498,542791,0.581
17-03-2017,M&M,EQ,1320.9,1323,1331.95,1300,1303.7,1303.85,1308.13,1183582,1.54828E+14,47059,938419,0.7929
20-03-2017,M&M,EQ,1303.85,1314,1316.45,1296.4,1300.75,1300.2,1302.55,741345,9.65639E+13,18080,356417,0.4808
21-03-2017,M&M,EQ,1300.2,1301.35,1306,1271,1299,1294.4,1277.03,3895656,4.97485E+14,29645,3312136,0.8502
22-03-2017,M&M,EQ,1294.4,1288,1288,1257.65,1270.95,1270.85,1268.87,1323878,1.67983E+14,36655,839028,0.6338
23-03-2017,M&M,EQ,1270.85,1276,1281,1267.4,1270.9,1274.55,1272.6,995505,1.26688E+14,30672,779790,0.7833
24-03-2017,M&M,EQ,1274.55,1274.1,1287,1271.3,1273,1275.8,1279.08,725278,9.27686E+13,59048,476325,0.6567
27-03-2017,M&M,EQ,1275.8,1275,1284.4,1259.05,1270.5,1265.75,1270.41,1098124,1.39506E+14,28536,752267,0.685
28-03-2017,M&M,EQ,1265.75,1272.1,1283.65,1270,1277,1277,1278.42,873435,1.11661E+14,28256,618170,0.7077
29-03-2017,M&M,EQ,1277,1284.7,1284.7,1263,1271,1270.65,1268.19,1154248,1.46381E+14,36359,897510,0.7776
30-03-2017,M&M,EQ,1270.65,1270.7,1287.3,1260.95,1284,1279.85,1277.92,4424696,5.6544E+14,76555,3507643,0.7927
31-03-2017,M&M,EQ,1279.85,1277,1295,1272.5,1292,1286.9,1284.85,1094141,1.40581E+14,35975,890153,0.8136
03-04-2017,M&M,EQ,1286.9,1297.6,1305,1280,1287.5,1286.5,1289.91,967743,1.2483E+14,20693,554541,0.573
05-04-2017,M&M,EQ,1286.5,1287.5,1294,1269.9,1290,1290.75,1285.92,1987515,2.55578E+14,45946,1667145,0.8388
06-04-2017,M&M,EQ,1290.75,1287.9,1293.9,1275.15,1291,1288.9,1284.01,542194,6.96183E+13,29473,353109,0.6513
07-04-2017,M&M,EQ,1288.9,1284,1289.75,1268.75,1280.3,1275.55,1280.87,855302,1.09553E+14,24484,616902,0.7213
10-04-2017,M&M,EQ,1275.55,1280,1282.85,1267.5,1277.25,1280.8,1273.3,543604,6.92173E+13,25621,346388,0.6372
11-04-2017,M&M,EQ,1280.8,1277,1285.8,1270.05,1285,1281.55,1276.76,707162,9.02879E+13,39359,448130,0.6337
12-04-2017,M&M,EQ,1281.55,1286,1286,1268.8,1274,1279.95,1275.32,831937,1.06099E+14,20999,532116,0.6396
13-04-2017,M&M,EQ,1279.95,1273,1281.7,1269.05,1281.45,1280.5,1275.76,552209,7.04485E+13,17756,405454,0.7342
17-04-2017,M&M,EQ,1280.5,1270.05,1278.45,1265.65,1270,1269.35,1269.97,1059424,1.34543E+14,18859,673666,0.6359
18-04-2017,M&M,EQ,1269.35,1273.8,1273.8,1258.6,1259.85,1263.15,1266.68,975807,1.23603E+14,17561,662679,0.6791
19-04-2017,M&M,EQ,1263.15,1264,1268.9,1253,1257.5,1259.45,1259.92,859195,1.08252E+14,25519,607753,0.7074
20-04-2017,M&M,EQ,1259.45,1258,1277,1258,1270,1271.7,1265.8,662446,8.38522E+13,30188,453126,0.684
21-04-2017,M&M,EQ,1271.7,1270,1274.65,1255.1,1257.2,1258.2,1265.89,665915,8.42978E+13,13391,538490,0.8086
24-04-2017,M&M,EQ,1258.2,1258.6,1271,1258.6,1264,1264.6,1264.35,568689,7.19022E+13,18543,470863,0.828
25-04-2017,M&M,EQ,1264.6,1285,1310.9,1279.65,1306.95,1307.45,1297,5792384,7.5127E+14,83367,3758851,0.6489
26-04-2017,M&M,EQ,1307.45,1317.75,1359.6,1314.5,1355,1352.75,1336.04,2876409,3.84299E+14,94283,1817237,0.6318
27-04-2017,M&M,EQ,1352.75,1353.7,1363.7,1332,1341,1337.2,1344.82,1159292,1.55904E+14,38256,603630,0.5207
28-04-2017,M&M,EQ,1337.2,1337.8,1345.2,1317.65,1336.05,1335.55,1335.7,526294,7.0297E+13,34082,349155,0.6634
02-05-2017,M&M,EQ,1335.55,1333.1,1352.75,1326.3,1340,1340.95,1340.84,817189,1.09572E+14,26486,503470,0.6161
03-05-2017,M&M,EQ,1340.95,1342,1354.2,1333.95,1337.1,1348.65,1347.18,905792,1.22026E+14,26893,685992,0.7573
04-05-2017,M&M,EQ,1348.65,1341,1351,1329.65,1332.55,1334.9,1340.25,739877,9.91618E+13,32725,514713,0.6957
05-05-2017,M&M,EQ,1334.9,1331,1331,1307,1318.5,1321.25,1319.93,895667,1.18222E+14,48581,664061,0.7414
08-05-2017,M&M,EQ,1321.25,1322.5,1345.7,1313,1332.25,1333.35,1332.82,579715,7.72657E+13,21145,307621,0.5306
09-05-2017,M&M,EQ,1333.35,1335.7,1351.9,1328.65,1341.75,1343.65,1342.6,591559,7.94225E+13,44430,370465,0.6263
10-05-2017,M&M,EQ,1343.65,1352,1379.7,1348,1373.9,1376.4,1371.17,1070862,1.46833E+14,67055,626241,0.5848
11-05-2017,M&M,EQ,1376.4,1385.7,1402.2,1362.8,1376.2,1376.15,1380.21,1744710,2.40807E+14,49274,1228356,0.704
12-05-2017,M&M,EQ,1376.15,1378,1378,1361.7,1363.1,1367.85,1368.04,1749749,2.39372E+14,45573,1526157,0.8722
15-05-2017,M&M,EQ,1367.85,1373,1386.65,1370,1374.8,1375.65,1378.31,558190,7.69358E+13,38442,386664,0.6927
16-05-2017,M&M,EQ,1375.65,1377,1380.5,1363.1,1364.15,1366.35,1371.22,516012,7.07563E+13,29075,334469,0.6482
17-05-2017,M&M,EQ,1366.35,1363,1384.35,1360.4,1379,1378.8,1378.56,920884,1.2695E+14,32299,689649,0.7489
18-05-2017,M&M,EQ,1378.8,1369,1372,1347.5,1347.5,1352.85,1361.7,1217846,1.65834E+14,20476,1043736,0.857
19-05-2017,M&M,EQ,1352.85,1350,1357.6,1328.5,1338.2,1333.4,1344.8,976742,1.31352E+14,36297,773590,0.792
22-05-2017,M&M,EQ,1333.4,1340.15,1341.95,1301.1,1307,1306.25,1313.89,436797,5.73901E+13,26521,261661,0.599
23-05-2017,M&M,EQ,1306.25,1315,1338.35,1300,1328.35,1331.75,1324.9,780182,1.03366E+14,40561,445992,0.5717
24-05-2017,M&M,EQ,1331.75,1331.5,1338.8,1301.45,1308,1308.65,1314.05,625683,8.2218E+13,29997,382266,0.611
25-05-2017,M&M,EQ,1308.65,1311,1335.9,1304,1335.9,1327.5,1321.97,1456698,1.92571E+14,60911,1095811,0.7523
26-05-2017,M&M,EQ,1327.5,1334,1348.9,1327.5,1341,1340.85,1339.17,335223,4.4892E+13,16125,156414,0.4666
29-05-2017,M&M,EQ,1340.85,1345,1375.75,1327.4,1362.9,1360.05,1353.03,1058764,1.43254E+14,37535,603995,0.5705
30-05-2017,M&M,EQ,1360.05,1364,1379,1342.3,1367.65,1361.1,1362.54,2223885,3.03014E+14,68059,815525,0.3667
31-05-2017,M&M,EQ,1361.1,1392.5,1448.5,1392,1413.7,1416.95,1424.14,3941786,5.61366E+14,146225,1848666,0.469
01-06-2017,M&M,EQ,1416.95,1430,1441,1416.1,1426.65,1425.25,1429.3,1712339,2.44744E+14,55540,1120694,0.6545
02-06-2017,M&M,EQ,1425.25,1430,1434.75,1409,1421.95,1418.5,1425.52,1442389,2.05616E+14,57116,1022592,0.709
05-06-2017,M&M,EQ,1418.5,1424.95,1432.5,1421.1,1423,1423.7,1427.16,1151951,1.64402E+14,49138,966825,0.8393
06-06-2017,M&M,EQ,1423.7,1423.05,1429.85,1404.15,1409,1411.45,1410.94,803816,1.13413E+14,24783,595729,0.7411
07-06-2017,M&M,EQ,1411.45,1423.15,1451.1,1413.55,1430,1431.9,1438.06,1904689,2.73906E+14,74038,1150446,0.604
08-06-2017,M&M,EQ,1431.9,1433.5,1440,1410.1,1416,1417.5,1418.61,849201,1.20468E+14,31059,542704,0.6391
09-06-2017,M&M,EQ,1417.5,1418,1434.7,1414.1,1427,1426.7,1427.36,908631,1.29694E+14,45358,678656,0.7469
12-06-2017,M&M,EQ,1426.7,1435,1458.95,1415,1425,1423.55,1436.19,1911487,2.74526E+14,43194,1123387,0.5877
13-06-2017,M&M,EQ,1423.55,1433,1439.85,1414,1416.9,1417.65,1426.82,983018,1.40259E+14,37872,624543,0.6353
14-06-2017,M&M,EQ,1417.65,1430,1432.85,1401.1,1403.45,1405.2,1410.64,942385,1.32937E+14,48226,625033,0.6632
15-06-2017,M&M,EQ,1405.2,1409,1414,1378.85,1389.85,1387.65,1391.97,1567392,2.18177E+14,44283,1157519,0.7385
16-06-2017,M&M,EQ,1387.65,1398.2,1409.35,1383.3,1384,1387.3,1395.65,1650375,2.30334E+14,41816,1308289,0.7927
19-06-2017,M&M,EQ,1387.3,1393,1405,1383.75,1386,1388.25,1393.69,1112550,1.55055E+14,41169,835879,0.7513
20-06-2017,M&M,EQ,1388.25,1394.6,1399,1385,1386.7,1389.45,1390.46,939704,1.30662E+14,48781,737146,0.7844
21-06-2017,M&M,EQ,1389.45,1392.7,1395.4,1380.95,1383,1387.15,1386.75,1494718,2.07279E+14,45285,1134404,0.7589
22-06-2017,M&M,EQ,1387.15,1385,1407.2,1381.7,1397.2,1396.3,1397.62,1128366,1.57703E+14,39841,645065,0.5717
23-06-2017,M&M,EQ,1396.3,1400,1418.25,1370.1,1382,1376.2,1393.99,1220802,1.70178E+14,48080,605566,0.496
27-06-2017,M&M,EQ,1376.2,1393.3,1394.5,1365,1368.95,1370.3,1379.19,1668109,2.30064E+14,39979,1231722,0.7384
28-06-2017,M&M,EQ,1370.3,1370,1375,1348.75,1353,1356.05,1358.35,827917,1.1246E+14,28578,524256,0.6332
29-06-2017,M&M,EQ,1356.05,1360,1379.1,1352.15,1360.1,1355.65,1364.33,936894,1.27823E+14,40064,603955,0.6446
30-06-2017,M&M,EQ,1355.65,1355,1358.85,1345.1,1355,1348.6,1349.78,954758,1.28871E+14,24904,675209,0.7072
03-07-2017,M&M,EQ,1348.6,1356,1372,1343,1364.1,1366.45,1365.38,1023959,1.39809E+14,27860,673334,0.6576
04-07-2017,M&M,EQ,1366.45,1365,1377,1351.7,1355,1355.15,1362.67,430180,5.86195E+13,18659,261784,0.6085
05-07-2017,M&M,EQ,1355.15,1365,1395.4,1361.5,1383,1385,1384.49,1216606,1.68437E+14,41595,570632,0.469
06-07-2017,M&M,EQ,1385,1393.7,1393.7,1370,1370.95,1376.05,1384.15,780888,1.08087E+14,32579,545196,0.6982
07-07-2017,M&M,EQ,1376.05,1370.4,1393.85,1370.4,1376,1376,1383.17,658350,9.10608E+13,29442,464666,0.7058
10-07-2017,M&M,EQ,1376,1344.45,1400,1344.45,1366,1367.4,1367.34,436811,5.9727E+13,9688,351940,0.8057
11-07-2017,M&M,EQ,1367.4,1374,1395,1373.95,1390,1390.15,1390.85,2073421,2.88381E+14,62838,1705292,0.8225
12-07-2017,M&M,EQ,1390.15,1395,1396.1,1375,1376,1376.7,1383.89,736026,1.01858E+14,38796,515386,0.7002
13-07-2017,M&M,EQ,1376.7,1369.7,1379,1366.05,1369,1370.4,1371.53,794838,1.09014E+14,32543,604713,0.7608
14-07-2017,M&M,EQ,1370.4,1377.95,1382.45,1369,1373.1,1375.55,1377.05,653673,9.00142E+13,19412,385533,0.5898
17-07-2017,M&M,EQ,1375.55,1380,1405.4,1378.3,1381.95,1384.6,1393.96,1313078,1.83038E+14,40678,705556,0.5373
18-07-2017,M&M,EQ,1384.6,1381.95,1401.95,1377,1383.5,1380.15,1385.23,822868,1.13986E+14,21635,583077,0.7086
19-07-2017,M&M,EQ,1380.15,1388,1393,1377.15,1381.25,1382.4,1383.72,1897894,2.62615E+14,32733,1576431,0.8306
20-07-2017,M&M,EQ,1382.4,1387,1397.8,1381.3,1391,1393.45,1390.38,902218,1.25442E+14,26288,636732,0.7057
21-07-2017,M&M,EQ,1393.45,1394,1398,1365.75,1382.5,1386.05,1382.3,700993,9.68982E+13,25040,384806,0.5489
24-07-2017,M&M,EQ,1386.05,1385.8,1391.95,1375,1390,1388.95,1386.45,580661,8.05058E+13,17896,412851,0.711
25-07-2017,M&M,EQ,1388.95,1391.2,1396.1,1386.3,1389.8,1389.8,1390.25,720938,1.00228E+14,31303,524103,0.727
26-07-2017,M&M,EQ,1389.8,1390.7,1420.2,1389.05,1413.5,1413.5,1410.26,1267793,1.78792E+14,54494,808931,0.6381
27-07-2017,M&M,EQ,1413.5,1420,1423.75,1395,1402,1398.2,1404.81,1933565,2.71629E+14,54857,1556956,0.8052
28-07-2017,M&M,EQ,1398.2,1398,1398,1376.25,1383.1,1392.2,1389.58,401658,5.58135E+13,24883,207552,0.5167
31-07-2017,M&M,EQ,1392.2,1393.3,1409,1380.1,1406,1403.3,1397.12,510904,7.13794E+13,22932,260406,0.5097
01-08-2017,M&M,EQ,1403.3,1415,1433.4,1403.3,1429.95,1429.25,1423.41,1941740,2.7639E+14,34253,1415781,0.7291
02-08-2017,M&M,EQ,1429.25,1430.6,1433.65,1408.3,1410,1414.6,1419.34,476469,6.76273E+13,21874,236693,0.4968
03-08-2017,M&M,EQ,1414.6,1418.4,1421.65,1404.1,1416.55,1416.5,1413.36,563019,7.95747E+13,31095,285835,0.5077
04-08-2017,M&M,EQ,1416.5,1420,1424.4,1395.1,1419,1418.05,1406.9,2237324,3.14769E+14,49015,1082782,0.484
07-08-2017,M&M,EQ,1418.05,1390,1430,1384.95,1401,1400.75,1409.03,1493977,2.10506E+14,46100,774724,0.5186
08-08-2017,M&M,EQ,1400.75,1400.05,1416.55,1390.25,1399.7,1400,1400.99,852827,1.1948E+14,33833,486755,0.5708
09-08-2017,M&M,EQ,1400,1397.5,1406.6,1384.4,1390,1392.3,1395.81,771111,1.07633E+14,32601,529597,0.6868
10-08-2017,M&M,EQ,1392.3,1386,1395.8,1380,1395,1387.05,1386.52,816173,1.13164E+14,35937,529156,0.6483
11-08-2017,M&M,EQ,1387.05,1380,1386.1,1340,1350,1348.05,1359.31,1126510,1.53128E+14,37921,718583,0.6379
14-08-2017,M&M,EQ,1348.05,1354.7,1370.9,1347.6,1356.15,1355.75,1357.06,685342,9.30047E+13,50845,404763,0.5906
16-08-2017,M&M,EQ,1355.75,1361.9,1376.45,1348.35,1368,1371.2,1366.59,744908,1.01799E+14,43408,512155,0.6875
17-08-2017,M&M,EQ,1371.2,1372,1374.95,1358.6,1366.25,1367,1368.03,611537,8.366E+13,40013,385840,0.6309
18-08-2017,M&M,EQ,1367,1364,1379.5,1360.65,1371,1370,1370.83,678855,9.30593E+13,45903,470264,0.6927
21-08-2017,M&M,EQ,1370,1370.2,1392.95,1370.15,1378.55,1378.65,1380.28,702542,9.69703E+13,42318,478521,0.6811
22-08-2017,M&M,EQ,1378.65,1382.7,1385.8,1371,1373.2,1374.65,1376.84,292349,4.02517E+13,15230,152245,0.5208
23-08-2017,M&M,EQ,1374.65,1378,1387,1367.05,1375,1374.2,1374.93,789242,1.08516E+14,14913,575716,0.7295
24-08-2017,M&M,EQ,1374.2,1375,1383,1367.8,1376.3,1375.15,1374.92,790046,1.08625E+14,32240,580275,0.7345
28-08-2017,M&M,EQ,1375.15,1380,1380.45,1366.5,1372.75,1373.05,1372.5,1035223,1.42084E+14,26502,880571,0.8506
29-08-2017,M&M,EQ,1373.05,1375.25,1379,1367.05,1375,1376.95,1374.84,537856,7.39466E+13,16638,337557,0.6276
30-08-2017,M&M,EQ,1376.95,1385,1388.55,1353.85,1360,1358.15,1376.14,1055176,1.45207E+14,26166,720286,0.6826
31-08-2017,M&M,EQ,1358.15,1358,1360.3,1333,1344.1,1344.8,1344.66,1558002,2.09499E+14,67121,1021371,0.6556
01-09-2017,M&M,EQ,1344.8,1344.8,1351.65,1336.9,1346.8,1347.6,1344.64,1087301,1.46203E+14,44840,613120,0.5639
04-09-2017,M&M,EQ,1347.6,1348,1348,1324.1,1326.35,1328.3,1333.51,407303,5.43143E+13,28007,182255,0.4475
05-09-2017,M&M,EQ,1328.3,1329.05,1331.45,1313.45,1325,1324.65,1321.6,773888,1.02277E+14,27611,338504,0.4374
06-09-2017,M&M,EQ,1324.65,1321.4,1324.65,1310,1316.8,1316.55,1318.52,649266,8.56068E+13,32912,376681,0.5802
07-09-2017,M&M,EQ,1316.55,1318.65,1343,1318.65,1342,1339.95,1334,1164341,1.55323E+14,37645,826666,0.71
08-09-2017,M&M,EQ,1339.95,1345,1346.85,1288.2,1294.95,1295.4,1306.25,1969487,2.57264E+14,89869,1001226,0.5084
11-09-2017,M&M,EQ,1295.4,1300,1330,1278,1282.6,1280.2,1291.07,1665419,2.15018E+14,68418,1151845,0.6916
12-09-2017,M&M,EQ,1280.2,1284,1304.9,1278.95,1300,1300.75,1292.99,1061452,1.37244E+14,39769,532150,0.5013
13-09-2017,M&M,EQ,1300.75,1310,1320.05,1303,1308,1307.35,1316.46,2388029,3.14374E+14,35552,1893940,0.7931
14-09-2017,M&M,EQ,1307.35,1313,1313,1288.25,1294,1290.75,1294.82,715922,9.26992E+13,25326,389372,0.5439
15-09-2017,M&M,EQ,1290.75,1290,1304,1285,1286,1294.25,1294.37,840187,1.08751E+14,31964,598791,0.7127
18-09-2017,M&M,EQ,1294.25,1301,1306.2,1291,1293.4,1295,1299.48,651221,8.46247E+13,27283,371626,0.5707
19-09-2017,M&M,EQ,1295,1304,1304.7,1288.1,1294.05,1294.75,1296.38,487526,6.32021E+13,17824,253733,0.5205
20-09-2017,M&M,EQ,1294.75,1300.1,1306.2,1289.6,1289.65,1292.45,1295.96,838237,1.08633E+14,35420,500993,0.5977
21-09-2017,M&M,EQ,1292.45,1293.5,1296.65,1280.1,1291,1291.45,1290.25,485105,6.25905E+13,18723,274974,0.5668
22-09-2017,M&M,EQ,1291.45,1288,1297,1281.55,1285.45,1287.15,1287.01,858496,1.10489E+14,33180,631537,0.7356
25-09-2017,M&M,EQ,1287.15,1282.6,1292,1246,1262,1260,1262.77,1145208,1.44613E+14,67063,757153,0.6611
26-09-2017,M&M,EQ,1260,1265.3,1265.45,1242.35,1246.5,1247.15,1251.65,657247,8.22645E+13,56194,443124,0.6742
27-09-2017,M&M,EQ,1247.15,1253,1255.4,1224,1236.25,1232,1237.82,710275,8.79195E+13,33381,451389,0.6355
28-09-2017,M&M,EQ,1232,1232,1249,1225,1228,1230.55,1237.94,1541084,1.90777E+14,58370,1175615,0.7628
29-09-2017,M&M,EQ,1230.55,1231,1260.5,1231,1258,1254.25,1249.84,1216715,1.52069E+14,46670,896825,0.7371
03-10-2017,M&M,EQ,1254.25,1265,1291.45,1252.75,1257.05,1264.3,1276.39,1785354,2.2788E+14,52181,1045836,0.5858
04-10-2017,M&M,EQ,1264.3,1264,1291.8,1256.25,1287,1288.75,1279.51,1178243,1.50757E+14,31204,645967,0.5482
05-10-2017,M&M,EQ,1288.75,1310,1316,1293,1297,1300.75,1308.66,2106398,2.75657E+14,64582,1142718,0.5425
06-10-2017,M&M,EQ,1300.75,1309.9,1321.2,1299.25,1300,1303,1309.88,912947,1.19585E+14,22186,491559,0.5384
09-10-2017,M&M,EQ,1303,1301.05,1312.9,1299,1304.9,1304.85,1305.55,417682,5.45303E+13,15609,242162,0.5798
10-10-2017,M&M,EQ,1304.85,1318,1319,1301.15,1304.9,1305.1,1309.48,693721,9.08417E+13,39154,425714,0.6137
11-10-2017,M&M,EQ,1305.1,1309,1330.25,1306,1316,1319.45,1322.88,1642780,2.1732E+14,45357,1219364,0.7423
12-10-2017,M&M,EQ,1319.45,1320.25,1341.6,1314.15,1337.45,1338.15,1335.27,824166,1.10048E+14,17354,510851,0.6198
13-10-2017,M&M,EQ,1338.15,1338,1345.65,1323,1325,1325.3,1331.48,541640,7.21182E+13,15670,342186,0.6318
16-10-2017,M&M,EQ,1325.3,1338.9,1375.9,1330.3,1367,1368.6,1361.86,1170290,1.59377E+14,37450,606621,0.5184
17-10-2017,M&M,EQ,1368.6,1373.9,1375.5,1343.5,1371.3,1373.35,1367.16,1023744,1.39962E+14,49939,643721,0.6288
18-10-2017,M&M,EQ,1373.35,1372,1378.5,1362.2,1364,1370.55,1373.41,598422,8.21879E+13,24670,328139,0.5483
19-10-2017,M&M,EQ,1370.55,1366.75,1379,1360.1,1376.8,1375.75,1374.62,175195,2.40826E+13,4034,91902,0.5246
23-10-2017,M&M,EQ,1375.75,1380,1393.95,1346.6,1362,1367.05,1368.16,599664,8.20436E+13,28670,227193,0.3789
24-10-2017,M&M,EQ,1367.05,1360.55,1365.9,1346.95,1354,1350.65,1354.56,390953,5.29571E+13,29196,214487,0.5486
25-10-2017,M&M,EQ,1350.65,1354,1373.6,1348.95,1371.8,1364.7,1362.15,664152,9.04678E+13,36269,445599,0.6709
26-10-2017,M&M,EQ,1364.7,1374.45,1380.7,1364.5,1373.5,1372.95,1373.94,1652089,2.26986E+14,69948,1296615,0.7848
27-10-2017,M&M,EQ,1372.95,1372.95,1390.7,1371.55,1380.75,1387.7,1383.54,774542,1.07161E+14,32137,472146,0.6096
30-10-2017,M&M,EQ,1387.7,1388,1392.65,1370.05,1372.1,1374.75,1379.19,563034,7.76528E+13,28872,367173,0.6521
31-10-2017,M&M,EQ,1374.75,1378,1378,1342.1,1346,1344.8,1352.32,799728,1.08149E+14,37278,521272,0.6518
01-11-2017,M&M,EQ,1344.8,1347.25,1363.2,1336,1352.8,1350.75,1349.99,1965358,2.65321E+14,59092,1330675,0.6771
02-11-2017,M&M,EQ,1350.75,1343,1349.4,1331.05,1336,1335.35,1335.93,870329,1.1627E+14,24893,674288,0.7748
03-11-2017,M&M,EQ,1335.35,1339,1342.95,1320.1,1332.2,1330.75,1329.04,1084381,1.44118E+14,25495,769630,0.7097
06-11-2017,M&M,EQ,1330.75,1347.85,1377.7,1343.3,1370.5,1366.15,1363.74,2575346,3.5121E+14,90250,1684041,0.6539
07-11-2017,M&M,EQ,1366.15,1380,1382,1348,1353.8,1353.75,1369.2,2213662,3.03094E+14,31165,1683864,0.7607
08-11-2017,M&M,EQ,1353.75,1361,1375,1354,1373.95,1367,1367.72,685509,9.37585E+13,42629,446174,0.6509
09-11-2017,M&M,EQ,1367,1373,1380.05,1340,1360.05,1361.3,1358.06,484257,6.57652E+13,34443,241422,0.4985
10-11-2017,M&M,EQ,1361.3,1362.1,1412.15,1347.2,1395,1392.95,1384.33,2969900,4.11133E+14,77163,972493,0.3274
13-11-2017,M&M,EQ,1392.95,1408,1431.75,1408,1411,1411.2,1421.09,3238115,4.60164E+14,109683,2116416,0.6536
14-11-2017,M&M,EQ,1411.2,1419,1438.2,1415.05,1424.9,1429.6,1426.53,1796055,2.56212E+14,74649,1281511,0.7135
15-11-2017,M&M,EQ,1429.6,1429,1429,1407,1416.05,1415.25,1414.29,997036,1.4101E+14,39787,610450,0.6123
16-11-2017,M&M,EQ,1415.25,1415.05,1426,1408,1414.05,1413.95,1417.43,872446,1.23663E+14,21237,484207,0.555
17-11-2017,M&M,EQ,1413.95,1425,1425,1412,1413.95,1416.75,1420.39,1448440,2.05735E+14,32485,1196400,0.826
20-11-2017,M&M,EQ,1416.75,1419.75,1420.05,1400.1,1404.9,1408,1406.64,1264801,1.77912E+14,59511,1004920,0.7945
21-11-2017,M&M,EQ,1408,1420,1422,1408.2,1415,1416,1415.99,853763,1.20892E+14,31579,589156,0.6901
22-11-2017,M&M,EQ,1416,1424,1441.8,1419.6,1432.5,1429.5,1433.89,1439617,2.06426E+14,62309,899704,0.625
23-11-2017,M&M,EQ,1429.5,1434.4,1434.4,1412.55,1420,1418.65,1422.43,490011,6.97005E+13,21098,281397,0.5743
24-11-2017,M&M,EQ,1418.65,1425,1439.9,1420.05,1435.35,1434.1,1433.31,966558,1.38538E+14,24730,595485,0.6161
27-11-2017,M&M,EQ,1434.1,1435,1444,1425.05,1431.9,1431,1430.26,867582,1.24087E+14,26757,587919,0.6777
28-11-2017,M&M,EQ,1431,1432.65,1441.45,1426.8,1436.8,1435,1434.43,743580,1.06661E+14,28246,527833,0.7099
29-11-2017,M&M,EQ,1435,1438.95,1443.1,1430,1431,1433.4,1434.48,691787,9.92358E+13,34587,469904,0.6793
30-11-2017,M&M,EQ,1433.4,1430,1430,1400.55,1407.1,1406.55,1409.45,2683675,3.7825E+14,96875,1882881,0.7016
01-12-2017,M&M,EQ,1406.55,1414,1426.95,1406,1409,1409.4,1415.77,1077343,1.52527E+14,30037,573714,0.5325
04-12-2017,M&M,EQ,1409.4,1420,1420,1392.75,1400.5,1401,1400.7,1462814,2.04896E+14,39083,1098744,0.7511
05-12-2017,M&M,EQ,1401,1400,1409.35,1383,1387.8,1388.2,1395.18,1299621,1.81321E+14,42554,1060452,0.816
06-12-2017,M&M,EQ,1388.2,1387,1392.4,1363.45,1368.7,1367.45,1374.94,1184822,1.62906E+14,60137,889587,0.7508
07-12-2017,M&M,EQ,1367.45,1376.8,1382.5,1368.1,1380,1379.55,1375.48,1556860,2.14143E+14,47232,1246870,0.8009
08-12-2017,M&M,EQ,1379.55,1386.7,1393.65,1379.4,1387,1388.15,1387.23,1199696,1.66426E+14,38460,928249,0.7737
11-12-2017,M&M,EQ,1388.15,1395.85,1427.85,1392.5,1417.85,1418.25,1415.18,1323321,1.87273E+14,38802,852243,0.644
12-12-2017,M&M,EQ,1418.25,1419.8,1428.5,1411.1,1420,1419.15,1419.62,1406120,1.99616E+14,47037,1062732,0.7558
13-12-2017,M&M,EQ,1419.15,1421.8,1432,1410,1411,1412.5,1421.14,1893574,2.69104E+14,28683,1563376,0.8256
14-12-2017,M&M,EQ,1412.5,1417,1436,1413,1432,1431.6,1428.93,2752965,3.93379E+14,64401,2098747,0.7624
15-12-2017,M&M,EQ,1431.6,1442.5,1490,1441,1483,1483.4,1471.96,3552757,5.2295E+14,100168,2010344,0.5659
18-12-2017,M&M,EQ,1483.4,1484,1539,1455,1521.8,1521.45,1518.14,4265351,6.47539E+14,100737,2736288,0.6415
19-12-2017,M&M,EQ,1521.45,1535,1560.95,1522,1550.4,1556.3,1539.87,5673987,8.73721E+14,78208,4112440,0.7248
20-12-2017,M&M,EQ,1556.3,1560,1571.4,1533.1,1534.2,1541.75,1557.09,4830014,7.52075E+14,104321,3529758,0.7308
21-12-2017,M&M,EQ,1541.75,767,767,738.95,742.85,742.2,746.46,6803736,5.07868E+14,79258,4677871,0.6875
22-12-2017,M&M,EQ,742.2,747,753.4,743,747.4,746.2,747.7,2338232,1.7483E+14,36522,1324387,0.5664
26-12-2017,M&M,EQ,746.2,748,749.95,736.7,741.55,741.55,740.16,3887128,2.87711E+14,38647,2861005,0.736
27-12-2017,M&M,EQ,741.55,744.8,754.9,739.45,747,746.75,747.56,2523905,1.88678E+14,38307,1523602,0.6037
28-12-2017,M&M,EQ,746.75,747,753.95,745.35,751.9,749.95,749.75,5643656,4.23134E+14,53488,3882053,0.6879
29-12-2017,M&M,EQ,749.95,751,753,743.9,751.5,751.1,748.2,2055582,1.53799E+14,73331,1594168,0.7755
01-01-2018,M&M,EQ,751.1,751,758.9,743,745.5,744.65,750.77,2476302,1.85914E+14,31240,1619007,0.6538
02-01-2018,M&M,EQ,744.65,754,758,746.3,753,752.9,753.06,3020597,2.27469E+14,58268,1872751,0.62
03-01-2018,M&M,EQ,752.9,755.9,759,750,753.7,754.9,756.16,2256643,1.70638E+14,54539,1298233,0.5753
04-01-2018,M&M,EQ,754.9,761,761,750.5,755.75,756,755.23,1663380,1.25623E+14,34624,887667,0.5337
05-01-2018,M&M,EQ,756,756,758.5,753.6,755.6,756.35,756.82,1255982,9.5055E+13,28943,742659,0.5913
08-01-2018,M&M,EQ,756.35,757.05,760,756.55,760,759.9,758.74,2309604,1.75238E+14,36787,1896147,0.821
09-01-2018,M&M,EQ,759.9,760,766,757.2,761.85,762.45,761.91,1947163,1.48357E+14,35374,1414599,0.7265
10-01-2018,M&M,EQ,762.45,762.05,765,754.2,760.3,759.85,759.64,1275821,9.69159E+13,23414,810743,0.6355
11-01-2018,M&M,EQ,759.85,760.3,768.95,755.5,764.35,766.65,763.62,2291617,1.74993E+14,44186,1616494,0.7054
12-01-2018,M&M,EQ,766.65,767.1,769.5,761.75,766.85,767.5,765.5,1363265,1.04358E+14,32787,981802,0.7202
15-01-2018,M&M,EQ,767.5,770,775.65,755.65,758.35,759.2,766.28,2127778,1.63047E+14,46230,1461680,0.687
16-01-2018,M&M,EQ,759.2,759,762.55,741,748.35,746.7,749.79,1611817,1.20852E+14,67427,1157147,0.7179
17-01-2018,M&M,EQ,746.7,747.05,754,738.85,741.65,745.35,746,1940533,1.44764E+14,52439,1310624,0.6754
18-01-2018,M&M,EQ,745.35,750,765,745,759.3,759.25,759.25,2810014,2.13351E+14,64309,1831859,0.6519
19-01-2018,M&M,EQ,759.25,760,768.3,748.3,765.65,765.4,757.05,2005133,1.51799E+14,31955,1214637,0.6058
22-01-2018,M&M,EQ,765.4,762.1,769,756,759.05,759.6,760.53,934811,7.10955E+13,25213,573500,0.6135
23-01-2018,M&M,EQ,759.6,761.95,773,761.4,769.75,769.05,767.77,2775928,2.13126E+14,78122,1839041,0.6625
24-01-2018,M&M,EQ,769.05,769.05,771,752.4,756.5,755.4,758.37,2080315,1.57766E+14,36248,1570279,0.7548
25-01-2018,M&M,EQ,755.4,756.5,762,748.35,762,757.8,756.24,2878048,2.1765E+14,45389,1966167,0.6832
29-01-2018,M&M,EQ,757.8,757.3,772,757.3,763,764.35,765.82,2074165,1.58843E+14,41464,1433140,0.6909
30-01-2018,M&M,EQ,764.35,764,768.65,753.1,764.9,764.9,761.66,1648188,1.25536E+14,34725,1107535,0.672
31-01-2018,M&M,EQ,764.9,764.8,771.15,756.65,765.9,763.05,764.35,2242045,1.7137E+14,38342,1630492,0.7272
01-02-2018,M&M,EQ,763.05,768.9,802.55,763,801,798.75,785.19,6896060,5.41471E+14,122264,3297909,0.4782
02-02-2018,M&M,EQ,798.75,798.75,800,765.55,770,770.25,785.84,3783976,2.97361E+14,75961,2211067,0.5843
05-02-2018,M&M,EQ,770.25,762.9,769.75,745,762.45,760.5,761.22,2018332,1.5364E+14,61130,1308138,0.6481
06-02-2018,M&M,EQ,760.5,743.8,759.9,730.75,751.8,751.8,749.27,5626253,4.2156E+14,70135,4279375,0.7606
07-02-2018,M&M,EQ,751.8,767.4,771.95,743.75,746,747.1,753.83,1909559,1.43948E+14,52968,961729,0.5036
08-02-2018,M&M,EQ,747.1,754,760.7,746,755.9,752.2,755.16,3024010,2.2836E+14,58172,2004379,0.6628
09-02-2018,M&M,EQ,752.2,747,753.3,742,750,750.05,749.66,2214895,1.66043E+14,48257,1390360,0.6277
12-02-2018,M&M,EQ,750.05,770,770,743,746.05,746,752.01,2662221,2.00201E+14,54819,1095561,0.4115
14-02-2018,M&M,EQ,746,751.8,753.95,742.05,743.9,746.95,749.85,1207191,9.05217E+13,46664,578768,0.4794
15-02-2018,M&M,EQ,746.95,748.1,751.3,743.5,748.95,749.35,748.66,1652980,1.23751E+14,24107,998763,0.6042
16-02-2018,M&M,EQ,749.35,752.65,753.75,742,742.5,743.75,745.61,1042980,7.77657E+13,17042,587662,0.5634
19-02-2018,M&M,EQ,743.75,744,744.8,716.05,726.3,724.65,726.95,1185926,8.62112E+13,29659,572597,0.4828
20-02-2018,M&M,EQ,724.65,726.8,733.2,703,709,709,715.17,2981323,2.13216E+14,54968,1884808,0.6322
21-02-2018,M&M,EQ,709,716,716,701,708,708.4,706.54,2290218,1.61812E+14,93312,1482464,0.6473
22-02-2018,M&M,EQ,708.4,702,724.5,700.4,721.6,721.95,712.55,3325355,2.36949E+14,64376,2234680,0.672
23-02-2018,M&M,EQ,721.95,722.55,724,714,719.9,718.65,718.51,1648932,1.18478E+14,58671,994049,0.6028
26-02-2018,M&M,EQ,718.65,722,737,719.25,735.4,735.4,730.4,1525511,1.11424E+14,37699,836279,0.5482
27-02-2018,M&M,EQ,735.4,741.9,742,731,738.9,739.8,738.2,1429191,1.05504E+14,37912,784993,0.5493
28-02-2018,M&M,EQ,739.8,734,734.95,725.1,727,728.35,729.97,1814444,1.32449E+14,47123,1335754,0.7362
01-03-2018,M&M,EQ,728.35,728,736.5,727.5,731,732.55,733.15,1831321,1.34263E+14,40238,1200086,0.6553
05-03-2018,M&M,EQ,732.55,727,743,722.15,737,739.6,734.23,2170367,1.59356E+14,47618,1524477,0.7024
06-03-2018,M&M,EQ,739.6,743,743,716,719.9,719.9,728.8,1763292,1.28508E+14,64751,1043383,0.5917
07-03-2018,M&M,EQ,719.9,721,725.8,702.45,707.8,707.8,709.08,2343794,1.66193E+14,57817,1420042,0.6059
08-03-2018,M&M,EQ,707.8,710.55,729.2,707.1,724,726.65,721.59,2500680,1.80447E+14,52819,1150799,0.4602
09-03-2018,M&M,EQ,726.65,726.9,739.7,723.45,726,728.5,733.7,2191343,1.60778E+14,46970,1428282,0.6518
12-03-2018,M&M,EQ,728.5,735.05,739.25,731.2,737,737.1,735.01,1867680,1.37276E+14,24168,1245004,0.6666
13-03-2018,M&M,EQ,737.1,736.95,741,730.45,732,733,734.31,1823994,1.33938E+14,57031,1081259,0.5928
14-03-2018,M&M,EQ,733,730.95,734.3,723.1,728.7,728.2,728.46,1366237,9.95252E+13,32697,751519,0.5501
15-03-2018,M&M,EQ,728.2,731,737.9,729.8,734.35,734.85,734.25,1249262,9.17276E+13,37029,685193,0.5485
16-03-2018,M&M,EQ,734.85,739,752,735.55,742.15,740.75,744.81,4929069,3.67122E+14,97289,3235804,0.6565
19-03-2018,M&M,EQ,740.75,741.75,749,739,741,742.7,744.15,2081202,1.54872E+14,60872,1005742,0.4833
20-03-2018,M&M,EQ,742.7,740.4,744,732.05,741.2,740.95,736.12,1248986,9.19406E+13,28659,681688,0.5458
21-03-2018,M&M,EQ,740.95,743,750.75,739.5,747,745.35,747.06,2788242,2.08299E+14,39066,2130088,0.764
22-03-2018,M&M,EQ,745.35,747.05,748.9,726,731,730.85,733.92,1877037,1.3776E+14,53019,1104031,0.5882
23-03-2018,M&M,EQ,730.85,725,737.3,721.2,733,732.9,731.46,2276332,1.66504E+14,43761,1412342,0.6204
26-03-2018,M&M,EQ,732.9,734.35,750,727.05,745,746.5,741.7,1890961,1.40253E+14,42750,1040490,0.5502
27-03-2018,M&M,EQ,746.5,749,752,741.6,744,744.9,744.76,2422064,1.80386E+14,66328,1797981,0.7423
28-03-2018,M&M,EQ,744.9,744,746,735,737,738.9,738.54,3301815,2.43853E+14,67315,2260424,0.6846
02-04-2018,M&M,EQ,738.9,748.9,751.85,737.2,747.5,748.05,745.49,3567965,2.65987E+14,66835,2486849,0.697
03-04-2018,M&M,EQ,748.05,748,771.4,745.05,770,770.1,760.57,2500384,1.9017E+14,49920,1144249,0.4576
04-04-2018,M&M,EQ,770.1,773,786.75,749.1,758,756.55,770.82,3295198,2.54001E+14,57547,1672221,0.5075
05-04-2018,M&M,EQ,756.55,770,781,766.6,771.8,774.6,775.6,2224647,1.72544E+14,48616,1365549,0.6138
06-04-2018,M&M,EQ,774.6,774.6,774.6,764.05,771.45,771.95,770.18,1194886,9.20273E+13,25031,673968,0.564
09-04-2018,M&M,EQ,771.95,772,788.2,770,786,786.2,783.68,1813902,1.42151E+14,63475,1187134,0.6545
10-04-2018,M&M,EQ,786.2,776.5,785,768.4,779,777.6,775,2193150,1.6997E+14,118863,1223768,0.558
11-04-2018,M&M,EQ,777.6,781.5,790.6,773.95,787.5,789,783.72,1448946,1.13556E+14,32473,851859,0.5879
12-04-2018,M&M,EQ,789,789.45,794.6,780.65,788,787.85,786.47,1146053,9.01339E+13,36428,606864,0.5295
13-04-2018,M&M,EQ,787.85,795,795.5,783.15,786.6,789.6,791.37,2183881,1.72826E+14,55196,1385366,0.6344
16-04-2018,M&M,EQ,789.6,783.2,805,783.2,804,801.45,797.53,2896629,2.31014E+14,77090,1800136,0.6215
17-04-2018,M&M,EQ,801.45,816,818.8,806.5,810,809.35,811.68,4339790,3.52253E+14,99396,2695943,0.6212
18-04-2018,M&M,EQ,809.35,813,813,795.7,798.7,798.3,801.36,1503151,1.20456E+14,59564,964366,0.6416
19-04-2018,M&M,EQ,798.3,801.4,804.5,793.7,802.7,801.9,801.69,2590266,2.07659E+14,61106,2004629,0.7739
20-04-2018,M&M,EQ,801.9,791.9,804.45,791.9,798.15,799.5,798.15,2561105,2.04415E+14,69113,2062867,0.8055
23-04-2018,M&M,EQ,799.5,803.9,833.8,800.05,823.05,824.3,819.87,2751312,2.25573E+14,73505,1444774,0.5251
24-04-2018,M&M,EQ,824.3,823.9,844,822.1,839.7,838.55,833.6,2872669,2.39465E+14,49465,1820368,0.6337
25-04-2018,M&M,EQ,838.55,842,862.5,838.55,853,853.85,849.88,3602302,3.06154E+14,81330,1926409,0.5348
26-04-2018,M&M,EQ,853.85,859,868.75,851,853.5,858.15,859.24,5461957,4.69314E+14,79080,3019386,0.5528
27-04-2018,M&M,EQ,858.15,859.9,866.8,851.2,861.5,862.7,861.22,1087577,9.36644E+13,39945,486538,0.4474
30-04-2018,M&M,EQ,862.7,864.4,878.95,864.1,873.05,873.3,872.56,1137366,9.92424E+13,39070,511716,0.4499
02-05-2018,M&M,EQ,873.3,879.5,879.8,861,863.5,863.15,868.86,1341643,1.16571E+14,39897,634908,0.4732
03-05-2018,M&M,EQ,863.15,863,875.5,851.6,861.45,865.1,865.95,2126154,1.84113E+14,53132,1286216,0.6049
04-05-2018,M&M,EQ,865.1,864.95,868.5,852.35,855.1,854.3,858.07,961238,8.24813E+13,45764,561141,0.5838
07-05-2018,M&M,EQ,854.3,862,887.9,858.5,886.5,885.6,876.34,1916654,1.67963E+14,43741,992761,0.518
08-05-2018,M&M,EQ,885.6,886,886.5,859.5,865.25,865.3,866.65,1834833,1.59016E+14,39961,1123090,0.6121
09-05-2018,M&M,EQ,865.3,865,868.65,853.75,863.5,860.1,860.98,1630905,1.40418E+14,46136,1013707,0.6216
10-05-2018,M&M,EQ,860.1,860,872.75,852.15,853.4,856.5,864.84,1369399,1.18431E+14,45936,716656,0.5233
11-05-2018,M&M,EQ,856.5,857.95,872.8,848.85,865.15,869.1,861.17,1304682,1.12355E+14,50727,593797,0.4551
14-05-2018,M&M,EQ,869.1,872,874,850,850.05,852.65,856.82,1492933,1.27918E+14,49092,958205,0.6418
15-05-2018,M&M,EQ,852.65,853.9,865,837.1,849.5,847.05,854.4,2060487,1.76048E+14,45229,1293296,0.6277
16-05-2018,M&M,EQ,847.05,845.5,857.75,834.2,854.5,853.1,847.83,1559853,1.32249E+14,48094,759620,0.487
17-05-2018,M&M,EQ,853.1,855.05,859.5,846,847.5,849,851.18,1065979,9.07339E+13,49910,674894,0.6331
18-05-2018,M&M,EQ,849,848.25,853.8,828.05,836.05,836,839.34,1983383,1.66473E+14,54191,1313403,0.6622
21-05-2018,M&M,EQ,836,834,847.25,821.6,823,825.95,834.01,1670673,1.39336E+14,59296,996471,0.5964
22-05-2018,M&M,EQ,825.95,822.2,837,812.25,830,830.2,826.39,1937535,1.60115E+14,74497,1041331,0.5375
23-05-2018,M&M,EQ,830.2,828.1,835.5,820.55,831.35,831.8,828.65,1315364,1.08998E+14,52023,608906,0.4629
24-05-2018,M&M,EQ,831.8,837,847.8,831.9,842.6,843.05,841.56,1394760,1.17377E+14,38931,501308,0.3594
25-05-2018,M&M,EQ,843.05,845,860.95,844,860,857.7,854.71,2069467,1.76879E+14,63280,1348661,0.6517
28-05-2018,M&M,EQ,857.7,862.4,864.65,845.05,851,849.95,851.99,3096495,2.63818E+14,45291,1933384,0.6244
29-05-2018,M&M,EQ,849.95,854,875.7,850,874.95,870.25,862.32,4666224,4.02379E+14,99185,1146432,0.2457
30-05-2018,M&M,EQ,870.25,879,901,875.05,894.5,897.95,891.39,8212884,7.32084E+14,174179,2746380,0.3344
31-05-2018,M&M,EQ,897.95,900,933.5,891,924,922.95,914.31,9417129,8.6102E+14,174526,4574513,0.4858
01-06-2018,M&M,EQ,922.95,922.5,927.5,897.05,901.65,901.6,912.31,3431462,3.13055E+14,111901,1179262,0.3437
04-06-2018,M&M,EQ,901.6,908,918.35,906,913,914.5,913.81,3364222,3.07424E+14,102898,1693908,0.5035
05-06-2018,M&M,EQ,914.5,912,915.9,898.5,905.8,901.3,906.51,1836194,1.66452E+14,76536,1027280,0.5595
06-06-2018,M&M,EQ,901.3,902.4,917.1,896.85,914.25,914.3,909.52,2102493,1.91227E+14,76100,970692,0.4617
07-06-2018,M&M,EQ,914.3,919,927.95,916,918.95,920.3,921.76,2668799,2.46E+14,112432,1597076,0.5984
08-06-2018,M&M,EQ,920.3,917,917.65,903.1,908.6,911.65,909.67,1335422,1.21479E+14,46244,649609,0.4864
11-06-2018,M&M,EQ,911.65,912.2,920,910,915,916.85,916.44,1747134,1.60115E+14,86672,1214193,0.695
12-06-2018,M&M,EQ,916.85,920,926.4,914.05,916,917.6,920.42,2032546,1.87079E+14,73164,1122266,0.5521
13-06-2018,M&M,EQ,917.6,918,921.4,914.75,915,917.65,918.25,1353228,1.2426E+14,78477,884968,0.654
14-06-2018,M&M,EQ,917.65,914.1,925,909.55,922.55,922.05,918.47,1385264,1.27232E+14,53952,938681,0.6776
15-06-2018,M&M,EQ,922.05,922.55,924.4,902.85,908.35,909.45,910.78,2619109,2.38542E+14,75116,1942503,0.7417
18-06-2018,M&M,EQ,909.45,915,921.05,909,914.5,913.9,915.64,1496081,1.36987E+14,70627,883020,0.5902
19-06-2018,M&M,EQ,913.9,915,915.05,886,893,891.4,898.84,1878313,1.6883E+14,80678,1027236,0.5469
20-06-2018,M&M,EQ,891.4,896,908.85,892.45,903.1,904.4,899.94,2671370,2.40406E+14,83586,1316636,0.4929
21-06-2018,M&M,EQ,904.4,909.8,909.8,874.1,883.1,883.6,888.01,4202520,3.73187E+14,148517,2479898,0.5901
22-06-2018,M&M,EQ,883.6,882.8,912.7,882.05,910,908.2,902.31,4589148,4.14084E+14,102882,2611662,0.5691
25-06-2018,M&M,EQ,908.2,912,914.5,901,905.15,905.6,906.38,2984963,2.70551E+14,77842,2024463,0.6782
26-06-2018,M&M,EQ,905.6,905,915,891.1,895.05,898,908.17,2106484,1.91305E+14,65054,1332083,0.6324
27-06-2018,M&M,EQ,898,900,906.3,885.55,892.85,892.65,897.11,2168303,1.9452E+14,71904,1286278,0.5932
28-06-2018,M&M,EQ,892.65,892.65,917.7,891.05,906.5,907.75,908.2,4493297,4.08082E+14,89436,2518377,0.5605
29-06-2018,M&M,EQ,907.75,909,914.9,894.85,896.6,897.7,899.64,2441612,2.19656E+14,86615,1580792,0.6474
02-07-2018,M&M,EQ,897.7,907,907.7,878.65,885.05,886.65,888.41,2180118,1.93685E+14,71682,972518,0.4461
03-07-2018,M&M,EQ,886.65,886.9,898.5,879.05,894,894.2,891.23,1406654,1.25365E+14,60404,680376,0.4837
04-07-2018,M&M,EQ,894.2,895,902.7,885.5,901.9,900.1,896.67,1457165,1.30659E+14,36595,766518,0.526
05-07-2018,M&M,EQ,900.1,901.6,916,901.6,911.5,912.35,910.24,1935437,1.76172E+14,66639,839539,0.4338
06-07-2018,M&M,EQ,912.35,914.95,927,902.85,925.5,924.95,917.83,2998570,2.75218E+14,96892,1506597,0.5024
09-07-2018,M&M,EQ,924.95,931,940,927.6,932.5,932.75,934.41,2472960,2.31075E+14,81746,1098789,0.4443
10-07-2018,M&M,EQ,932.75,937.4,937.5,926.4,928.95,930.55,930.65,1617650,1.50547E+14,86692,799200,0.4941
11-07-2018,M&M,EQ,930.55,928.95,939.7,926.45,931.55,931,932.71,2732003,2.54817E+14,109709,1736426,0.6356
12-07-2018,M&M,EQ,931,931,931,910,914.4,915.8,917.53,2173358,1.99412E+14,107525,1187661,0.5465
13-07-2018,M&M,EQ,915.8,918.5,925.9,902,907,906.7,911.13,2296504,2.09242E+14,66556,1237649,0.5389
16-07-2018,M&M,EQ,906.7,905,915.7,895,900,900.35,903.52,1901810,1.71832E+14,70723,846898,0.4453
17-07-2018,M&M,EQ,900.35,903,925.3,901.1,924,922.45,916.2,1791101,1.64101E+14,54166,767183,0.4283
18-07-2018,M&M,EQ,922.45,926.6,929.8,900,903.15,902.45,910.22,1442856,1.31331E+14,95945,665809,0.4615
19-07-2018,M&M,EQ,902.45,906,922.4,906,912.45,913,914.21,2040980,1.86589E+14,72209,873507,0.428
20-07-2018,M&M,EQ,913,913,915.2,904,908.7,909.75,908.95,1667834,1.51597E+14,64274,1072698,0.6432
23-07-2018,M&M,EQ,909.75,910,913,904,907.2,910.4,909.27,1179253,1.07226E+14,39654,723547,0.6136
24-07-2018,M&M,EQ,910.4,913.85,924.9,911.2,920,920.4,918.78,1982289,1.82128E+14,76514,1188656,0.5996
25-07-2018,M&M,EQ,920.4,924.9,925,908.7,909.6,910.1,913.93,1433236,1.30987E+14,59054,733067,0.5115
26-07-2018,M&M,EQ,910.1,914.4,916.9,906,912,913.6,911.85,2785063,2.53955E+14,87536,1891750,0.6792
27-07-2018,M&M,EQ,913.6,915,915.9,902.8,909.65,909.85,908.58,1658854,1.5072E+14,61461,1007035,0.6071
30-07-2018,M&M,EQ,909.85,916,935,912.05,933.3,933.25,926.91,2458481,2.27879E+14,56781,1059687,0.431
31-07-2018,M&M,EQ,933.25,935,941.8,924.55,934.1,935.95,933.54,2011316,1.87765E+14,86458,1064011,0.529
01-08-2018,M&M,EQ,935.95,939.5,943.4,926.1,929,929.75,934.28,2000884,1.8694E+14,63736,1039891,0.5197
02-08-2018,M&M,EQ,929.75,925.75,925.75,910.05,911.25,911.3,915.14,1652795,1.51254E+14,41887,1019499,0.6168
03-08-2018,M&M,EQ,911.3,914.05,925,914.05,920.25,920.65,919.66,1575164,1.44862E+14,51009,1046233,0.6642
06-08-2018,M&M,EQ,920.65,921.95,935.8,920.55,934,932.4,928.95,1702042,1.58111E+14,41800,964232,0.5665
07-08-2018,M&M,EQ,932.4,940.95,944,923.3,926,927,934.1,5202023,4.85923E+14,137386,1583052,0.3043
08-08-2018,M&M,EQ,927,936.9,938.95,924,927.8,928.3,929.99,2056171,1.91221E+14,83892,1010276,0.4913
09-08-2018,M&M,EQ,928.3,929,940,927.5,932,933.2,934.19,2452570,2.29117E+14,104094,1309110,0.5338
10-08-2018,M&M,EQ,933.2,932,952.7,929.15,944.25,945.95,944.17,3163115,2.98653E+14,100345,1645164,0.5201
13-08-2018,M&M,EQ,945.95,944,966.4,938.6,955,954.5,956.73,4285645,4.1002E+14,108694,2458408,0.5736
14-08-2018,M&M,EQ,954.5,958.9,961.9,948,950,950.45,954.44,1801054,1.719E+14,50039,1001605,0.5561
16-08-2018,M&M,EQ,950.45,945,965.25,944,950.7,951.25,956.02,1832039,1.75146E+14,72374,1113833,0.608
17-08-2018,M&M,EQ,951.25,954.55,968.8,950.15,961.4,961.5,962.24,2246030,2.16122E+14,52781,1450828,0.646
20-08-2018,M&M,EQ,961.5,967.65,982.25,962.1,969.55,969.55,972.93,1877608,1.82678E+14,64413,915599,0.4876
21-08-2018,M&M,EQ,969.55,973,976.65,955.5,959,957.8,965.85,1557070,1.5039E+14,73340,945479,0.6072
23-08-2018,M&M,EQ,957.8,960,970,954.3,960,963.1,962.2,1978510,1.90373E+14,81035,1211852,0.6125
24-08-2018,M&M,EQ,963.1,966.2,972.4,961.15,968,968.3,968.39,1634893,1.58321E+14,51295,1037621,0.6347
27-08-2018,M&M,EQ,968.3,974.3,983.9,967.8,979.5,976.45,973.76,1635797,1.59287E+14,62708,1097023,0.6706
28-08-2018,M&M,EQ,976.45,982,987.65,974.1,977.45,980.5,982.07,1460036,1.43385E+14,53237,795618,0.5449
29-08-2018,M&M,EQ,980.5,981.35,993,975.45,984.95,983.85,987,1795568,1.77223E+14,64515,1093425,0.609
30-08-2018,M&M,EQ,983.85,984.95,991.6,977.9,981.9,982.95,984.93,1831626,1.80403E+14,45754,949021,0.5181
31-08-2018,M&M,EQ,982.95,982,988,959.15,965.3,965.3,968.14,2243187,2.17172E+14,98835,1431334,0.6381
03-09-2018,M&M,EQ,965.3,974.9,974.95,942,945.6,947.8,960.64,2189450,2.10326E+14,65184,1007346,0.4601
04-09-2018,M&M,EQ,947.8,952.2,955.7,928.1,934.75,931.75,941.85,2067396,1.94718E+14,70503,970502,0.4694
05-09-2018,M&M,EQ,931.75,930,945,914.4,931.05,929.4,929.75,2133045,1.9832E+14,79639,1146114,0.5373
06-09-2018,M&M,EQ,929.4,935,943.7,927.5,932.2,934.95,934.56,2144816,2.00445E+14,120820,1185972,0.5529
07-09-2018,M&M,EQ,934.95,940.1,977.65,935.05,973.5,973.7,959.49,3132025,3.00513E+14,74862,1681345,0.5368
10-09-2018,M&M,EQ,973.7,970.65,976.15,934.6,939,937.35,955.52,2151834,2.05612E+14,67376,1267067,0.5888
11-09-2018,M&M,EQ,937.35,943,961,936.3,947,943.15,949.88,3909701,3.71374E+14,88297,1621351,0.4147
12-09-2018,M&M,EQ,943.15,948.45,951,912.4,937,938.15,930.96,2787531,2.59509E+14,84862,1006775,0.3612
14-09-2018,M&M,EQ,938.15,941.2,954.8,928.05,950.55,951.9,945.33,2803861,2.65058E+14,80167,1274114,0.4544
17-09-2018,M&M,EQ,951.9,947.65,956.4,936.6,952,950.85,950,1978897,1.87995E+14,65736,1299011,0.6564
18-09-2018,M&M,EQ,950.85,949.45,961,940.4,945.9,946.55,954.03,2227889,2.12547E+14,82145,1355614,0.6085
19-09-2018,M&M,EQ,946.55,947,965.65,938.2,949.25,948.9,954.05,2083160,1.98744E+14,96375,1026185,0.4926
21-09-2018,M&M,EQ,948.9,963,976.7,870,960,959.9,956.62,4633394,4.43241E+14,110694,2405018,0.5191
24-09-2018,M&M,EQ,959.9,955,958.2,885,898,896.05,904.51,4569708,4.13333E+14,141883,2330590,0.51
25-09-2018,M&M,EQ,896.05,896,900,865.25,896,893,884.14,4269089,3.77446E+14,143920,2207358,0.5171
26-09-2018,M&M,EQ,893,903,917.85,885.3,887.5,893.35,900.84,2357565,2.12378E+14,58651,1077710,0.4571
27-09-2018,M&M,EQ,893.35,888,895.45,866.5,874,877.45,880.9,2588148,2.2799E+14,86387,1208032,0.4668
28-09-2018,M&M,EQ,877.45,877.45,880.95,839.55,864.5,860.95,859.14,4188699,3.5987E+14,139848,2528819,0.6037
01-10-2018,M&M,EQ,860.95,860.5,864.45,840.95,847.15,847.6,850,3060818,2.60169E+14,76480,1801446,0.5886
03-10-2018,M&M,EQ,847.6,845.5,845.5,787,788,791.6,809.31,6680994,5.40699E+14,253657,3888638,0.582
04-10-2018,M&M,EQ,791.6,780.15,800,765.45,791.5,794.7,787.24,5036305,3.9648E+14,201445,2395857,0.4757
05-10-2018,M&M,EQ,794.7,791,795.75,752.9,766,769.55,771.06,5157618,3.97685E+14,166975,2740187,0.5313
08-10-2018,M&M,EQ,769.55,768.75,780.95,753.3,776.05,774.85,768.34,3874262,2.97676E+14,146806,2024791,0.5226
09-10-2018,M&M,EQ,774.85,775.55,782.45,760.3,763,764.8,769.84,2933355,2.25822E+14,116065,1631331,0.5561
10-10-2018,M&M,EQ,764.8,768,774.6,750.9,764.9,764.1,762.79,7578601,5.78089E+14,149475,5320618,0.7021
11-10-2018,M&M,EQ,764.1,747,756.5,715,730,730.15,738.65,6199047,4.5789E+14,187876,4129950,0.6662
12-10-2018,M&M,EQ,730.15,738.5,775.9,735.55,768.5,768.5,766.79,4477653,3.43344E+14,167204,2054864,0.4589
15-10-2018,M&M,EQ,768.5,775,775.45,738,749.9,749,746.19,5282462,3.94171E+14,103920,3186327,0.6032
16-10-2018,M&M,EQ,749,753.6,780,750.1,779,777.7,770.65,4357854,3.35838E+14,126037,2010022,0.4612
17-10-2018,M&M,EQ,777.7,789.2,790.75,751.2,757.55,759.4,766.64,2634539,2.01975E+14,82100,911095,0.3458
19-10-2018,M&M,EQ,759.4,748.1,758,732.1,742.85,741.2,743.06,2985488,2.21838E+14,102223,1546516,0.518
22-10-2018,M&M,EQ,741.2,747,749,731,731.7,733.75,738.41,1842855,1.36078E+14,81763,832206,0.4516
23-10-2018,M&M,EQ,733.75,730.5,734.4,716.2,732.95,729.95,724.46,2967082,2.14952E+14,79818,1716639,0.5786
24-10-2018,M&M,EQ,729.95,740.8,749.2,725.65,735,736.25,736.69,3729119,2.74721E+14,101788,2112212,0.5664
25-10-2018,M&M,EQ,736.25,728,744.5,724,733.35,733.75,736.04,3966709,2.91967E+14,95313,2252456,0.5678
26-10-2018,M&M,EQ,733.75,731,741.8,722.7,727,728.2,732.04,1813847,1.32781E+14,68581,853698,0.4707
29-10-2018,M&M,EQ,728.2,728,752.85,728,745.4,749.5,744.66,1954444,1.4554E+14,50465,940989,0.4815
30-10-2018,M&M,EQ,749.5,751,762.75,737,746.35,746.3,750.79,2756355,2.06945E+14,73757,1496181,0.5428
31-10-2018,M&M,EQ,746.3,749,769.1,735.15,764.5,765.95,752.03,3093083,2.32609E+14,108708,1833376,0.5927
01-11-2018,M&M,EQ,765.95,770.5,778.7,751,756,756.05,764.6,4171044,3.1892E+14,101994,2127935,0.5102
02-11-2018,M&M,EQ,756.05,765.05,795.9,765.05,783.6,783.55,784.05,4117317,3.22817E+14,105060,1841461,0.4472
05-11-2018,M&M,EQ,783.55,784,784.65,770,772.9,775.45,775.02,2168486,1.68063E+14,114407,1316038,0.6069
06-11-2018,M&M,EQ,775.45,780,782,768.85,777.3,778.4,775.24,1839552,1.4261E+14,42395,1107806,0.6022
07-11-2018,M&M,EQ,778.4,788,794,783.65,793.5,792.9,792.06,731279,5.79218E+13,16440,180714,0.2471
09-11-2018,M&M,EQ,792.9,800,805.9,791,795.25,795.25,797.54,3085813,2.46104E+14,99506,1052230,0.341
12-11-2018,M&M,EQ,795.25,798,807.7,778.1,778.6,780.9,790.15,2101138,1.66022E+14,56802,946798,0.4506
13-11-2018,M&M,EQ,780.9,775.5,793.8,773.85,788.85,790.05,785.81,3010295,2.36553E+14,66274,1689827,0.5613
14-11-2018,M&M,EQ,790.05,793.1,797.4,765.5,772.15,769.6,779.25,4237768,3.3023E+14,81970,1793141,0.4231
15-11-2018,M&M,EQ,769.6,774,775.8,755,767.5,766.5,765.04,4315301,3.30136E+14,109133,2359480,0.5468
16-11-2018,M&M,EQ,766.5,767.65,776.5,759.75,768.2,767.6,769.7,2373384,1.82679E+14,73162,1098130,0.4627
19-11-2018,M&M,EQ,767.6,775.3,783.6,770.1,781.2,781.35,778.35,2681651,2.08726E+14,67818,1349293,0.5032
20-11-2018,M&M,EQ,781.35,780,792.4,773.35,782,782.6,786.58,2902880,2.28334E+14,82452,1527296,0.5261
21-11-2018,M&M,EQ,782.6,787.8,787.8,764.7,769.4,769.1,772.01,1851514,1.42938E+14,81516,916349,0.4949
22-11-2018,M&M,EQ,769.1,770.1,772.95,743.1,745.9,746.1,753.82,2578750,1.94392E+14,86596,1095917,0.425
26-11-2018,M&M,EQ,746.1,748,755,739.25,747.6,747.9,746.92,2676798,1.99934E+14,69774,1328691,0.4964
27-11-2018,M&M,EQ,747.9,747,753.9,738.1,752.5,751.75,744.91,2179714,1.62368E+14,73613,1204755,0.5527
28-11-2018,M&M,EQ,751.75,754.7,759.2,745.55,749.95,748.4,752.23,2007876,1.51038E+14,76611,1104787,0.5502
29-11-2018,M&M,EQ,748.4,756,780.3,752,775.6,773.2,769.6,5038807,3.87786E+14,98685,3150949,0.6253
30-11-2018,M&M,EQ,773.2,778,796,776.7,790.95,790.9,790.42,5214780,4.12189E+14,148027,3114205,0.5972
03-12-2018,M&M,EQ,790.9,800,800.8,756.6,763.45,761.05,769.18,5839713,4.49177E+14,151234,2985027,0.5112
04-12-2018,M&M,EQ,761.05,762,762,738.5,741.65,740.3,744.28,7101096,5.28518E+14,172141,4287713,0.6038
05-12-2018,M&M,EQ,740.3,740.3,740.3,715.1,718.9,718.05,726.34,4837874,3.51396E+14,186878,2685032,0.555
06-12-2018,M&M,EQ,718.05,717.5,722,706.5,712.45,710.95,713.49,3970063,2.83258E+14,137368,1591231,0.4008
07-12-2018,M&M,EQ,710.95,726.8,726.8,709.6,720,721.1,717.07,2716587,1.94799E+14,75894,810262,0.2983
10-12-2018,M&M,EQ,721.1,710,725.5,700,710,710.55,715.56,3150111,2.25411E+14,112237,1264857,0.4015
11-12-2018,M&M,EQ,710.55,699.9,729.9,694,722.35,722.35,714.15,4383980,3.13083E+14,140079,1773518,0.4045
12-12-2018,M&M,EQ,722.35,725,753,721.25,750.5,750.8,743.74,3460143,2.57346E+14,105018,1355300,0.3917
13-12-2018,M&M,EQ,750.8,755,765.1,746.25,758.2,759.2,757.52,3510371,2.65917E+14,119857,1667961,0.4752
14-12-2018,M&M,EQ,759.2,753.1,764,751.6,757,757.25,757.08,1760631,1.33294E+14,58677,768238,0.4363
17-12-2018,M&M,EQ,757.25,760,763,750.5,755.6,756.35,756.1,2022203,1.52899E+14,53855,1195859,0.5914
18-12-2018,M&M,EQ,756.35,755.6,772,752.4,772,770.95,767.24,3600834,2.76272E+14,112030,1437568,0.3992
19-12-2018,M&M,EQ,770.95,775,787,767.1,785.9,782.65,778.36,3361238,2.61627E+14,96963,1682898,0.5007
20-12-2018,M&M,EQ,782.65,779.7,797,778.5,794.95,795.45,791.12,2707144,2.14167E+14,88059,1384605,0.5115
21-12-2018,M&M,EQ,795.45,795,814,777.7,778.2,781.15,794.63,6125095,4.86717E+14,174532,2484219,0.4056
24-12-2018,M&M,EQ,781.15,782.9,792.5,775,788.15,788.65,786.12,2034516,1.59937E+14,68871,691308,0.3398
26-12-2018,M&M,EQ,788.65,785.65,793.5,772,789,787.7,782.92,1683700,1.31819E+14,41571,621571,0.3692
27-12-2018,M&M,EQ,787.7,794.5,802,788.1,793.05,795.65,795.31,3156130,2.51012E+14,101098,1393369,0.4415
28-12-2018,M&M,EQ,795.65,799.35,807,797,803.8,803.55,803.62,1820270,1.46281E+14,46993,765669,0.4206
31-12-2018,M&M,EQ,803.55,808.9,810,801.2,804.8,803.85,804.38,2232551,1.79583E+14,57577,1056785,0.4734
01-01-2019,M&M,EQ,803.85,805,805.85,771.3,773,773.35,779.59,3442903,2.68407E+14,77276,1174665,0.3412
02-01-2019,M&M,EQ,773.35,772.8,772.8,735.1,740.55,741.7,746.6,10596260,7.91121E+14,216753,5107791,0.482
03-01-2019,M&M,EQ,741.7,743.4,744.85,716.2,718,718.3,727.46,11084172,8.06335E+14,213800,5426021,0.4895
04-01-2019,M&M,EQ,718.3,720,728.3,712.5,726.7,725.6,721.99,5919404,4.27372E+14,151647,1964823,0.3319
07-01-2019,M&M,EQ,725.6,734.55,735.9,723.55,730,729.55,729.45,2792255,2.03682E+14,78129,1223471,0.4382
08-01-2019,M&M,EQ,729.55,720,733.2,717.5,723,723.4,724.84,4764487,3.45349E+14,132319,2446879,0.5136
09-01-2019,M&M,EQ,723.4,729,729.95,720.15,725.8,726.3,724.68,2569424,1.86201E+14,87297,1467717,0.5712
10-01-2019,M&M,EQ,726.3,728,734.85,722.8,732.5,733.2,731.85,2550750,1.86676E+14,84683,1236805,0.4849
11-01-2019,M&M,EQ,733.2,735,735,721.25,725.4,727.9,725.77,2215240,1.60776E+14,51923,937456,0.4232
14-01-2019,M&M,EQ,727.9,725,726.4,714.3,726,724.55,721.22,1713221,1.23561E+14,54020,659461,0.3849
15-01-2019,M&M,EQ,724.55,727.5,730,723.35,726.75,726.9,726.92,2138402,1.55444E+14,72011,1287796,0.6022
16-01-2019,M&M,EQ,726.9,727.3,732.5,724.55,726.6,726.25,728.21,1288969,9.38635E+13,37499,605336,0.4696
17-01-2019,M&M,EQ,726.25,729,740,727.95,734.5,734.65,735.93,3318440,2.44215E+14,75818,1406539,0.4239
18-01-2019,M&M,EQ,734.65,734.5,737.9,728,735,734.95,734.38,1601885,1.17639E+14,46979,765016,0.4776
21-01-2019,M&M,EQ,734.95,738,738,727.35,728.5,730.3,732.42,1341152,9.82281E+13,63509,631119,0.4706
22-01-2019,M&M,EQ,730.3,727.7,727.7,705.15,707.75,708.5,710,5097285,3.61905E+14,181942,2957797,0.5803
23-01-2019,M&M,EQ,708.5,708.5,709.75,693.6,694.1,695.85,701.71,4714919,3.30849E+14,102997,2838591,0.602
24-01-2019,M&M,EQ,695.85,699,700.05,686.05,697.7,697.3,693.18,3891245,2.69732E+14,139092,1652540,0.4247
25-01-2019,M&M,EQ,697.3,702,703.5,681,683.55,683.5,691.37,3421228,2.36534E+14,93204,1778103,0.5197
28-01-2019,M&M,EQ,683.5,683.5,683.5,667.5,677,673.05,674.68,5762442,3.88781E+14,147294,3628459,0.6297
29-01-2019,M&M,EQ,673.05,671.95,676.9,661.6,670.5,669.65,670.85,4860919,3.26096E+14,91419,3447171,0.7092
30-01-2019,M&M,EQ,669.65,671.9,680,670.3,674.3,678.65,676.57,2738163,1.85257E+14,80324,1748987,0.6387
31-01-2019,M&M,EQ,678.65,678,683,672.75,680.75,680.05,678.2,3496189,2.37111E+14,71265,2294016,0.6561
01-02-2019,M&M,EQ,680.05,689,715.4,680.55,687.3,688.4,698,8005192,5.5876E+14,134142,3514791,0.4391
04-02-2019,M&M,EQ,688.4,688,688.4,670.35,674.4,674.45,673.94,2652101,1.78737E+14,106929,1366900,0.5154
05-02-2019,M&M,EQ,674.45,675.25,692.6,672.65,687.55,684.9,686.68,3550741,2.43822E+14,78607,1999166,0.563
06-02-2019,M&M,EQ,684.9,687.9,698.25,682.05,695.85,695.1,690.76,2221744,1.5347E+14,51777,1332950,0.6
07-02-2019,M&M,EQ,695.1,695,708.9,693.1,702.65,700.9,703.16,2710457,1.90587E+14,59489,1457353,0.5377
08-02-2019,M&M,EQ,700.9,702,706.7,678.55,680.95,682.1,691.22,10858152,7.50542E+14,132982,4192960,0.3862
11-02-2019,M&M,EQ,682.1,669.4,673.4,645.2,650,647.55,656.37,7931599,5.20603E+14,121657,3860397,0.4867
12-02-2019,M&M,EQ,647.55,647,657.8,644,647.6,648.7,651.06,3357448,2.1859E+14,82413,1114742,0.332
13-02-2019,M&M,EQ,648.7,649.05,652.35,637.25,641,641.5,643.38,3420156,2.20046E+14,78469,1568440,0.4586
14-02-2019,M&M,EQ,641.5,640.7,642.4,632.3,634.45,634.4,636.83,3530468,2.2483E+14,90591,2094516,0.5933
15-02-2019,M&M,EQ,634.4,635,636.9,618.8,627.55,627.55,624.19,5765467,3.59877E+14,109033,3223476,0.5591
18-02-2019,M&M,EQ,627.55,630,630,615.6,623.4,624.7,622,4750172,2.9546E+14,114858,2831118,0.596
19-02-2019,M&M,EQ,624.7,627,642,625.25,634.25,632.6,635.52,3526711,2.24128E+14,75842,1320765,0.3745
20-02-2019,M&M,EQ,632.6,637,637.3,628.15,632.65,633.55,632.14,2369483,1.49785E+14,69093,1114338,0.4703
21-02-2019,M&M,EQ,633.55,633.55,635.95,625,634,634.2,630.6,2813880,1.77445E+14,80935,1070587,0.3805
22-02-2019,M&M,EQ,634.2,635,648.6,632.25,646.25,646.6,643.82,4053346,2.60964E+14,110200,2230475,0.5503
25-02-2019,M&M,EQ,646.6,649.9,653.95,642.3,650.3,650.7,648.77,1863303,1.20886E+14,47147,759667,0.4077
26-02-2019,M&M,EQ,650.7,644.8,656,640,650,651.3,648.63,3862642,2.50543E+14,81895,2552339,0.6608
27-02-2019,M&M,EQ,651.3,654.5,662,647.15,651.8,656.15,656.07,3193418,2.09512E+14,90006,1839202,0.5759
28-02-2019,M&M,EQ,656.15,663.75,663.75,642.5,645.55,645.9,650.02,3955320,2.57105E+14,132951,2276765,0.5756
01-03-2019,M&M,EQ,645.9,650,652,641,648.9,649.7,646.84,3957539,2.55988E+14,64075,1778738,0.4495
05-03-2019,M&M,EQ,649.7,649.85,657.9,642.05,656,656.75,651.53,6039244,3.93472E+14,85721,3366367,0.5574
06-03-2019,M&M,EQ,656.75,660,664.85,654,658.2,658.9,659.93,7495708,4.94668E+14,56527,5369807,0.7164
07-03-2019,M&M,EQ,658.9,661.7,677.5,654.2,671.8,671.8,667.85,8703088,5.81233E+14,114638,4244663,0.4877
08-03-2019,M&M,EQ,671.8,672,679.7,666.4,669.3,670.15,674.23,3877059,2.61405E+14,89655,1542711,0.3979
11-03-2019,M&M,EQ,670.15,671.95,683.85,671.5,680.5,681.05,680.24,4027884,2.73993E+14,173201,2653621,0.6588
12-03-2019,M&M,EQ,681.05,686.9,693.1,683.35,684.4,687.9,688.02,3876498,2.66709E+14,96503,2369844,0.6113
13-03-2019,M&M,EQ,687.9,688.4,689.4,681.25,683.9,684.2,685.04,1808059,1.23859E+14,97174,1078276,0.5964
14-03-2019,M&M,EQ,684.2,683,688,677.15,685.5,685.9,684.4,1901877,1.30164E+14,40674,893157,0.4696
15-03-2019,M&M,EQ,685.9,688.25,697,687,696.3,694.6,693.73,5208071,3.61301E+14,97889,3362158,0.6456
18-03-2019,M&M,EQ,694.6,696,704.2,682.05,685,685.4,690.91,3050835,2.10785E+14,68984,1428776,0.4683
19-03-2019,M&M,EQ,685.4,686,693.8,675.1,690.95,689.4,683.82,2331409,1.59427E+14,63255,1035119,0.444
20-03-2019,M&M,EQ,689.4,689,694.35,676.15,679.4,678.6,683.96,2369729,1.62079E+14,45539,1235617,0.5214
22-03-2019,M&M,EQ,678.6,678.7,684.5,670,677,678.8,677.49,2770303,1.87685E+14,75944,1375543,0.4965
25-03-2019,M&M,EQ,678.8,672,675,663.4,663.8,664.6,667.86,2337486,1.56111E+14,46264,1395237,0.5969
26-03-2019,M&M,EQ,664.6,664.65,672.4,661,669.5,669.6,665.6,2434715,1.62054E+14,50316,1087862,0.4468
27-03-2019,M&M,EQ,669.6,672.05,672.65,658.55,659,660.05,664.74,2426853,1.61323E+14,54499,1362207,0.5613
28-03-2019,M&M,EQ,660.05,659.05,662.75,653.6,655.2,655.95,657.01,3910004,2.56893E+14,82032,2275510,0.582
29-03-2019,M&M,EQ,655.95,659.6,675.75,657.75,675,673.9,670.41,3955604,2.65187E+14,77983,2040132,0.5158
01-04-2019,M&M,EQ,673.9,678.15,689,659,661.9,660.9,672.29,5458057,3.66941E+14,105484,2508348,0.4596
02-04-2019,M&M,EQ,660.9,665,670.9,661.45,670.5,668.6,665.9,3802792,2.53227E+14,79621,2090857,0.5498
03-04-2019,M&M,EQ,668.6,672.8,676.75,656.9,659.65,658.45,666.6,2745080,1.82988E+14,63426,1373180,0.5002
04-04-2019,M&M,EQ,658.45,661,662.7,651.2,653.05,653.35,653.98,3684739,2.40974E+14,140982,1939503,0.5264
05-04-2019,M&M,EQ,653.35,657.5,663,654,658.1,658.2,657.1,2694077,1.77029E+14,49092,1145003,0.425
08-04-2019,M&M,EQ,658.2,660.4,668.35,658.3,666.65,667,665.36,3413270,2.27107E+14,61854,1633176,0.4785
09-04-2019,M&M,EQ,667,667.8,669.8,660.45,668.1,667.85,665.24,2401571,1.59761E+14,57630,1030018,0.4289
10-04-2019,M&M,EQ,667.85,672.6,675,663.1,669.95,670.25,670.25,2499060,1.67499E+14,42442,909412,0.3639
11-04-2019,M&M,EQ,670.25,669.3,679.75,669.3,674,672.75,674.24,4863931,3.27945E+14,76629,3223064,0.6626
12-04-2019,M&M,EQ,672.75,674,679.5,667.55,677.95,678.2,672.42,3302657,2.22076E+14,72678,2105838,0.6376
15-04-2019,M&M,EQ,678.2,680,686,673.3,684.8,683.2,680.23,2408677,1.63846E+14,66027,1230701,0.5109
16-04-2019,M&M,EQ,683.2,687.25,695.5,684.8,689.8,688.1,690.06,3002929,2.0722E+14,118023,1851002,0.6164
18-04-2019,M&M,EQ,688.1,689.6,691.95,681.25,682.05,684.65,685.38,2996875,2.05401E+14,110035,1887219,0.6297
22-04-2019,M&M,EQ,684.65,681,685.75,670.9,673,673.4,676.31,1483513,1.00332E+14,66302,837151,0.5643
23-04-2019,M&M,EQ,673.4,671,675.85,663.75,665,665.75,666.77,3248237,2.16584E+14,69266,2336334,0.7193
24-04-2019,M&M,EQ,665.75,668,669.2,662.25,669,668.15,665.49,2247998,1.49602E+14,98363,1351604,0.6012
25-04-2019,M&M,EQ,668.15,671.8,673,664,665,665.15,665.64,3169504,2.10974E+14,94312,2106803,0.6647
26-04-2019,M&M,EQ,665.15,666.6,668.4,651.5,658.4,659.45,660.65,3632433,2.39975E+14,93699,2302967,0.634
30-04-2019,M&M,EQ,659.45,659.7,662.2,640,646,645.3,647.06,5042085,3.26251E+14,113311,3772373,0.7482
02-05-2019,M&M,EQ,645.3,646,660.7,635.2,645.05,645.9,648,3007579,1.94892E+14,64274,1487887,0.4947
03-05-2019,M&M,EQ,645.9,645.05,652.5,642.85,645,645.8,645.86,2330580,1.50523E+14,85881,1474170,0.6325
06-05-2019,M&M,EQ,645.8,640,645,635.1,638,638.5,639.27,1498420,9.57894E+13,48879,840152,0.5607
07-05-2019,M&M,EQ,638.5,641.75,642.9,634.2,635.55,636,637.64,3160875,2.0155E+14,72445,2366596,0.7487
08-05-2019,M&M,EQ,636,635.55,637,619,624.6,621.65,631.73,3853705,2.43449E+14,51461,3092701,0.8025
09-05-2019,M&M,EQ,621.65,620.9,627.95,616.1,625.8,625.45,621.74,1366143,8.4938E+13,52412,538598,0.3942
10-05-2019,M&M,EQ,625.45,626.25,631.85,619,625.85,628.75,624.59,2093110,1.30733E+14,55778,1074491,0.5133
13-05-2019,M&M,EQ,628.75,628.7,628.7,615,616.9,617.6,621.36,1463136,9.0913E+13,43320,896064,0.6124
14-05-2019,M&M,EQ,617.6,616.9,620.55,610.55,614.6,614.25,614.69,2756314,1.69427E+14,60479,1534172,0.5566
15-05-2019,M&M,EQ,614.25,618,628.4,606.95,607.4,609.65,620.05,2805369,1.73948E+14,52615,1310523,0.4671
16-05-2019,M&M,EQ,609.65,610,612.65,597.2,607.3,605.25,603.62,1940170,1.17112E+14,66062,770088,0.3969
17-05-2019,M&M,EQ,605.25,607,622.5,607,619.2,619.65,618.21,2599966,1.60733E+14,73521,1119126,0.4304
20-05-2019,M&M,EQ,619.65,635,662.5,632.25,654.3,653.25,650.96,4938702,3.21489E+14,121938,3056090,0.6188
21-05-2019,M&M,EQ,653.25,660,662.7,634.4,640.1,639.15,646.52,2150188,1.39013E+14,58058,981063,0.4563
22-05-2019,M&M,EQ,639.15,643.85,643.85,631.25,640.95,640.55,637.73,1458607,9.302E+13,61986,531428,0.3643
23-05-2019,M&M,EQ,640.55,650,655,635.1,639.55,639.5,644.98,3161573,2.03916E+14,89038,1620210,0.5125
24-05-2019,M&M,EQ,639.5,644.75,667.5,637.85,665.7,665.45,657.95,3165620,2.08281E+14,67984,1359663,0.4295
27-05-2019,M&M,EQ,665.45,667.7,683,665,678.75,679.35,675.13,2987573,2.01701E+14,59554,1410137,0.472
28-05-2019,M&M,EQ,679.35,680,682.25,667.25,669.6,670.55,672.74,5411769,3.64071E+14,88294,4108157,0.7591
29-05-2019,M&M,EQ,670.55,668,677.5,660.85,671.15,672.15,670.44,5418102,3.63252E+14,90056,1932189,0.3566
30-05-2019,M&M,EQ,672.15,660,667.5,656.35,658.5,661.7,661.57,5394745,3.56899E+14,112557,2758220,0.5113
31-05-2019,M&M,EQ,661.7,659.7,665.95,645.1,648,647.05,654.68,4226041,2.76669E+14,102072,2411620,0.5707
03-06-2019,M&M,EQ,647.05,647.05,659,635.05,653.4,653.4,647.71,4170532,2.70128E+14,99650,1375593,0.3298
04-06-2019,M&M,EQ,653.4,654.8,659.4,647.8,651,650.75,654.18,1640476,1.07316E+14,32626,566008,0.345
06-06-2019,M&M,EQ,650.75,654.3,655.5,631.35,635,634.1,639.71,3846513,2.46066E+14,74403,2479547,0.6446
07-06-2019,M&M,EQ,634.1,640,645.7,630.05,643,644.05,639.98,2173168,1.39079E+14,49714,915208,0.4211
10-06-2019,M&M,EQ,644.05,643.4,649.4,638.2,647,646.95,644.23,2306052,1.48562E+14,65270,889323,0.3856
11-06-2019,M&M,EQ,646.95,647.95,647.95,636,636.5,636.85,639.27,2274832,1.45422E+14,58902,1259767,0.5538
12-06-2019,M&M,EQ,636.85,633,638.9,629.45,633,632.2,633.63,1734002,1.09872E+14,33052,852581,0.4917
13-06-2019,M&M,EQ,632.2,632,642.7,628.1,640.1,641.05,635.18,2141936,1.36051E+14,50043,1258691,0.5876
14-06-2019,M&M,EQ,641.05,640.05,641,633.4,635.4,637.25,637.62,1338649,8.53548E+13,41734,781115,0.5835
17-06-2019,M&M,EQ,637.25,641,641.95,622.25,625,625.05,632.42,2647789,1.67452E+14,73918,1525762,0.5581
18-06-2019,M&M,EQ,625.05,624,629.8,620.1,628,625.9,625.4,2252507,1.40872E+14,66031,1249973,0.5372
19-06-2019,M&M,EQ,625.9,629.85,632.35,608,618,615.15,617.57,2316163,1.43039E+14,83675,1190842,0.5141
20-06-2019,M&M,EQ,615.15,614.8,630.95,611.25,630.4,627.15,622.74,2283701,1.42215E+14,77280,1200837,0.5258
21-06-2019,M&M,EQ,627.15,627,633.45,622.25,627.15,627.45,627.38,2713987,1.7027E+14,67839,1327132,0.489
24-06-2019,M&M,EQ,627.45,626,637,626,636.7,634.85,633.2,2166403,1.37177E+14,61754,1249576,0.5768
25-06-2019,M&M,EQ,634.85,635,644.65,635,641.65,641.65,641.39,3352119,2.15002E+14,112562,1948064,0.5811
26-06-2019,M&M,EQ,641.65,640,647.5,640,643.55,643.5,644.73,2124949,1.37001E+14,54178,1370708,0.6451
27-06-2019,M&M,EQ,643.5,645,660.8,645,658.45,657.9,655.48,3744033,2.45413E+14,76388,2221643,0.5934
28-06-2019,M&M,EQ,657.9,659.8,662.45,651.5,655.6,655.35,655.56,3503838,2.29696E+14,54875,2474325,0.7062
01-07-2019,M&M,EQ,655.35,657.3,663.45,654.45,660,660,659.9,3547891,2.34124E+14,65466,2527054,0.7123
02-07-2019,M&M,EQ,660,661,668.5,656.3,667.6,666.25,661.25,2275170,1.50446E+14,40271,1452611,0.6385
03-07-2019,M&M,EQ,666.25,668.95,675,663.3,668.25,669.25,668.97,2615478,1.74969E+14,131607,1139782,0.4358
04-07-2019,M&M,EQ,669.25,671.5,674.2,665.3,670.7,672.15,670.23,1777421,1.19129E+14,105176,1035985,0.5829
05-07-2019,M&M,EQ,672.15,672,675.3,638.5,640.35,642.05,659.37,3039710,2.00429E+14,49711,1426376,0.4692
08-07-2019,M&M,EQ,642.05,640.35,645.2,626.2,635.85,635.85,637.68,3903971,2.48947E+14,94410,2320009,0.5943
09-07-2019,M&M,EQ,635.85,632,638.5,630,633.5,632.7,633.87,1260744,7.99146E+13,35909,615947,0.4886
10-07-2019,M&M,EQ,632.7,630,636.1,619.1,623.5,621.65,625.07,2081711,1.30121E+14,72976,1067225,0.5127
11-07-2019,M&M,EQ,621.65,625.4,635.65,623.6,634.2,634.15,629.86,1399434,8.81442E+13,47575,554355,0.3961
12-07-2019,M&M,EQ,634.15,634.1,637,628.5,630.05,631.9,632.42,1806912,1.14273E+14,57763,983307,0.5442
15-07-2019,M&M,EQ,631.9,632.05,638,625.45,632.6,631.85,631.27,2223638,1.40372E+14,41779,1339461,0.6024
16-07-2019,M&M,EQ,631.85,624.7,627.9,618.85,623.5,622.9,623.6,3177195,1.98129E+14,74660,2088720,0.6574
17-07-2019,M&M,EQ,622.9,623,626.45,615.3,618.4,617.95,619.79,1881478,1.16612E+14,46898,971775,0.5165
18-07-2019,M&M,EQ,617.95,613.9,616.45,595,598.5,597.4,601.71,4915489,2.95772E+14,100673,2837989,0.5774
19-07-2019,M&M,EQ,597.4,601.15,601.5,570,571.2,571.3,580.72,6294798,3.65551E+14,135956,3151939,0.5007
22-07-2019,M&M,EQ,571.3,571.3,576.7,559.9,563.95,564.9,566.45,4198301,2.37814E+14,106121,2066374,0.4922
23-07-2019,M&M,EQ,564.9,566.1,567,555.85,557.7,559.1,561.4,4805198,2.69762E+14,74981,3100125,0.6452
24-07-2019,M&M,EQ,559.1,557,557.9,546,547.75,550,551.31,3041526,1.67683E+14,104296,1740516,0.5723
25-07-2019,M&M,EQ,550,550,553,541.9,548,547.55,546.94,4763735,2.60546E+14,79171,2889305,0.6065
26-07-2019,M&M,EQ,547.55,545.9,566.4,545,564.7,564.45,560.54,5063750,2.83843E+14,99475,2681563,0.5296
29-07-2019,M&M,EQ,564.45,564,565,552.15,552.45,553.15,556.17,2984154,1.65969E+14,57320,1779712,0.5964
30-07-2019,M&M,EQ,553.15,551.8,561.3,547.55,549.2,548.75,553.07,3186153,1.76217E+14,60814,1731426,0.5434
31-07-2019,M&M,EQ,548.75,546.6,553.8,541.75,549.3,550,548.19,2986522,1.63718E+14,58509,1677472,0.5617
01-08-2019,M&M,EQ,550,546,551.8,539.3,547.2,548.55,544.91,2737518,1.49169E+14,62738,1458345,0.5327
02-08-2019,M&M,EQ,548.55,544.9,563.85,542.15,557.3,556.45,555.64,5848740,3.24977E+14,91438,3398491,0.5811
05-08-2019,M&M,EQ,556.45,550.45,554.25,542.35,548.55,545.45,547.23,3152495,1.72515E+14,74981,1922942,0.61
06-08-2019,M&M,EQ,545.45,543,552.25,543,549.45,549.45,548.43,2811436,1.54188E+14,113506,1709485,0.608
07-08-2019,M&M,EQ,549.45,551.5,551.5,515,516.9,518.3,533.73,8411409,4.48945E+14,154326,2681856,0.3188
08-08-2019,M&M,EQ,518.3,518.5,541.5,516.35,538,539.55,527.06,5648169,2.9769E+14,95120,2543166,0.4503
09-08-2019,M&M,EQ,539.55,540.9,548.3,530,545.1,545.55,540.4,4313483,2.331E+14,80047,1311595,0.3041
13-08-2019,M&M,EQ,545.55,545,545,510.25,513.55,512.4,520.46,3618940,1.88352E+14,87267,1298736,0.3589
14-08-2019,M&M,EQ,512.4,515.9,525.85,502.55,522,523.55,514.88,4641413,2.38976E+14,95169,1428435,0.3078
16-08-2019,M&M,EQ,523.55,524.7,531.9,515.55,527.05,527.85,526.42,3120580,1.64273E+14,63653,1317084,0.4221
19-08-2019,M&M,EQ,527.85,527,535.75,518,522,520.55,526.48,2998027,1.57841E+14,66535,923146,0.3079
20-08-2019,M&M,EQ,520.55,522.9,535,517.5,527.85,527.8,526.17,3175896,1.67106E+14,71606,779296,0.2454
21-08-2019,M&M,EQ,527.8,528.3,535.6,518.1,521.55,520.9,526.24,2709407,1.42579E+14,42676,533840,0.197
22-08-2019,M&M,EQ,520.9,521.55,523.75,509.85,511.85,511.8,516.78,2516270,1.30036E+14,77369,917740,0.3647
23-08-2019,M&M,EQ,511.8,511,536.3,509.25,536,533.25,526.4,2807785,1.47801E+14,73473,885795,0.3155
26-08-2019,M&M,EQ,533.25,552.7,552.7,528.9,543.2,544.3,540.98,4036331,2.18359E+14,108014,1288827,0.3193
27-08-2019,M&M,EQ,544.3,547,559,544.5,556.9,554.05,552.69,4144339,2.29053E+14,124491,1981965,0.4782
28-08-2019,M&M,EQ,554.05,556.7,559.9,534.75,540.55,539.7,545.68,3322911,1.81323E+14,66122,1540123,0.4635
29-08-2019,M&M,EQ,539.7,536,544.2,524.25,530.8,528,532.67,4399017,2.34323E+14,119441,2056228,0.4674
30-08-2019,M&M,EQ,528,530.6,532.9,519.05,529.8,528.8,525.51,2929342,1.53939E+14,76030,1236202,0.422
03-09-2019,M&M,EQ,528.8,518.65,521.9,513,515.5,515.45,516.62,3379359,1.74584E+14,64677,1578060,0.467
04-09-2019,M&M,EQ,515.45,516,519.75,503.15,506,505.7,507.52,3431149,1.74137E+14,71696,1222133,0.3562
05-09-2019,M&M,EQ,505.7,506.85,519.5,506.7,518,517,515.36,2329699,1.20062E+14,58227,807102,0.3464
06-09-2019,M&M,EQ,517,519.45,531,514.6,530.8,529.5,522.95,2670087,1.39632E+14,42854,577023,0.2161
09-09-2019,M&M,EQ,529.5,523.65,536.75,522,534,532.55,530.99,3061953,1.62587E+14,52439,981989,0.3207
11-09-2019,M&M,EQ,532.55,533.2,548.25,533.2,545.5,545.75,543.34,3224627,1.75205E+14,86168,1157830,0.3591
12-09-2019,M&M,EQ,545.75,546.1,551.95,540.25,543.25,543.6,544.61,3726538,2.02952E+14,57913,1962190,0.5265
13-09-2019,M&M,EQ,543.6,542,552.8,541.5,551.05,551.25,549.09,4358612,2.39326E+14,53044,2388508,0.548
16-09-2019,M&M,EQ,551.25,545,550.5,535.65,536.5,536.95,541.3,2441611,1.32166E+14,58484,907006,0.3715
17-09-2019,M&M,EQ,536.95,537.5,539.5,520,523,521.95,528.92,2445056,1.29325E+14,74293,827718,0.3385
18-09-2019,M&M,EQ,521.95,525,531.35,518.2,528.5,527,526.33,2401637,1.26406E+14,56403,790655,0.3292
19-09-2019,M&M,EQ,527,529,529.45,513,520,519.3,519.5,2336366,1.21374E+14,62739,1078357,0.4616
20-09-2019,M&M,EQ,519.3,524.45,574,518.65,567,568.9,552.72,14378491,7.94724E+14,192324,6822548,0.4745
23-09-2019,M&M,EQ,568.9,576.25,602.2,552,569.2,565,571.95,9599883,5.49062E+14,196321,4300041,0.4479
24-09-2019,M&M,EQ,565,563.9,575.4,554.6,559.95,558.75,562.99,3615703,2.03562E+14,73364,1317564,0.3644
25-09-2019,M&M,EQ,558.75,558.7,558.7,528,535,534.7,537.98,5044376,2.71375E+14,100823,1659837,0.329
26-09-2019,M&M,EQ,534.7,537.9,569.75,536,565,566.95,556.59,6270296,3.48996E+14,115829,1976907,0.3153
27-09-2019,M&M,EQ,566.95,562.8,567.8,549.15,553,555.1,556.81,4326078,2.4088E+14,95751,995081,0.23
30-09-2019,M&M,EQ,555.1,557.75,558.55,540.3,548,547.15,547.2,3381186,1.85019E+14,74167,992431,0.2935
01-10-2019,M&M,EQ,547.15,551,566.1,536.6,559,556.7,555.06,5664019,3.14385E+14,104246,1148975,0.2029
03-10-2019,M&M,EQ,556.7,558,564.95,547.1,562,562.7,557.8,3797753,2.11839E+14,68853,855822,0.2253
04-10-2019,M&M,EQ,562.7,565.05,575,555.45,560.9,564.25,567.82,4653685,2.64245E+14,87771,1274639,0.2739
07-10-2019,M&M,EQ,564.25,561.1,562.9,546.5,554.2,552.95,554.38,2367535,1.31251E+14,55176,371702,0.157
09-10-2019,M&M,EQ,552.95,556,578.8,550.95,576.9,576.55,568.5,4863273,2.76479E+14,70213,1600029,0.329
10-10-2019,M&M,EQ,576.55,576,576,559.25,566.55,566.05,565.22,2156410,1.21884E+14,52190,350906,0.1627
11-10-2019,M&M,EQ,566.05,568.55,574.3,554.1,559.75,560.1,561.31,3133395,1.75881E+14,56926,1023554,0.3267
14-10-2019,M&M,EQ,560.1,562.9,572.35,554.55,567.8,568.65,565.05,2630640,1.48645E+14,38514,715525,0.272
15-10-2019,M&M,EQ,568.65,568,586.55,565.2,582.5,583.4,579.97,4967499,2.88098E+14,56680,1439677,0.2898
16-10-2019,M&M,EQ,583.4,582.5,586.9,575.35,583.4,584.25,581.04,2279203,1.3243E+14,55728,499405,0.2191
17-10-2019,M&M,EQ,584.25,581.1,596.35,578.75,589,593.3,589.45,3744228,2.20703E+14,93157,1426368,0.381
18-10-2019,M&M,EQ,593.3,589,595.5,583.6,594.2,593.3,590.14,2955289,1.74402E+14,64281,963720,0.3261
22-10-2019,M&M,EQ,593.3,593.4,601.2,587.45,596.85,595.8,595.39,3494913,2.08083E+14,69733,1415725,0.4051
23-10-2019,M&M,EQ,595.8,596.9,599.65,587.15,591.55,591.85,593.99,2371317,1.40854E+14,55265,1049288,0.4425
24-10-2019,M&M,EQ,591.85,592,595.5,578.6,582,581.05,584.51,2212393,1.29317E+14,48698,657937,0.2974
25-10-2019,M&M,EQ,581.05,585.7,585.7,570.25,576.75,577.7,575.81,2284548,1.31546E+14,50533,720007,0.3152
27-10-2019,M&M,EQ,577.7,584.45,595,580,589.5,591.5,589.28,852012,5.02076E+13,15271,154974,0.1819
29-10-2019,M&M,EQ,591.5,595.45,618,592.5,610.1,611.8,608.48,6543163,3.98136E+14,96302,2839508,0.434
30-10-2019,M&M,EQ,611.8,617.2,619.9,605,618,616.55,612.78,4296705,2.63294E+14,66355,2165298,0.5039
31-10-2019,M&M,EQ,616.55,617.6,621.65,603.75,606,606.45,609.24,4595842,2.79995E+14,83216,2227601,0.4847
01-11-2019,M&M,EQ,606.45,609,609.75,581,590,589.75,591.99,7558094,4.47433E+14,134414,3443121,0.4556
04-11-2019,M&M,EQ,589.75,591,594.55,581.9,585.4,586.4,587.64,3128961,1.83872E+14,62578,1168924,0.3736
05-11-2019,M&M,EQ,586.4,583.3,590.6,577.1,579,580.15,583.04,2653917,1.54733E+14,55723,974638,0.3672
06-11-2019,M&M,EQ,580.15,590.25,590.3,577.1,578,579.8,581.92,2763550,1.60816E+14,62094,710248,0.257
07-11-2019,M&M,EQ,579.8,579.8,583.5,572,580.05,580.35,578.01,3279435,1.89553E+14,53215,1332390,0.4063
08-11-2019,M&M,EQ,580.35,578,596.5,576.85,581.9,580,588.59,8374614,4.92924E+14,110648,1145530,0.1368
11-11-2019,M&M,EQ,580,581.7,586.95,570,576.15,575,576.6,3492576,2.01381E+14,55706,863822,0.2473
13-11-2019,M&M,EQ,575,574,580.9,572,573.05,574.7,576.22,3342543,1.92604E+14,82429,1575005,0.4712
14-11-2019,M&M,EQ,574.7,575.2,579.65,567.75,579,578.45,574.9,2193683,1.26115E+14,38502,851844,0.3883
15-11-2019,M&M,EQ,578.45,583.75,590.85,579.75,581.8,583.05,586.13,3063043,1.79536E+14,55499,1204048,0.3931
18-11-2019,M&M,EQ,583.05,580.1,582.6,571.8,573.4,573.7,574.68,3212994,1.84643E+14,67530,1777776,0.5533
19-11-2019,M&M,EQ,573.7,573.75,575,559.65,561,560.65,564.14,3208662,1.81013E+14,72159,1494339,0.4657
20-11-2019,M&M,EQ,560.65,562.25,568.45,557.5,560.15,560.45,563.15,2876499,1.61989E+14,68274,966699,0.3361
21-11-2019,M&M,EQ,560.45,560.5,562.65,550.2,550.9,551.8,554.81,3346254,1.85653E+14,48636,1709428,0.5108
22-11-2019,M&M,EQ,551.8,554.75,555,539.2,545.85,546,544.65,2798026,1.52395E+14,58740,1040126,0.3717
25-11-2019,M&M,EQ,546,547.5,552.85,546.25,547.8,547.8,548.99,3054435,1.67686E+14,39485,1375084,0.4502
26-11-2019,M&M,EQ,547.8,550,552.9,536.95,538.25,538.6,542.15,4408905,2.39028E+14,60523,2862409,0.6492
27-11-2019,M&M,EQ,538.6,542,554.5,535,540.7,539.95,544.59,6630809,3.61105E+14,89175,2345695,0.3538
28-11-2019,M&M,EQ,539.95,541.9,543.3,536.25,541.65,541.95,540.28,2426425,1.31096E+14,63138,781656,0.3221
29-11-2019,M&M,EQ,541.95,543,543.8,528.25,529.65,530.55,534.04,3328894,1.77775E+14,81277,1370880,0.4118
02-12-2019,M&M,EQ,530.55,525,537.5,523.5,534.15,534.15,532.1,4087250,2.17482E+14,58125,1176003,0.2877
03-12-2019,M&M,EQ,534.15,537.25,537.25,522,522.9,522.9,528.18,3052238,1.61214E+14,55148,1266062,0.4148
04-12-2019,M&M,EQ,522.9,522.8,529.25,519.15,525.3,525.55,524.49,2612985,1.37048E+14,99420,882553,0.3378
05-12-2019,M&M,EQ,525.55,525.55,531.15,522,524,524.75,525.56,2332044,1.22563E+14,50477,874178,0.3749
06-12-2019,M&M,EQ,524.75,527.8,527.9,508.1,510,510.2,515.59,3409528,1.7579E+14,65372,1232942,0.3616
09-12-2019,M&M,EQ,510.2,510.2,518.5,510.05,514.3,513.65,514.73,2566094,1.32085E+14,47438,566283,0.2207
10-12-2019,M&M,EQ,513.65,514.6,514.85,503.75,507.35,505.75,508.55,2462096,1.2521E+14,53962,730442,0.2967
11-12-2019,M&M,EQ,505.75,507.65,511.4,502.65,507.5,507.75,507.2,2148791,1.08987E+14,57820,593149,0.276
12-12-2019,M&M,EQ,507.75,511,514.25,508.2,511.3,511.9,511.95,2994158,1.53287E+14,46025,1200221,0.4009
13-12-2019,M&M,EQ,511.9,514.55,522.8,513.75,516.25,516.2,518.12,4066433,2.1069E+14,59363,1483076,0.3647
16-12-2019,M&M,EQ,516.2,516,519.8,507.6,508.55,508.85,513.14,2346317,1.204E+14,41521,823637,0.351
17-12-2019,M&M,EQ,508.85,509.9,512.75,505,505.8,505.85,507.77,3521314,1.78802E+14,53296,1825512,0.5184
18-12-2019,M&M,EQ,505.85,506.9,524.9,506.5,524,522.65,519.01,10092679,5.23824E+14,149720,3545202,0.3513
19-12-2019,M&M,EQ,522.65,524.5,538.8,524.5,533.5,535.4,534.35,10732682,5.735E+14,125488,2746863,0.2559
20-12-2019,M&M,EQ,535.4,533.5,539.65,528.5,530.8,530.6,533.48,4746509,2.53215E+14,76809,1729673,0.3644
23-12-2019,M&M,EQ,530.6,529.95,535.9,524.7,526.4,525.9,530.11,2963573,1.57102E+14,42909,1035989,0.3496
24-12-2019,M&M,EQ,525.9,529,532.65,526.2,527.5,527.5,529.17,2372038,1.25522E+14,31165,425197,0.1793
26-12-2019,M&M,EQ,527.5,530,536.2,527.05,528.25,528.35,532.51,4623580,2.4621E+14,54008,644356,0.1394
27-12-2019,M&M,EQ,528.35,529.9,532.75,525.05,531.15,530.15,528.76,3017840,1.59572E+14,33882,758392,0.2513
30-12-2019,M&M,EQ,530.15,531.35,539.85,531.35,537.95,536.9,535.25,4697710,2.51446E+14,50965,805644,0.1715
31-12-2019,M&M,EQ,536.9,538.65,538.65,530.6,531.25,531.55,533.64,2502181,1.33525E+14,31511,750433,0.2999
01-01-2020,M&M,EQ,531.55,532.9,538,529.55,536.95,536.6,533.95,2611808,1.39458E+14,27497,332332,0.1272
02-01-2020,M&M,EQ,536.6,537,541,533.5,539,539.85,538.71,2776519,1.49573E+14,43016,738407,0.2659
03-01-2020,M&M,EQ,539.85,538.95,539,530.4,533,532.75,533.82,1930883,1.03074E+14,30030,698561,0.3618
06-01-2020,M&M,EQ,532.75,529.9,530,520.5,523.55,524.5,523.29,2059404,1.07768E+14,34854,931642,0.4524
07-01-2020,M&M,EQ,524.5,528.9,532,523.05,526.65,526.65,527.55,2111349,1.11385E+14,34387,471935,0.2235
08-01-2020,M&M,EQ,526.65,520.9,526.45,519,524.5,524.65,522.73,1612378,8.42837E+13,33088,509565,0.316
09-01-2020,M&M,EQ,524.65,529.85,542.45,525.7,541.5,541.25,537.33,2897598,1.55697E+14,45977,871775,0.3009
10-01-2020,M&M,EQ,541.25,544.1,547.6,539.25,546.3,546.6,544.42,2355888,1.28259E+14,35902,716916,0.3043
13-01-2020,M&M,EQ,546.6,548.9,557,546.6,556,554.95,552.89,3442869,1.90353E+14,51510,1437318,0.4175
14-01-2020,M&M,EQ,554.95,554.95,563.75,554.95,562.4,562.5,559.84,2793249,1.56376E+14,50589,1332489,0.477
15-01-2020,M&M,EQ,562.5,562,571,556.7,569.3,569.75,565.24,2564513,1.44956E+14,42204,1234020,0.4812
16-01-2020,M&M,EQ,569.75,569.25,569.8,564.05,566.6,567.45,567.11,2243200,1.27215E+14,29664,1134731,0.5059
17-01-2020,M&M,EQ,567.45,566.8,574,565.15,568.5,569.3,570.16,2646260,1.5088E+14,42403,1078475,0.4075
20-01-2020,M&M,EQ,569.3,569,574,564.35,567.3,567.2,569.44,1847978,1.05231E+14,25034,553170,0.2993
21-01-2020,M&M,EQ,567.2,564,564.9,550.1,550.95,552.8,555.36,3101684,1.72255E+14,46464,1102829,0.3556
22-01-2020,M&M,EQ,552.8,553.5,556.5,549,553.65,553.6,553.51,1862669,1.03101E+14,29578,265930,0.1428
23-01-2020,M&M,EQ,553.6,553.5,567.4,549.55,566.2,566.5,561.67,2113303,1.18699E+14,29380,763220,0.3612
24-01-2020,M&M,EQ,566.5,566.1,572,564.1,569.5,567.75,569.13,2284717,1.3003E+14,40082,896886,0.3926
27-01-2020,M&M,EQ,567.75,565,582.5,563,578.35,578.3,577.5,3654906,2.11069E+14,50823,1219761,0.3337
28-01-2020,M&M,EQ,578.3,581.25,589.75,568.5,573.75,572.5,581.03,3689004,2.14344E+14,66297,1024287,0.2777
29-01-2020,M&M,EQ,572.5,577.5,580.7,572.15,576.7,577.75,576.5,1934080,1.115E+14,44201,595401,0.3078
30-01-2020,M&M,EQ,577.75,578,587.55,563.85,566.5,567.85,573.84,2901951,1.66524E+14,50548,938753,0.3235
31-01-2020,M&M,EQ,567.85,570.8,577,565.3,568.8,567.15,570.67,2352196,1.34232E+14,48884,915613,0.3893
01-02-2020,M&M,EQ,567.15,566,581.2,528.95,545.1,545.2,562.78,4034237,2.27039E+14,42908,908944,0.2253
03-02-2020,M&M,EQ,545.2,545,565.75,535.2,559.75,558.7,552.73,3818209,2.11043E+14,61630,892859,0.2338
04-02-2020,M&M,EQ,558.7,562,578.8,558.8,577.35,576.9,571.61,2793702,1.59691E+14,49302,1057850,0.3787
05-02-2020,M&M,EQ,576.9,580.25,589.85,577.4,585,584.35,584.69,3320830,1.94166E+14,54572,1043994,0.3144
06-02-2020,M&M,EQ,584.35,585,589.15,576.05,580.6,580.15,582.03,2207104,1.28459E+14,41416,778011,0.3525
07-02-2020,M&M,EQ,580.15,579,581.5,561.3,569,569.1,570.38,4083215,2.329E+14,52666,1626611,0.3984
10-02-2020,M&M,EQ,569.1,566.8,567,526.05,528.4,528.4,539.02,9648880,5.2009E+14,149883,2540595,0.2633
11-02-2020,M&M,EQ,528.4,533.2,537.7,522.7,523.9,524.05,529.57,5404802,2.86223E+14,96880,1419834,0.2627
12-02-2020,M&M,EQ,524.05,526.65,534.3,523.9,531.9,531,529.25,3426829,1.81364E+14,69539,921023,0.2688
13-02-2020,M&M,EQ,531,530.45,538,528.3,533.25,533.6,533.73,3392352,1.81061E+14,43781,918442,0.2707
14-02-2020,M&M,EQ,533.6,535.25,536.95,520.65,524.1,523,528.1,3507540,1.85234E+14,65333,1296123,0.3695
17-02-2020,M&M,EQ,523,524.1,525.4,516,524.5,522.75,520.97,2652464,1.38186E+14,61444,984511,0.3712
18-02-2020,M&M,EQ,522.75,520.5,524.9,514.1,523.2,523.2,519.88,2868873,1.49148E+14,54410,1158867,0.4039
19-02-2020,M&M,EQ,523.2,528.15,529.65,521.8,528.55,526.4,525.03,1952880,1.02532E+14,36230,532358,0.2726
20-02-2020,M&M,EQ,526.4,525.9,533,523,524.3,524.85,528.45,2077458,1.09784E+14,37210,526667,0.2535
24-02-2020,M&M,EQ,524.85,522,522,511.1,514.15,513.2,515.71,1911411,9.85726E+13,44611,845724,0.4425
25-02-2020,M&M,EQ,513.2,515.55,519.5,506.1,510,508.95,512.9,2105613,1.07997E+14,35509,720678,0.3423
26-02-2020,M&M,EQ,508.95,507.7,512.45,500,502.75,503,505.89,3058370,1.54718E+14,47336,1260428,0.4121
27-02-2020,M&M,EQ,503,504,504,487.55,496,493.5,492.92,6039260,2.97685E+14,142978,2902900,0.4807
28-02-2020,M&M,EQ,493.5,485,485,453.6,457,457.05,470.41,8613275,4.05178E+14,153523,3877985,0.4502
02-03-2020,M&M,EQ,457.05,453.55,472.45,444.35,461.9,458.3,460.01,9225488,4.24379E+14,119400,2353793,0.2551
03-03-2020,M&M,EQ,458.3,462,471,455.25,470,466.25,463.41,4582866,2.12376E+14,60825,1617456,0.3529
04-03-2020,M&M,EQ,466.25,466.05,477,457.5,473.4,474.65,466.89,5912943,2.7607E+14,92674,2486422,0.4205
05-03-2020,M&M,EQ,474.65,472.7,482.5,469,478.45,479.3,477.3,4081050,1.94787E+14,44892,1283787,0.3146
06-03-2020,M&M,EQ,479.3,458.85,473.75,456.5,470.7,471,466.55,4502562,2.10065E+14,59236,1937003,0.4302
09-03-2020,M&M,EQ,471,453.55,465.7,441,465,463.2,457.17,4540695,2.07585E+14,94537,1856405,0.4088
11-03-2020,M&M,EQ,463.2,462.85,469.65,449.7,450.65,451.6,459.98,5104926,2.34816E+14,97943,1998327,0.3915
12-03-2020,M&M,EQ,451.6,427.9,435.95,399.65,421.7,423.35,420.29,9408371,3.95427E+14,127409,4271311,0.454
13-03-2020,M&M,EQ,423.35,400.5,449.75,345.65,445.35,428.85,417.25,6230433,2.59962E+14,123154,2687488,0.4313
16-03-2020,M&M,EQ,428.85,421,428.6,388.8,394.8,391.8,401.99,3156668,1.26895E+14,61242,1237004,0.3919
17-03-2020,M&M,EQ,391.8,392,408,369.95,376.35,373.4,391.56,4526918,1.77256E+14,84025,1991426,0.4399
18-03-2020,M&M,EQ,373.4,379,383.7,339.1,345.3,346.4,357.74,6596185,2.35971E+14,148085,3414073,0.5176
19-03-2020,M&M,EQ,346.4,331.75,331.8,302,316.25,314.2,315.87,10486203,3.3123E+14,144878,5131262,0.4893
20-03-2020,M&M,EQ,314.2,316,328.2,308.25,321.3,322.6,319.03,8819560,2.81367E+14,117438,4569984,0.5182
23-03-2020,M&M,EQ,322.6,299,303.9,280.6,299.75,293.4,290.8,6001458,1.7452E+14,98906,3365118,0.5607
24-03-2020,M&M,EQ,293.4,300,309.9,264.4,270,269,284.2,6695822,1.90297E+14,94116,3357303,0.5014
25-03-2020,M&M,EQ,269,263.4,288.35,245.4,274.25,277.85,270.31,9393738,2.53919E+14,139052,4213121,0.4485
26-03-2020,M&M,EQ,277.85,277.85,294,273.1,286,285.5,283.67,7557611,2.1439E+14,100986,3497981,0.4628
27-03-2020,M&M,EQ,285.5,297,305,280.8,295,294.5,290.27,9505256,2.75913E+14,124475,4942531,0.52
30-03-2020,M&M,EQ,294.5,281.7,284.85,270,277,274.4,276.14,8942943,2.46954E+14,129852,4807530,0.5376
31-03-2020,M&M,EQ,274.4,283.85,287.2,277.8,284.45,284.95,283.89,6236769,1.77056E+14,85138,3650874,0.5854
01-04-2020,M&M,EQ,284.95,281,283,265.5,274.6,272.85,272.12,5980392,1.62739E+14,92476,2887951,0.4829
03-04-2020,M&M,EQ,272.85,274,290,271.35,281.4,280.7,283.35,6961905,1.97267E+14,111923,2094060,0.3008
07-04-2020,M&M,EQ,280.7,295.5,323.8,292.75,319,321,310.9,10795410,3.3563E+14,152828,4885131,0.4525
08-04-2020,M&M,EQ,321,315,350.4,312.8,327.5,326.4,333.07,8451196,2.81481E+14,195990,2742216,0.3245
09-04-2020,M&M,EQ,326.4,335.75,391.65,332.4,383.5,381.4,358.63,11027462,3.95481E+14,199673,3116278,0.2826
13-04-2020,M&M,EQ,381.4,380,380,355,362.35,362.85,364.64,7717757,2.81424E+14,129086,1394333,0.1807
15-04-2020,M&M,EQ,362.85,373.05,379.9,349.3,351.2,353.15,360.26,11300959,4.07125E+14,181710,3126966,0.2767
16-04-2020,M&M,EQ,353.15,343.1,360.45,343,356.5,356.7,353.45,6155773,2.17578E+14,99892,2057726,0.3343
17-04-2020,M&M,EQ,356.7,370.75,370.75,355.55,363,363.2,362.13,6178611,2.23743E+14,80038,1768406,0.2862
20-04-2020,M&M,EQ,363.2,367,367.45,354,354.05,355.85,358.25,4834224,1.73184E+14,76198,2285946,0.4729
21-04-2020,M&M,EQ,355.85,349.05,349.05,323.5,330,332.05,332.69,8003782,2.66276E+14,167070,3850271,0.4811
22-04-2020,M&M,EQ,332.05,327,345.75,320.6,338,340.2,337.66,9073718,3.06383E+14,170221,3062988,0.3376
23-04-2020,M&M,EQ,340.2,338,349.65,331.55,345.9,347.5,341.11,6738333,2.29853E+14,115896,2030876,0.3014
24-04-2020,M&M,EQ,347.5,342,344.75,332,333,334.3,338.88,5755029,1.95028E+14,119113,2549916,0.4431
27-04-2020,M&M,EQ,334.3,337.55,343.35,328.15,331.55,330.3,334.99,5770552,1.93306E+14,102139,2242071,0.3885
28-04-2020,M&M,EQ,330.3,334.45,338,328.5,337,335.95,332.92,4244522,1.41308E+14,56392,1571305,0.3702
29-04-2020,M&M,EQ,335.95,337,351.8,336.25,349,348,346.33,7748498,2.68353E+14,121151,3227750,0.4166
30-04-2020,M&M,EQ,348,355.65,368,355,367.55,366.65,363.75,7422880,2.70009E+14,124105,2834196,0.3818
04-05-2020,M&M,EQ,366.65,350.05,362.4,341.1,361.1,357.05,350.73,7125034,2.49897E+14,145606,3309544,0.4645
05-05-2020,M&M,EQ,357.05,363.75,381.8,361.45,368.5,368.15,372.43,13401811,4.9912E+14,182937,3220905,0.2403
06-05-2020,M&M,EQ,368.15,371.5,393,358.25,388,387.15,376.58,7015474,2.64189E+14,148753,1605985,0.2289
07-05-2020,M&M,EQ,387.15,387.5,403.45,385.1,401.4,400.65,396.1,12971502,5.13802E+14,190114,4027332,0.3105
08-05-2020,M&M,EQ,400.65,405,407.9,380.7,386,386.7,390.69,9445656,3.69031E+14,127252,2799880,0.2964
11-05-2020,M&M,EQ,386.7,388.5,402,384.35,387.9,390.1,393.43,7658641,3.01313E+14,161111,1176423,0.1536
12-05-2020,M&M,EQ,390.1,388.9,395.2,380.2,394.25,393.05,386.43,4686856,1.81114E+14,88743,891992,0.1903
13-05-2020,M&M,EQ,393.05,415,418.9,404.25,410,413.05,411.46,7362761,3.02951E+14,137227,2458479,0.3339
14-05-2020,M&M,EQ,413.05,401.5,407.5,396,402.5,400.45,400.92,4766174,1.91084E+14,79776,831961,0.1746
15-05-2020,M&M,EQ,400.45,402.75,403.95,373.2,381.85,381.3,382.93,14226558,5.44783E+14,195610,4758044,0.3344
18-05-2020,M&M,EQ,381.3,382.1,383.5,367.25,375,377.2,375.42,7717690,2.89736E+14,87264,2057002,0.2665
19-05-2020,M&M,EQ,377.2,384,391,371.2,383,382.9,385.05,5950063,2.2911E+14,74801,1121463,0.1885
20-05-2020,M&M,EQ,382.9,382.9,413.7,379.7,404.75,405.05,398.6,10608571,4.22855E+14,139807,2375430,0.2239
21-05-2020,M&M,EQ,405.05,400.15,412.2,397.8,406.6,408.3,406.56,6249310,2.54071E+14,78139,1077115,0.1724
22-05-2020,M&M,EQ,408.3,404,430.35,398.7,426.4,426.35,416.73,10016213,4.17408E+14,110726,2984328,0.2979
26-05-2020,M&M,EQ,426.35,427,435.2,421.65,426.9,429.15,429.31,5895379,2.53097E+14,86808,1178133,0.1998
27-05-2020,M&M,EQ,429.15,426.5,434.95,415,430.95,432.5,424.82,7591378,3.22497E+14,101268,1572907,0.2072
28-05-2020,M&M,EQ,432.5,429.5,444,423.85,437,440.4,434.73,7451065,3.2392E+14,100254,1506094,0.2021
29-05-2020,M&M,EQ,440.4,434,450,431.1,436.4,436.35,438.9,9539037,4.18665E+14,105176,3524317,0.3695
01-06-2020,M&M,EQ,436.35,441.85,470.5,441.5,461.1,461.1,460.26,9668052,4.44982E+14,128606,2120579,0.2193
02-06-2020,M&M,EQ,461.1,465.1,478.85,460.85,462.9,462.85,467.87,8521141,3.98679E+14,107017,1431173,0.168
03-06-2020,M&M,EQ,462.85,470,492.6,466.5,488,485.1,479.76,9873439,4.73692E+14,114030,2523350,0.2556
04-06-2020,M&M,EQ,485.1,485.3,486.25,469.4,477.1,478.45,476.92,5829515,2.78023E+14,99539,1080258,0.1853
05-06-2020,M&M,EQ,478.45,479,489.45,475.4,484.3,484.2,482.43,6265849,3.02284E+14,98856,1496751,0.2389
08-06-2020,M&M,EQ,484.2,485.5,494.15,468.25,471.25,470.85,482.67,5955229,2.8744E+14,97007,1299222,0.2182
09-06-2020,M&M,EQ,470.85,473.8,482.8,463.3,475.65,478.75,472.24,7656758,3.61583E+14,102350,1549853,0.2024
10-06-2020,M&M,EQ,478.75,476.15,483.7,468.85,474.9,472.05,475.95,4849036,2.30791E+14,101470,1281410,0.2643
11-06-2020,M&M,EQ,472.05,472,480,469.5,473.5,474.55,475.92,4331785,2.06157E+14,73370,1104479,0.255
12-06-2020,M&M,EQ,474.55,457,512.9,456.1,510.45,508.45,484.85,18369324,8.9063E+14,207214,4600922,0.2505
15-06-2020,M&M,EQ,508.45,505.15,520.95,498.7,510,508.15,512.48,17605886,9.02264E+14,214315,4708895,0.2675
16-06-2020,M&M,EQ,508.15,517.1,519,501.3,506,506.75,511.35,6712936,3.43267E+14,99188,2266547,0.3376
17-06-2020,M&M,EQ,506.75,504.9,504.9,492.5,497,497.6,497.59,9274056,4.61463E+14,109803,3279267,0.3536
18-06-2020,M&M,EQ,497.6,496.9,508.9,492,506,506.6,502.92,7114852,3.5782E+14,108621,2949105,0.4145
19-06-2020,M&M,EQ,506.6,506.6,506.6,496.4,499.95,500.05,501.48,9811021,4.92001E+14,104861,4684484,0.4775
22-06-2020,M&M,EQ,500.05,501.75,502.25,494.1,498.5,498.75,498,5149781,2.56461E+14,96936,2001147,0.3886
23-06-2020,M&M,EQ,498.75,500,519.9,497.6,515.05,516.4,509.44,9132472,4.65241E+14,132410,2125881,0.535
24-06-2020,M&M,EQ,516.4,520,527.65,512.55,515,515.35,519.85,7569986,3.93528E+14,147317,3061414,0.4044
25-06-2020,M&M,EQ,515.35,509.9,516.35,503.35,506.7,507.25,508.87,5249631,2.67136E+14,74896,2084349,0.397
26-06-2020,M&M,EQ,507.25,515,515.25,498.7,500,501.4,506.47,4079405,2.0661E+14,83611,1733586,0.425
29-06-2020,M&M,EQ,501.4,494.1,510.95,493.05,505.1,507.45,503.55,4459962,2.24582E+14,77159,1216342,0.2727
30-06-2020,M&M,EQ,507.45,509,515.5,507.1,510.65,510.7,510.71,5487685,2.8026E+14,83132,2514735,0.4583
01-07-2020,M&M,EQ,510.7,513.75,521.4,494.25,502.3,498.95,508.38,8990865,4.5708E+14,111670,3104479,0.3453
02-07-2020,M&M,EQ,498.95,506.5,532,504.4,531,529.7,521.24,16513525,8.60751E+14,187316,4282980,0.2594
03-07-2020,M&M,EQ,529.7,531.4,535.5,524.2,532.3,530.5,529.59,7982336,4.22733E+14,116954,2609627,0.3269
06-07-2020,M&M,EQ,530.5,533.65,573.55,533.65,569.7,570.55,558.33,16728409,9.33989E+14,192165,2807917,0.1679
07-07-2020,M&M,EQ,570.55,565,568,551.65,560.3,560,559,9208254,5.14738E+14,161209,1831050,0.1988
08-07-2020,M&M,EQ,560,564,568.25,549,551.2,551.25,560.47,5173213,2.89942E+14,77899,1694957,0.3276
09-07-2020,M&M,EQ,551.25,554,564.3,548.05,563,560.3,555.68,4123903,2.29158E+14,97132,1256869,0.3048
10-07-2020,M&M,EQ,560.3,555.3,568.95,552,554.8,554.85,559.12,5752463,3.21632E+14,87823,1284257,0.2233
13-07-2020,M&M,EQ,554.85,560,560.5,549.2,553.5,555.85,555.15,3167393,1.75836E+14,74671,810945,0.256
14-07-2020,M&M,EQ,555.85,553,553.95,538,543.75,545.2,546.65,3097320,1.69315E+14,48728,797335,0.2574
15-07-2020,M&M,EQ,545.2,550,559.7,542.75,552.8,550.15,550.15,5671830,3.12036E+14,86619,1436751,0.2533
16-07-2020,M&M,EQ,550.15,547,574.5,542.55,568.95,570.9,565.8,11752682,6.64968E+14,144479,2957274,0.2516
17-07-2020,M&M,EQ,570.9,571.95,591.25,565.5,587.55,588.8,580.02,9124229,5.29225E+14,149055,2883606,0.316
20-07-2020,M&M,EQ,588.8,588.9,597.6,582.15,588.55,594,589.74,5771917,3.40395E+14,100916,1667335,0.2889
21-07-2020,M&M,EQ,594,592.85,597.5,585.5,588,588.3,591.97,3850519,2.2794E+14,87640,964308,0.2504
22-07-2020,M&M,EQ,588.3,588.6,612,582,590.45,592,597.04,11559026,6.90115E+14,134171,2386103,0.2064
23-07-2020,M&M,EQ,592,590.95,609,584.5,602.25,603.35,599.01,7606029,4.5561E+14,103358,1431316,0.1882
24-07-2020,M&M,EQ,603.35,594.1,600.95,590.1,599,598.7,595.66,3531712,2.1037E+14,57125,769020,0.2177
27-07-2020,M&M,EQ,598.7,598.15,600,588,588.55,594.4,593.76,3345207,1.98626E+14,39897,726555,0.2172
28-07-2020,M&M,EQ,594.4,591.6,625.8,588.75,620.5,620.35,612.39,10289451,6.30121E+14,131791,1597554,0.1553
29-07-2020,M&M,EQ,620.35,620,624.9,601,603.75,604.85,611.18,5182955,3.16769E+14,65494,1318059,0.2543
30-07-2020,M&M,EQ,604.85,606,614.8,596.25,599,598.35,602.85,4958327,2.98911E+14,65486,987398,0.1991
31-07-2020,M&M,EQ,598.35,599.9,610.85,592.15,610,606.45,602.28,3962668,2.38664E+14,55046,599582,0.1513
03-08-2020,M&M,EQ,606.45,610,620.5,594.2,597,597.15,606.65,5002825,3.03495E+14,68054,705416,0.141
04-08-2020,M&M,EQ,597.15,597.15,609.6,597.15,602,602.6,603.63,4889759,2.95162E+14,71901,1012382,0.207
05-08-2020,M&M,EQ,602.6,605.9,620,603.2,619,614.25,612.18,3834862,2.34762E+14,62676,1095044,0.2855
06-08-2020,M&M,EQ,614.25,618,618,605.55,610.75,609.65,609.79,3857563,2.3523E+14,67305,1035288,0.2684
07-08-2020,M&M,EQ,609.65,610.1,616.5,598.7,602.6,600.45,606.44,7679209,4.65696E+14,101527,1056342,0.1376
10-08-2020,M&M,EQ,600.45,605,640.8,605,629.9,628.9,630.5,12341776,7.78147E+14,158333,1628437,0.1319
11-08-2020,M&M,EQ,628.9,630,640.6,622.4,630.2,629.55,629.3,5128839,3.22756E+14,70505,1577974,0.3077
12-08-2020,M&M,EQ,629.55,628,648.6,624.35,634.3,634.95,639.82,8891691,5.68909E+14,143960,1779453,0.2001
13-08-2020,M&M,EQ,634.95,635.15,645.3,628.4,634,631.45,638.11,5773589,3.6842E+14,81306,1267647,0.2196
14-08-2020,M&M,EQ,631.45,634,637.85,607.55,610.8,614.45,624.74,3623116,2.26349E+14,56836,1028244,0.2838
17-08-2020,M&M,EQ,614.45,628,632,613.8,623.5,623.6,624.06,5687653,3.54946E+14,80790,1228314,0.216
18-08-2020,M&M,EQ,623.6,625,632.75,618.6,623.5,622.65,624.66,3989513,2.4921E+14,56819,1103115,0.2765
19-08-2020,M&M,EQ,622.65,627,631.9,622,623.9,623.9,626.15,2762496,1.72973E+14,37666,893032,0.3233
20-08-2020,M&M,EQ,623.9,620,623,610,612.8,612.05,615,3165828,1.94698E+14,57780,1024548,0.3236
21-08-2020,M&M,EQ,612.05,620,620.95,608,610.8,609.8,612.78,4191443,2.56845E+14,61667,965770,0.2304
24-08-2020,M&M,EQ,609.8,613,615.7,601,602.6,601.95,604.98,3708069,2.24332E+14,58046,1721908,0.4644
25-08-2020,M&M,EQ,601.95,605,612.4,601.5,611.6,609.35,606.78,4248591,2.57798E+14,74269,1092386,0.2571
26-08-2020,M&M,EQ,609.35,613,625.5,610.5,615.75,613.35,619.04,5814797,3.59961E+14,84966,1660820,0.2856
27-08-2020,M&M,EQ,613.35,619.15,639.3,615.6,639,636.75,630.56,7637643,4.81596E+14,110194,2267536,0.2969
28-08-2020,M&M,EQ,636.75,642.25,647,629.35,630.15,631.4,637.71,7811624,4.98152E+14,121417,2141550,0.2741
31-08-2020,M&M,EQ,631.4,637,640.5,602.1,605.55,606.9,617.3,5012806,3.09438E+14,93057,1898010,0.3786
01-09-2020,M&M,EQ,606.9,610,621.55,605,609.1,607.55,613.24,5572232,3.41711E+14,70542,1258375,0.2258
02-09-2020,M&M,EQ,607.55,608,645.9,602.05,644.05,642.75,626.54,7887162,4.94161E+14,117533,1848274,0.2343
03-09-2020,M&M,EQ,642.75,640.5,656,632,642.85,644.65,644.7,9194835,5.92793E+14,117310,1137200,0.1237
04-09-2020,M&M,EQ,644.65,629,649.8,626.3,631.7,632,639.93,5889149,3.76862E+14,100147,1298177,0.2204
07-09-2020,M&M,EQ,632,632.3,633.85,605.3,610.3,610.45,612.86,9388041,5.75355E+14,140059,2278854,0.2427
08-09-2020,M&M,EQ,610.45,611,624.5,605.3,608.2,608.6,614.86,6826136,4.19709E+14,92158,1010207,0.148
09-09-2020,M&M,EQ,608.6,606.8,617,597.4,613.95,613.9,608.78,6590533,4.01217E+14,87678,1013448,0.1538
10-09-2020,M&M,EQ,613.9,619.5,623.9,612.9,613.9,615.45,617.94,4699862,2.90422E+14,67284,1179877,0.251
11-09-2020,M&M,EQ,615.45,614.9,621.9,612.1,613,614.25,616.9,2838777,1.75124E+14,58874,587003,0.2068
14-09-2020,M&M,EQ,614.25,615,629.4,611.9,614.8,615.3,621.08,4921204,3.05647E+14,98372,1324660,0.2692
15-09-2020,M&M,EQ,615.3,619.25,624,611.95,614.35,613.45,616.45,3805649,2.34598E+14,42665,846488,0.2224
16-09-2020,M&M,EQ,613.45,616,649.8,616,638.05,639.45,640.41,18993400,1.21635E+15,245820,2941617,0.1549
17-09-2020,M&M,EQ,639.45,631,643.5,627.65,636.95,636.8,635.82,6363970,4.04633E+14,106350,1752966,0.2755
18-09-2020,M&M,EQ,636.8,640,659.4,634.55,654.95,654.15,651.13,13518215,8.80216E+14,146621,5183408,0.3834
21-09-2020,M&M,EQ,654.15,657,666.6,615.45,619.95,622.45,645.06,9301969,6.0003E+14,131548,1392397,0.1497
22-09-2020,M&M,EQ,622.45,622.45,624.25,603,617.5,615.8,613.17,5369370,3.29235E+14,80961,1082292,0.2016
23-09-2020,M&M,EQ,615.8,622.05,623.35,603.25,611.05,612.6,612.9,4116751,2.52314E+14,53632,911765,0.2215
24-09-2020,M&M,EQ,612.6,605,606.4,567.5,582,575.1,583.61,8991893,5.24775E+14,143913,2597567,0.2889
25-09-2020,M&M,EQ,575.1,583.9,595.45,576.6,592.1,592.3,586.25,5415792,3.17499E+14,84090,954891,0.1763
28-09-2020,M&M,EQ,592.3,595,618,593.1,614.2,615.25,608.27,5494528,3.34216E+14,82797,1126600,0.205
29-09-2020,M&M,EQ,615.25,615.25,626.5,603.1,611.85,613.2,612.92,5747565,3.52282E+14,73435,1255527,0.2184
30-09-2020,M&M,EQ,613.2,615.95,623,605.55,606.65,607.9,613.3,4990827,3.0609E+14,75366,907953,0.1819
01-10-2020,M&M,EQ,607.9,614.7,621.9,608.15,609.1,610.15,614.05,3842331,2.3594E+14,52876,714015,0.1858
05-10-2020,M&M,EQ,610.15,615,616.25,597.1,608.35,607,603.38,5977265,3.60656E+14,77122,1619095,0.2709
06-10-2020,M&M,EQ,607,611.6,633,609,628.5,627.4,626.86,9071955,5.68681E+14,110722,1998118,0.2203
07-10-2020,M&M,EQ,627.4,629.9,636.9,625,631.5,631.6,631.44,6086867,3.84352E+14,82756,1638002,0.2691
08-10-2020,M&M,EQ,631.6,634.15,640.95,627.6,635,634.15,633.49,4683786,2.96714E+14,67100,1462966,0.3123
09-10-2020,M&M,EQ,634.15,634.15,647.45,628.3,633,633.2,638.14,4972965,3.17343E+14,81081,1467838,0.2952
12-10-2020,M&M,EQ,633.2,637.9,639.7,630,634,634.4,634.71,3247642,2.06132E+14,45024,1160772,0.3574
13-10-2020,M&M,EQ,634.4,634.35,642,624.35,626,627.9,634.12,3769229,2.39015E+14,56764,1393632,0.3697
14-10-2020,M&M,EQ,627.9,623.4,627.8,616.3,622.8,623.85,622.2,2776984,1.72785E+14,48325,829514,0.2987
15-10-2020,M&M,EQ,623.85,620.95,633,614.1,615.2,617.3,625.04,3795307,2.3722E+14,52185,875168,0.2306
16-10-2020,M&M,EQ,617.3,617.5,623.95,602.05,607,606.65,612.16,4274914,2.61692E+14,58622,842880,0.1972
19-10-2020,M&M,EQ,606.65,612.7,614.5,595.2,598.05,597.45,602.32,3646303,2.19624E+14,61828,966872,0.2652
20-10-2020,M&M,EQ,597.45,597.4,609,590.3,602.7,602.25,602.47,4377774,2.63746E+14,63171,1207976,0.2759
21-10-2020,M&M,EQ,602.25,606.9,610.8,592.2,601.5,600.85,602.45,3684794,2.21989E+14,67840,1092618,0.2965
22-10-2020,M&M,EQ,600.85,599.8,606.95,594.1,605,604.35,600.9,3818892,2.29477E+14,65253,1343641,0.3518
23-10-2020,M&M,EQ,604.35,609.75,628,605.35,624.3,625.15,616.99,6421823,3.96218E+14,99883,1752534,0.2729
26-10-2020,M&M,EQ,625.15,624.95,625.85,594.6,595.9,597.15,609.55,4800537,2.92615E+14,75262,1798713,0.3747
27-10-2020,M&M,EQ,597.15,600.4,605,593.5,596.7,597.15,598.73,5712303,3.42013E+14,109694,2367961,0.4145
28-10-2020,M&M,EQ,597.15,599,613,594.2,605,604.15,604.59,6811118,4.1179E+14,95958,2480215,0.3641
29-10-2020,M&M,EQ,604.15,598.2,604.15,590.25,592.5,591.95,596.52,3680984,2.19579E+14,61542,1379214,0.3747
30-10-2020,M&M,EQ,591.95,592.55,601.75,586.8,594.75,594,594,4209087,2.50019E+14,59936,991840,0.2356
02-11-2020,M&M,EQ,594,592,599.9,589,594,596.05,594.86,4085120,2.43007E+14,65012,1562916,0.3826
03-11-2020,M&M,EQ,596.05,599.3,605.45,594,597,595.8,599.57,3669816,2.20032E+14,49826,1022011,0.2785
04-11-2020,M&M,EQ,595.8,597.8,603.65,592,597.2,596.8,597.3,2475177,1.47843E+14,42940,530358,0.2143
05-11-2020,M&M,EQ,596.8,603.3,607.4,599.25,602,602.1,602.98,3794240,2.28786E+14,60276,1903090,0.5016
06-11-2020,M&M,EQ,602.1,603,619.3,601.7,611.95,613.6,613.96,5908936,3.62786E+14,91685,1453625,0.246
09-11-2020,M&M,EQ,613.6,621,622,610.2,615.8,616.35,615.72,3819808,2.35193E+14,71895,1207942,0.3162
10-11-2020,M&M,EQ,616.35,622,627.7,611,622,619.95,619.47,7876161,4.87908E+14,115830,1699652,0.2158
11-11-2020,M&M,EQ,619.95,625,644.55,622.15,633.7,633.2,633.92,7561527,4.7934E+14,116110,1283698,0.1698
12-11-2020,M&M,EQ,633.2,633.05,654.4,629.5,634.05,632.7,639.33,6913788,4.42022E+14,91790,1806110,0.2612
13-11-2020,M&M,EQ,632.7,633.95,638.95,628.05,628.2,629.85,633.37,4107823,2.60179E+14,62194,1413629,0.3441
14-11-2020,M&M,EQ,629.85,634.5,634.5,629.85,631.6,631.35,631.75,295788,1.86865E+13,7374,89675,0.3032
17-11-2020,M&M,EQ,631.35,639,646,633.65,637,637.25,638.22,6173551,3.94007E+14,162897,3784199,0.613
18-11-2020,M&M,EQ,637.25,637.2,709.95,637,703.25,705.75,688.83,32986476,2.27222E+15,380722,7416755,0.2248
19-11-2020,M&M,EQ,705.75,699,728.4,692.3,701,703.9,712.19,15336768,1.09227E+15,210308,2476701,0.1615
20-11-2020,M&M,EQ,703.9,710,718.55,697.4,714.1,715.6,707.15,6730897,4.75973E+14,100102,1907196,0.2833
23-11-2020,M&M,EQ,715.6,716.4,720.75,699,705,705.45,705.55,4484068,3.16372E+14,72986,1646053,0.3671
24-11-2020,M&M,EQ,705.45,710,745.5,706.25,727,729.35,730.37,16121626,1.17748E+15,251960,4772304,0.296
25-11-2020,M&M,EQ,729.35,732,732.95,716,722,719.95,724.19,5423034,3.92731E+14,98354,1727516,0.3186
26-11-2020,M&M,EQ,719.95,722,736.8,720,729,728.5,728.36,6798860,4.95199E+14,106583,1667476,0.2453
27-11-2020,M&M,EQ,728.5,736.9,742.95,711,717.35,722,726.5,11302666,8.21138E+14,119903,5134572,0.4543
01-12-2020,M&M,EQ,722,736.4,736.5,708.05,732.6,734.55,724.26,5710611,4.13594E+14,82903,1895284,0.3319
02-12-2020,M&M,EQ,734.55,734,758,730.55,752.2,753.6,744.08,6337698,4.71574E+14,95542,1806186,0.285
03-12-2020,M&M,EQ,753.6,750.05,756.35,743.7,745,745.85,749.74,2957787,2.21758E+14,52639,1065283,0.3602
04-12-2020,M&M,EQ,745.85,749.1,764.45,743.2,749,750.55,752.9,5356456,4.03289E+14,73487,1850972,0.3456
07-12-2020,M&M,EQ,750.55,750,755.85,744.05,752.3,752.3,749.27,3525945,2.64188E+14,54044,1394911,0.3956
08-12-2020,M&M,EQ,752.3,753.35,764,743.55,754.85,754,753.67,4333519,3.26605E+14,103139,1832075,0.4228
09-12-2020,M&M,EQ,754,756.8,762.95,750.2,754,755,756.82,3213975,2.43239E+14,55382,1462921,0.4552
10-12-2020,M&M,EQ,755,745,754.95,731.05,736.7,736.15,739.2,3814006,2.8193E+14,56407,1462128,0.3834
11-12-2020,M&M,EQ,736.15,738.9,746.7,722.1,728,727.55,734.49,4197494,3.08302E+14,88609,1770322,0.4218
14-12-2020,M&M,EQ,727.55,731.65,737.4,710,712.75,711.7,718.99,4183639,3.00801E+14,87675,1290359,0.3084
15-12-2020,M&M,EQ,711.7,710,720,701,717.4,717.95,713.19,5495877,3.91963E+14,102963,1828068,0.3326
16-12-2020,M&M,EQ,717.95,737.1,746.25,726.2,731.45,731.95,736.83,11262389,8.29844E+14,169513,2314976,0.2055
17-12-2020,M&M,EQ,731.95,735.1,738.45,725.35,727.9,730.65,730.61,3630553,2.65253E+14,61575,1421407,0.3915
18-12-2020,M&M,EQ,730.65,726.1,737.95,722.55,734,733.6,732.69,6671658,4.88823E+14,73831,3179251,0.4765
21-12-2020,M&M,EQ,733.6,729,730,660.25,680.4,685.95,698.79,9130116,6.38003E+14,148947,3294483,0.3608
22-12-2020,M&M,EQ,685.95,688.8,699.35,667.3,697.7,695.05,687.09,7305751,5.01971E+14,170349,2457702,0.3364
23-12-2020,M&M,EQ,695.05,693,715,688.25,712,711.5,708.38,4383472,3.10518E+14,85168,1287491,0.2937
24-12-2020,M&M,EQ,711.5,712.5,722.55,700.1,711,710.9,709.89,3373695,2.39494E+14,68218,944838,0.2801
28-12-2020,M&M,EQ,710.9,715.4,718.8,707.3,710.7,710.95,712.04,2484872,1.76933E+14,47547,787924,0.3171
29-12-2020,M&M,EQ,710.95,714.5,717,704,706.9,707.05,707.96,2808820,1.98852E+14,74287,1241833,0.4421
30-12-2020,M&M,EQ,707.05,710,724.3,704.35,719,720.7,713.82,3219036,2.2978E+14,63378,1074919,0.3339
31-12-2020,M&M,EQ,720.7,719.75,725.55,713.5,721.05,720.6,719.82,3723205,2.68005E+14,85033,1265759,0.34
01-01-2021,M&M,EQ,720.6,725,744.75,723,731.8,732.45,737.58,9543128,7.03885E+14,141701,1418987,0.1487
04-01-2021,M&M,EQ,732.45,735,751,727.25,749,749.1,739.26,4547027,3.36143E+14,75632,1493934,0.3286
05-01-2021,M&M,EQ,749.1,748,748,730,739,740.1,736.81,3551554,2.61682E+14,89301,938403,0.2642
06-01-2021,M&M,EQ,740.1,741,746.45,730.45,733,736.1,739.57,3601608,2.66365E+14,86314,984102,0.2732
07-01-2021,M&M,EQ,736.1,743,755,740.1,744,744.4,748.05,4063641,3.0398E+14,82407,1195859,0.2943
08-01-2021,M&M,EQ,744.4,750,772.8,745,767,770.5,763.38,5998381,4.57905E+14,124731,2250194,0.3751
11-01-2021,M&M,EQ,770.5,773.05,791.4,763.2,788.3,789.1,780.01,6643610,5.18207E+14,110656,1754302,0.2641
12-01-2021,M&M,EQ,789.1,789.95,796.75,777.4,779.3,779.85,785.66,5532160,4.34639E+14,94202,1634132,0.2954
13-01-2021,M&M,EQ,779.85,784.6,837.5,782.25,824,828.35,820.15,19610461,1.60835E+15,267325,4445386,0.2267
14-01-2021,M&M,EQ,828.35,828.9,843.85,827.35,829.4,829.9,833.55,8576718,7.14909E+14,123976,2790626,0.3254
15-01-2021,M&M,EQ,829.9,828,838,815.35,820.3,819.65,824.33,4996951,4.11912E+14,102732,2237085,0.4477
18-01-2021,M&M,EQ,819.65,817.9,820.8,797.15,800.05,809,810.89,3955069,3.20712E+14,76032,1338336,0.3384
19-01-2021,M&M,EQ,809,810,819.6,801.55,808.6,808.05,809.88,3991167,3.23238E+14,73501,1151509,0.2885
20-01-2021,M&M,EQ,808.05,807,831.95,802,822,824.5,819.32,4502291,3.68884E+14,98933,1165867,0.2589
21-01-2021,M&M,EQ,824.5,823,835,800.3,811.95,808.25,824.06,4455107,3.67127E+14,103684,1357645,0.3047
22-01-2021,M&M,EQ,808.25,808,826.7,795,798,798.4,810.65,5588252,4.53014E+14,104048,1799399,0.322
25-01-2021,M&M,EQ,798.4,802.1,812.95,784.25,795.95,794.55,795.27,3353172,2.66668E+14,80262,1031694,0.3077
27-01-2021,M&M,EQ,794.55,797,817,763.4,765.15,769.95,794.22,6585102,5.23001E+14,143137,1644920,0.2498
28-01-2021,M&M,EQ,769.95,758,778.1,756.1,764.85,765,765.25,4622634,3.53749E+14,137863,1924067,0.4162
29-01-2021,M&M,EQ,765,772.55,799.95,746,753,749.6,773.41,8761073,6.77591E+14,141358,2874263,0.3281
01-02-2021,M&M,EQ,749.6,753,808.85,741.55,795.9,795.15,783.02,6592083,5.16171E+14,117679,1732811,0.2629
02-02-2021,M&M,EQ,795.15,810,837.4,802.6,820,816.85,821.75,5334431,4.38357E+14,109265,1486275,0.2786
03-02-2021,M&M,EQ,816.85,821,858.9,818,834.05,833.2,844.86,8802838,7.43718E+14,158795,2427971,0.2758
04-02-2021,M&M,EQ,833.2,835,893.55,835,868,866.5,873.14,14706560,1.28408E+15,275270,2015081,0.137
05-02-2021,M&M,EQ,866.5,879.9,881.7,841.2,862.85,865.5,860.91,15668083,1.34889E+15,276241,2269089,0.1448
08-02-2021,M&M,EQ,865.5,891,952.05,891,929.5,928.4,929.21,21179625,1.96803E+15,384902,3298612,0.1557
09-02-2021,M&M,EQ,928.4,929.5,939,885.2,899.05,895,907.2,9210613,8.35588E+14,201549,2353198,0.2555
10-02-2021,M&M,EQ,895,899,917,886.1,915,914.15,904.39,6465767,5.84755E+14,135337,1113826,0.1723
11-02-2021,M&M,EQ,914.15,916.45,920.05,902.35,918.95,914.2,911.04,3640848,3.31696E+14,81340,1048724,0.288
12-02-2021,M&M,EQ,914.2,916,918.55,905,906.85,908.55,910.92,2484145,2.26285E+14,55757,581042,0.2339
15-02-2021,M&M,EQ,908.55,910.9,920,898.25,909.8,911.85,913.43,4178613,3.81686E+14,101506,840608,0.2012
16-02-2021,M&M,EQ,911.85,915,921.75,902.1,912.3,912.2,913.39,4223635,3.85784E+14,89139,1151495,0.2726
17-02-2021,M&M,EQ,912.2,905,920.15,904.6,913.8,914.95,913.91,3903522,3.56749E+14,75200,1251933,0.3207
18-02-2021,M&M,EQ,914.95,914.95,914.95,891.65,895,894.45,899.71,4616205,4.15326E+14,83021,2319855,0.5025
19-02-2021,M&M,EQ,894.45,890,905.65,862.85,881.45,879.25,887.51,5171996,4.59019E+14,94543,1446972,0.2798
22-02-2021,M&M,EQ,879.25,880,882.5,833.1,838.2,837.1,846.41,5960870,5.04534E+14,172141,2390747,0.4011
23-02-2021,M&M,EQ,837.1,842.1,856.95,819.1,838.6,840.95,839.65,7348084,6.16981E+14,124750,1805806,0.2458
24-02-2021,M&M,EQ,840.95,841.1,855.9,840,848,849.6,849.2,3184114,2.70394E+14,53001,1532993,0.4815
25-02-2021,M&M,EQ,849.6,853.1,866.6,842.05,859.1,859,857.27,6134649,5.25906E+14,108180,3419427,0.5574
26-02-2021,M&M,EQ,859,848.05,856.65,798.5,804.9,806.4,816.75,12073749,9.86118E+14,204735,6448788,0.5341
01-03-2021,M&M,EQ,806.4,821,852.7,816.2,819,819.45,834.62,9223619,7.69825E+14,168656,2428955,0.2633
02-03-2021,M&M,EQ,819.45,832.95,868,820.05,857,860.05,851.29,9706013,8.26264E+14,158577,2708038,0.279
03-03-2021,M&M,EQ,860.05,866.95,868,847.05,851.45,852.05,854.47,5028771,4.29695E+14,93878,1933442,0.3845
04-03-2021,M&M,EQ,852.05,841.85,858.3,834.8,844.9,845.25,848.12,4574138,3.87942E+14,97622,1466299,0.3206
05-03-2021,M&M,EQ,845.25,840,860.75,838.35,839.6,840.4,849.2,5179108,4.3981E+14,94706,1891416,0.3652
08-03-2021,M&M,EQ,840.4,847.95,857.35,840,848.7,851,849.33,3474579,2.95106E+14,64819,1420538,0.4088
09-03-2021,M&M,EQ,851,853,865.7,842,849.6,852,854.47,3536262,3.02162E+14,62103,1329313,0.3759
10-03-2021,M&M,EQ,852,856.4,875,849,861.4,863.8,859.76,3971353,3.41441E+14,96468,1095463,0.2758
12-03-2021,M&M,EQ,863.8,869.5,876.2,844.15,859.45,855.8,861.94,4012449,3.45848E+14,84366,1585576,0.3952
15-03-2021,M&M,EQ,855.8,862,862,824,845.5,844.4,838.32,3069343,2.57309E+14,73054,1066123,0.3473
16-03-2021,M&M,EQ,844.4,852,856.5,840,844.25,842.85,845.72,2996797,2.53445E+14,80571,1204064,0.4018
17-03-2021,M&M,EQ,842.85,847.6,851.35,833.7,837.8,836.95,842.28,2034583,1.71369E+14,48959,636858,0.313
18-03-2021,M&M,EQ,836.95,842,860.55,834,844.75,845.65,849.21,5033325,4.27437E+14,109462,1767745,0.3512
19-03-2021,M&M,EQ,845.65,839.95,860,820.55,857.3,850.3,841.11,7538327,6.3406E+14,105525,4837074,0.6417
22-03-2021,M&M,EQ,850.3,849.8,859.35,832.15,851.05,853.05,846.59,2906300,2.46045E+14,88372,1119705,0.3853
23-03-2021,M&M,EQ,853.05,859.95,865,841.5,842,844.65,855.25,3925212,3.35703E+14,101772,1465280,0.3733
24-03-2021,M&M,EQ,844.65,836.25,845,808.6,813,811.4,823.26,4066262,3.34761E+14,92887,1611554,0.3963
25-03-2021,M&M,EQ,811.4,811.8,814,788.1,793.35,791.7,799.99,4501404,3.60108E+14,116184,1535516,0.3411
26-03-2021,M&M,EQ,791.7,799.85,814.65,792.15,796,799.35,806.28,4170972,3.36297E+14,79081,1984467,0.4758
30-03-2021,M&M,EQ,799.35,805.55,805.55,783,798.2,795,792.35,5671140,4.4935E+14,115389,2574339,0.4539
31-03-2021,M&M,EQ,795,795.1,805.75,790.1,793,795.25,796.41,3972382,3.16364E+14,89584,1969227,0.4957
01-04-2021,M&M,EQ,795.25,801.5,809.8,779.75,806.9,807.6,793.92,5678798,4.50854E+14,105433,2093721,0.3687
05-04-2021,M&M,EQ,807.6,808.3,808.8,769.25,775.95,774.45,779.29,4176802,3.25494E+14,80941,1662146,0.3979
06-04-2021,M&M,EQ,774.45,784,791.6,775,781.9,781.1,782.71,2984229,2.33579E+14,66945,595239,0.1995
07-04-2021,M&M,EQ,781.1,781.3,798.6,775.4,797.2,796.3,789.99,2271095,1.79413E+14,46177,802895,0.3535
08-04-2021,M&M,EQ,796.3,802,811,793,794,795.15,802.61,3324494,2.66828E+14,75927,1285176,0.3866
09-04-2021,M&M,EQ,795.15,795,801,785,790.7,791.15,792.67,2065092,1.63694E+14,57727,513650,0.2487
12-04-2021,M&M,EQ,791.15,779,779,738.55,750.55,751.5,754.12,4628388,3.49037E+14,153890,1692201,0.3656
13-04-2021,M&M,EQ,751.5,754,817,750.8,810,811.25,794.88,12501628,9.93735E+14,226756,3226959,0.2581
15-04-2021,M&M,EQ,811.25,805,808.9,785.15,805.1,805.1,797.75,5256004,4.19295E+14,135199,1453659,0.2766
16-04-2021,M&M,EQ,805.1,805.1,837.85,803.2,819.8,821.65,826.52,6915568,5.71585E+14,163099,2231752,0.3227
19-04-2021,M&M,EQ,821.65,785.1,807,785.1,796,794.95,797.86,4317341,3.44463E+14,141450,1941386,0.4497
20-04-2021,M&M,EQ,794.95,808,821.2,800.55,811,811.15,809.77,4830957,3.91195E+14,86938,1880811,0.3893
22-04-2021,M&M,EQ,811.15,795,804.85,785.5,798,799.7,793.91,4576665,3.63344E+14,137621,1616630,0.3532
23-04-2021,M&M,EQ,799.7,796,805.6,774.1,779.5,777.9,784.69,4796085,3.76342E+14,104824,1837308,0.3831
26-04-2021,M&M,EQ,777.9,780,793.3,775.65,779.8,780.5,782.35,3528851,2.76078E+14,87675,1196409,0.339
27-04-2021,M&M,EQ,780.5,781,787.95,777,778.95,778.4,780.97,3624649,2.83075E+14,89345,1805342,0.4981
28-04-2021,M&M,EQ,778.4,786,801.6,778.85,780.5,782.1,791.37,5214319,4.12648E+14,135922,2106168,0.4039
29-04-2021,M&M,EQ,782.1,788,792.05,768.6,774.2,774.6,777.24,3642323,2.83098E+14,96454,1341136,0.3682
30-04-2021,M&M,EQ,774.6,768.4,778.4,750.45,753.05,752.55,762.26,4466148,3.40437E+14,118997,2154503,0.4824
